brand,model,screen_size,color,harddisk,cpu,ram(GB),OS,special_features,graphics,graphics_coprocessor,cpu_speed,rating,price,currency_symbol,harddisk_new_GB
rokc,,14.0,Blue,1000 GB,Intel Core i7,8,Windows 11,,Integrated,Intel,1.2 GHz,,589.99,$,1000.0
hp,,15.0,Silver,1000 GB,Intel Core i5,64,Windows 11 Pro,Backlit Keyboard,Integrated,Intel,,4.5,999.99,$,1000.0
apple,MacBook Air,13.0,Silver,256 GB,Unknown,8,Mac OS,Backlit Keyboard,Integrated,,,4.8,689.99,$,256.0
apple,MacBook Air,15.0,Midnight,256 GB,Unknown,8,Mac OS,,Integrated,,,4.8,1144.48,$,256.0
acer,A315-24P-R7VH,15.0,Silver,128 GB,Ryzen 3,8,Windows 11 S,Backlit Keyboard,Integrated,,,4.5,299.99,$,128.0
apple,MacBook Pro,13.0,Space Gray,256 GB,Unknown,8,Mac OS,Backlit Keyboard,Integrated,,,4.7,965.08,$,256.0
acer,CB315-3HT,15.0,Silver,64 GB,Celeron N4020,4,Chrome OS,Support Stylus,Integrated,,,4.4,239.99,$,64.0
asus,ROG Strix G16,16.0,Eclipse Gray,512 GB,Core i7,16,Windows 11 Home,Backlit Keyboard,Dedicated,,,4.4,1274.03,$,512.0
acer,A515-56-347N,15.0,Silver,128 GB,Core I3 1115G4,8,Windows 11 S,Amazon Alexa,Integrated,,,4.3,299.99,$,128.0
acer,AN515-58-57Y8,15.0,Black,512 GB,Core i5,16,Windows 11 Home,Backlit Keyboard,Dedicated,,,4.4,814.77,$,512.0
hp,Notebook,14.0,Grey,1 TB,Ryzen 3 3250U,16,Windows 11,Anti Glare Coating,Integrated,,,4.4,379.99,$,1024.0
rokc,,15.0,Blue,1152 GB,Pentium,20,Windows 11,,Integrated,Intel,1.1 GHz,5.0,389.99,$,1152.0
hp,,15.0,Black,1000 GB,Pentium N5000,16,Windows 11,,Integrated,Intel,1.1 GHz,4.4,459.99,$,1000.0
rokc,Ideapad 3,15.0,Gray,1000 GB,Intel Core i5,20,Windows 11,,Integrated,Intel,,,639.99,$,1000.0
acer,Nitro 17,17.0,Black,1 TB,AMD Ryzen 7,16,Windows 11 Home,"Backlit Keyboard, Memory Card Slot",Dedicated,,,4.4,1199.99,$,1024.0
hp,hp laptop,15.0,,1 TB,Intel Core i3,16,Windows 11 Home,Anti-glare,Integrated,Intel UHD Graphics,,4.2,473.0,$,1024.0
asus,FX506HF-ES51,15.0,Graphite Black,512 GB,Core i5,8,Windows 11 Home,Backlit Keyboard,Dedicated,,,4.5,699.99,$,512.0
msi,Thin GF63 12VE-066US,15.0,,512 GB,Core i7,16,Windows 11 Home,Anti Glare Coating,RTX 4050,,,4.5,938.0,$,512.0
lenovo,IdeaPad 3 81X800ENUS,15.0,Almond,256 GB,Core i3,20,Windows 11,Backlit Keyboard,Integrated,,,4.3,419.0,$,256.0
lenovo,IdeaPad Gaming 3,15.0,Onyx Grey,256 GB,Ryzen 5,8,Windows 11 Home,Anti Glare Coating,Dedicated,,,4.3,801.96,$,256.0
asus,ROG Strix G16,16.0,Eclipse Gray,1 TB,Intel Core i9,16,Windows 11 Home,Anti Glare Coating,Dedicated,,,4.5,1799.99,$,1024.0
hp,Chromebook 14a-na0226nr,14.0,Mineral Silver,64,Celeron,4,Chrome OS,Anti-Glare,Integrated,,,4.4,249.0,$,64.0
hp,TPN-I139_320M3AV,17.0,Silver,1 TB,Core i3 Family,32,Windows 11 Home,HD Audio,Integrated,,,4.6,510.0,$,1024.0
hp,i5 12th Gen 15-dy5399nr,15.0,Silver,512 GB,Core i5,16,Windows 11 Home,Micro-edge Bezel,Integrated,,,4.3,527.15,$,512.0
dell,Inspiron,16.0,Silver,1000 GB,Intel Core i5,32,Windows 11,,Integrated,Intel,,,899.99,$,1000.0
rokc,,14.0,Blue,1000 GB,Intel Core i7,8,Windows 11,,Integrated,Intel,1.2 GHz,,589.99,$,1000.0
hp,,15.0,Silver,1000 GB,Intel Core i5,64,Windows 11 Pro,Backlit Keyboard,Integrated,Intel,,4.5,999.99,$,1000.0
lenovo,IdeaPad,14.0,Grey,1 TB,Core i3 Family,20,Windows 11 Home,Dolby,Integrated,,,4.3,359.0,$,1024.0
hp,HP Chromebook,14.0,Gray,64 GB,Celeron N,4,Chrome OS,,Integrated,Intel UHD Graphics 600,,3.8,209.99,$,64.0
lenovo,Ideapad 3i,15.0,Arctic Grey,512 GB,Core i5,8,Windows 11 Pro,Anti Glare Coating,Integrated,,,4.5,637.35,$,512.0
dell,Inspiron,15.0,Black,1 TB,Celeron N4020,16,Windows 11 Home,Anti Glare Coating,Integrated,,,4.1,439.0,$,1024.0
acer,CP314-1H-P1Q5,14.0,Silver,128 GB,Pentium,8,Chrome OS,,Integrated,Intel UHD Graphics,,4.3,372.66,$,128.0
msi,Katana 15 B13VGK-484US,15.0,,1 TB,Core i7,16,Windows 11 Home,Anti Glare Coating,RTX 4070,NVIDIA GeForce RTX 4070,,4.3,1429.0,$,1024.0
lenovo,IdeaPad 3,14.0,Gray,128 GB,Core i3 Family,8,Windows 11 S,"Dolby,Narrow Bezel",Integrated,,,4.5,281.69,$,128.0
asus,ASUS Vivobook Go 15,15.0,Star Black,64 GB,Celeron,4,Windows 11 S,Thin-bezel,Integrated,,,4.1,236.47,$,64.0
hp,HP Laptop 15-ef2024nr,15.0,Natural silver,256 GB,Ryzen 3,8,Windows 11 Home,,Integrated,,,4.5,337.96,$,256.0
rokc,,15.0,Blue,1152 GB,Pentium,20,Windows 11,,Integrated,Intel,1.1 GHz,5.0,389.99,$,1152.0
hp,,15.0,Black,1000 GB,Pentium N5000,16,Windows 11,,Integrated,Intel,1.1 GHz,4.4,459.99,$,1000.0
rokc,Ideapad 3,15.0,Gray,1000 GB,Intel Core i5,20,Windows 11,,Integrated,Intel,,,639.99,$,1000.0
asus,UX5304VA-XS76T,13.0,Gray,1 TB,Core i7,32,Windows 11 Pro,Dolby,Integrated,,,4.3,1399.99,$,1024.0
asus,ROG Strix G15,15.0,Eclipse Gray,1 TB,AMD Ryzen 7,16,Windows 11 Home,Anti Glare Coating,Dedicated,,,4.6,1044.77,$,1024.0
lenovo,IdeaPad 3,15.0,Blue,64 GB,Celeron P4500,8,Chrome OS,Narrow,Integrated,,,4.2,294.29,$,64.0
acer,"2023 Newest Acer 15.6"" Chromebook",15.0,Silver,64 GB,Celeron N4020,4,Chrome OS,Anti-glare,Integrated,,,4.2,224.0,$,64.0
asus,Chromebook C425 Clamshell,14.0,Silver,128 GB,Celeron N4020,4,Chrome OS,"Anti-glare,Ultra-narrow Bezel",Integrated,,,4.3,225.82,$,128.0
lenovo,Flex 5,14.0,,256 GB,AMD Ryzen 5 5500U,16,Windows 11 Home,,Integrated,AMD Radeon R5,2.1 GHz,4.2,539.99,$,256.0
acer,A115-32-C96U,15.0,Silver,128 GB,Celeron N,4,Windows 11 S,,Integrated,Intel UHD Graphics,,4.3,229.99,$,128.0
asus,ROG Flow Z13,13.0,Black,1 TB,Core i9,16,Windows 11 Home,Stylus,Dedicated,,,4.4,1749.99,$,1024.0
hp,HP,15.0,Touchscreen,1 TB,Core i3-1115G4E,16,Windows 11 Home,,Integrated,Intel Iris Xe Graphics,,4.5,465.0,$,1024.0
asus,ROG Strix SCAR 16,16.0,Off Black,2 TB,Core i9,32,Windows 11 Pro,Anti Glare Coating,Dedicated,,,4.1,3349.0,$,2048.0
asus,ROG Strix SCAR 18,18.0,Black,2 TB,Intel Core i9,32,Windows 11 Pro,Anti Glare Coating,Dedicated,,,4.3,3899.0,$,2048.0
dell,Inspiron,16.0,Silver,1000 GB,Intel Core i5,32,Windows 11,,Integrated,Intel,,,899.99,$,1000.0
rokc,,14.0,Blue,1000 GB,Intel Core i7,8,Windows 11,,Integrated,Intel,1.2 GHz,,589.99,$,1000.0
hp,,15.0,Silver,1000 GB,Intel Core i5,64,Windows 11 Pro,Backlit Keyboard,Integrated,Intel,,4.5,999.99,$,1000.0
lg,17Z90Q-K.ADB9U1,17.0,Black,2 TB,Core i7,32,Windows 11 Home,Lightweight,Intel XE,,,4.3,1734.71,$,2048.0
asus,ROG Flow Z13,13.0,Acronym,1 TB,Core i9,32,Windows 11 Pro,,Dedicated,NVIDIA GeForce RTX 4070,,4.2,2499.99,$,1024.0
lenovo,Chromebook,11.0,Black,32 GB,MediaTek MT8183,4,Chrome OS,Anti-glare,Integrated,,,4.3,114.74,$,32.0
microsoft,Surface Laptop,15.0,Platinum,512 GB,Intel Core i7,16,Windows 11 Home,"Backlit Keyboard, Support Stylus",Integrated,,,4.4,1084.66,$,512.0
asus,TUF Dash 15 (2022),15.0,Off Black,512 GB,Core i7,16,Windows 11 Home,Backlit Keyboard,RTX 3060,,,4.5,1150.99,$,512.0
asus,TUF Gaming A15,15.0,Mecha Gray,1 TB,Ryzen 7,16,Windows 11 Home,,Dedicated,NVIDIA GeForce RTX 4050,,4.3,1149.0,$,1024.0
hp,14-dq0070nr,14.0,Pale rose gold,64 GB,Celeron N4020,4,Windows 11 S,Micro-edge Bezel,Integrated,,,4.3,199.99,$,64.0
asus,ROG Strix Scar 17,17.0,Off Black,1 TB,Ryzen 9,32,Windows 11 Pro,,Dedicated,NVIDIA GeForce RTX 4080,,4.1,2619.99,$,1024.0
acer,A3SP14-31PT-37NV,14.0,Silver,128 GB,Core i3,8,Windows 11 S,Pen,Integrated,,,4.5,426.64,$,128.0
rokc,,15.0,Blue,1152 GB,Pentium,20,Windows 11,,Integrated,Intel,1.1 GHz,5.0,389.99,$,1152.0
hp,,15.0,Black,1000 GB,Pentium N5000,16,Windows 11,,Integrated,Intel,1.1 GHz,4.4,459.99,$,1000.0
rokc,Ideapad 3,15.0,Gray,1000 GB,Intel Core i5,20,Windows 11,,Integrated,Intel,,,639.99,$,1000.0
asus,ASUS TUF Gaming F1,17.0,Graphite Black,512 GB,Core i5,8,Windows 11 Home,Numeric Keypad,RTX 3050,,,4.5,783.95,$,512.0
lenovo,IdeaPad Flex 5i Chromebook,13.0,Abyss Blue,128 GB,Core i3,8,Chrome OS,Anti Glare Coating,Integrated,,,4.4,479.0,$,128.0
hp,,15.0,Silver,1 TB,Intel Core i5,16,Windows 11,Anti-glare,Integrated,Intel UHD Graphics,,4.1,553.0,$,1024.0
dell,Dell Latitude,14.0,Black,512 GB,Core i7-8650U,16,Windows 10 Pro,TrackPoint,Integrated,,,4.0,399.0,$,512.0
dell,Inspiron,16.0,Silver,1000 GB,Intel Core i5,32,Windows 11,,Integrated,Intel,,,899.99,$,1000.0
rokc,,14.0,Blue,1000 GB,Intel Core i7,8,Windows 11,,Integrated,Intel,1.2 GHz,,589.99,$,1000.0
hp,,15.0,Silver,1000 GB,Intel Core i5,64,Windows 11 Pro,Backlit Keyboard,Integrated,Intel,,4.5,999.99,$,1000.0
acer,Swift Go 14,14.0,Silver,512 GB,Intel Core i7-1355U,16,Windows 11 Home,"Fingerprint Reader, Backlit Keyboard",Integrated,,,4.3,762.19,$,512.0
asus,VivoBook S 15,15.0,Midnight Black,1 TB,Core i9,16,Windows 11 Home,,Integrated,Intel Iris,,3.7,989.99,$,1024.0
apple,MacBook Pro,16.0,Space Gray,512 GB,ARM 7100,32,macOS 12 Monterey,,Integrated,M1 Pro,,4.7,1899.0,$,512.0
acer,Aspire 5,15.0,Silver,256 GB,AMD Ryzen 5 5500U,8,Windows 11,Backlit Keyboard,Integrated,,,4.4,488.94,$,256.0
apple,"2022 Apple MacBook Air M2, 16GB RAM, 512GB Storage - Midnight (Z160000B1)",13.0,,512 GB,Apple M1,16,macOS 12 Monterey,Fingerprint Reader,Integrated,Apple Integrated Graphics,,4.8,1459.94,$,512.0
hp,,14.0,Rose Gold,64 GB,Celeron N4000,16,Windows 11,,Integrated,Intel,1.1 GHz,4.7,389.99,$,64.0
samsung,NP754XFG-KB1US,15.0,Silver,16 GB,Core i7,16,Windows 11 Pro,,Integrated,Intel Iris Xe Graphics,,4.8,1099.99,$,16.0
microsoft,Surface Laptop Studio 2,14.0,Platinum,2 TB,Core i7-13700K,64,Windows 11 Home,Portable,NVIDIA® GeForce RTX™ 4060,,,,3699.99,$,2048.0
asus,Zenbook 15,15.0,Basalt Grey,1 TB,Ryzen 7,32,Windows 11 Home,Dolby,Integrated,,,4.3,1299.0,$,1024.0
rokc,,15.0,Blue,1152 GB,Pentium,20,Windows 11,,Integrated,Intel,1.1 GHz,5.0,389.99,$,1152.0
hp,,15.0,Black,1000 GB,Pentium N5000,16,Windows 11,,Integrated,Intel,1.1 GHz,4.4,459.99,$,1000.0
rokc,Ideapad 3,15.0,Gray,1000 GB,Intel Core i5,20,Windows 11,,Integrated,Intel,,,639.99,$,1000.0
apple,MacBook Pro,13.0,,256 GB,Apple M1,16,macOS 12 Monterey,,Integrated,,3.4 GHz,4.7,1457.99,$,256.0
hp,HP 15 scarlet red,15.0,Silver,1 TB,Celeron,16,Windows 11 Home,,Integrated,Intel UHD Graphics,,4.3,469.0,$,1024.0
gigabyte,G5 KF-E3US333SH,15.0,Black,512 GB,Core i5,8,Windows 11 Home,,Dedicated,NVIDIA GeForce RTX 4060,,4.0,879.99,$,512.0
asus,Vivobook 15X,15.0,Indie Black,1 TB,Ryzen 7,16,Windows 11 Home,,Integrated,AMD Radeon Graphics,,5.0,749.99,$,1024.0
acer,Chromebook Spin,11.0,Silver,64 GB,Celeron N4000,4,Chrome OS,,Integrated,intel,,4.5,226.0,$,64.0
dell,Inspiron,16.0,Silver,1000 GB,Intel Core i5,32,Windows 11,,Integrated,Intel,,,899.99,$,1000.0
rokc,,14.0,Blue,1000 GB,Intel Core i7,8,Windows 11,,Integrated,Intel,1.2 GHz,,589.99,$,1000.0
hp,,15.0,Silver,1000 GB,Intel Core i5,64,Windows 11 Pro,Backlit Keyboard,Integrated,Intel,,4.5,999.99,$,1000.0
asus,Zenbook Pro 14 Duo,14.0,Tech Black,1 TB,Core i9,32,Windows 11 Home,,Dedicated,NVIDIA GeForce RTX 4060,,4.0,2399.99,$,1024.0
asus,ASUS Chromebook C203XA,11.0,Grey,32 GB,MediaTek_MT8127,4,Chrome OS,Spill resistant,Integrated,,,4.3,184.62,$,32.0
msi,Stealth 17Studio A13VH-053US,17.0,,1 TB,Core i9,32,Windows 11 Home,Anti Glare Coating,RTX 4080,NVIDIA GeForce RTX 4080,,4.2,2793.89,$,1024.0
lenovo,Ideapad,15.0,Platinum Grey,256 GB,Intel Core i3,8,Windows 11 Home,Anti Glare Coating,Intel UHD Graphics,,,4.3,429.0,$,256.0
msi,MSI GF63,15.0,,512 GB,Core i5 Family,16,Windows 10 Home,Backlit Keyboard,Dedicated,Nvidia,,4.1,729.99,$,512.0
apple,"2022 Apple MacBook Air M2, 16GB RAM, 256GB Storage - Space Gray (Z15S000CT)",13.0,,256 GB,Apple M1,16,macOS 12 Monterey,,Integrated,,3.4,5.0,1255.94,$,256.0
hp,EliteBook 840,14.0,Silver,256 GB,Core i5 6200U,16,Windows 10 Pro,Anti Glare Coating,Integrated,,,4.0,1000.0,$,256.0
asus,ProArt StudioBook 16,16.0,,1 TB,Core i9,32,Windows 11 Home,,Dedicated,NVIDIA GeForce RTX 4070,5.6 GHz,3.7,2499.99,$,1024.0
rokc,,15.0,Blue,1152 GB,Pentium,20,Windows 11,,Integrated,Intel,1.1 GHz,5.0,389.99,$,1152.0
hp,,15.0,Black,1000 GB,Pentium N5000,16,Windows 11,,Integrated,Intel,1.1 GHz,4.4,459.99,$,1000.0
rokc,Ideapad 3,15.0,Gray,1000 GB,Intel Core i5,20,Windows 11,,Integrated,Intel,,,639.99,$,1000.0
samsung,Chromebook 4+,15.0,Silver,64 GB,Celeron N3450,4,Chrome OS,,Integrated,,1.1 GHz,4.4,205.0,$,64.0
hp,"HP 14"" Chromebook",14.0,Dale Gray,128 GB,Core i3,8,Chrome OS,High Quality,Integrated,,,3.9,265.99,$,128.0
acer,Aspire 5,15.0,Silver,128 GB,Ryzen 3 3350U,4,Windows 11,"Fingerprint Reader, Backlit Keyboard",Integrated,,,4.5,367.29,$,128.0
razer,Razer Blade 14,14.0,,1 TB,Ryzen 9 7900X,16,Windows 11 Home,,RTX 4070,NVIDIA GeForce RTX 4070,,4.3,2699.99,$,1024.0
asus,VivoBook 15,15.0,Slate Gray,128 GB,Core i3-1005G1,8,Windows 10 Home,"Backlit Keyboard,Fingerprint,Nanoedge Bezel",Integrated,,,4.5,379.0,$,128.0
acer,PH16-71-74UU,16.0,Black,1 TB,Intel Core i7,16,Windows 11 Home,"Backlit Keyboard, Memory Card Slot",Dedicated,,,4.5,1649.99,$,1024.0
asus,ASUS ROG Zephyrus Duo 16,16.0,Black,1000 GB,Ryzen 7,16,Windows 11 Home,Anti Glare Coating,RTX 3060,,,4.3,1589.99,$,1000.0
asus,Vivobook Pro 15,15.0,Quiet Blue,1 TB,Ryzen 9,32,Windows 11 Home,,Dedicated,NVIDIA GeForce RTX 4060,,4.6,1399.99,$,1024.0
dell,XPS9310-7321WHT-SUS,13.0,White,512 GB,Core i7 Family,16,Windows 11 Home,"Fingerprint Reader, Backlit Keyboard",Integrated,,,4.1,1229.99,$,512.0
dell,Dell G15 5520,15.0,Shadow Grey,512 GB,Core i7 Family,16,Windows 11 Home,,Dedicated,,,4.2,1129.99,$,512.0
rokc,,14.0,Blue,1000 GB,Intel Core i7,8,Windows 11,,Integrated,Intel,1.2 GHz,,589.99,$,1000.0
hp,,15.0,Silver,1000 GB,Intel Core i5,64,Windows 11 Pro,Backlit Keyboard,Integrated,Intel,,4.5,999.99,$,1000.0
rokc,,14.0,Blue,1000 GB,Intel Core i7,8,Windows 11,,Integrated,Intel,1.2 GHz,,589.99,$,1000.0
hp,,15.0,Silver,1000 GB,Intel Core i5,64,Windows 11 Pro,Backlit Keyboard,Integrated,Intel,,4.5,999.99,$,1000.0
asus,Vivobook 14,14.0,Quiet Blue,256 GB,Core i5,8,Windows 11 Home,,Integrated,Intel Iris,,4.4,479.99,$,256.0
hp,HP Chromebook,16.0,Chalkboard Gray,32 GB,AMD A Series,4,Chrome OS,Backlit Keyboard,Dedicated,,,4.3,94.98,$,32.0
lg,17Z90R-A.ADB9U1,17.0,Black,2 TB,Intel Core i7,32,Windows 11 Home,,Dedicated,NVIDIA RTX3050,,3.7,2296.99,$,2048.0
asus,Vivobook 16X,16.0,Indie Black,1 TB,Core i9,32,Windows 11 Home,"Fingerprint Reader, HD Audio, Spill resistant, High Definition Audio, Anti Glare Coating","Integrated, Dedicated",,,3.5,1699.99,$,1024.0
asus,VivoBook Pro 16,16.0,Quiet Blue,1 TB,Core i9,16,Windows 11 Home,,Dedicated,NVIDIA GeForce RTX 4060,,4.0,1484.99,$,1024.0
dell,Latitude 5000,14.0,Black,512 GB,Core i5,16,Windows 11 Pro,"Anti-glare Screen, Water Resistant",Iris Xe Graphics,,,4.8,1666.4,$,512.0
hp,HP 15,15.0,Silver,256 GB,Core i5,12,Windows 11 S,"Touchscreen Laptop, Windows Laptop, i5 Laptop",Integrated,,,4.4,503.58,$,256.0
rokc,,15.0,Blue,1152 GB,Pentium,20,Windows 11,,Integrated,Intel,1.1 GHz,5.0,389.99,$,1152.0
hp,,15.0,Black,1000 GB,Pentium N5000,16,Windows 11,,Integrated,Intel,1.1 GHz,4.4,459.99,$,1000.0
rokc,Ideapad 3,15.0,Gray,1000 GB,Intel Core i5,20,Windows 11,,Integrated,Intel,,,639.99,$,1000.0
microsoft,Surface Laptop Go 2,12.0,Platinum,256 GB,Intel Core i5,8,Windows 11 Home,Fingerprint Reader,Integrated,,,4.4,529.0,$,256.0
hp,,14.0,Rose Gold,64 GB,Celeron N,8,Windows 11,Anti Glare Coating,,Intel HD Graphics 600,1.1 GHz,4.1,299.0,$,64.0
lenovo,"Lenovo 14"" Laptop",14.0,Blue,512 GB,Intel Core i7,16,Windows 11,"Backlit Keyboard,Fingerprint Reader",Integrated,,,3.7,535.99,$,512.0
lenovo,L14,14.0,Platinum Grey,128 GB,Pentium,4,Windows 11 S,,Integrated,Intel UHD Graphics 605,,4.0,191.87,$,128.0
msi,GF63 Thin,15.0,Black,256 GB,Unknown,8,Windows 10,Anti Glare Coating,Dedicated,,,4.6,600.51,$,256.0
apple,MacBook Pro,16.0,Space Gray,1 TB,Others,32,Mac OS,Backlit Keyboard,Dedicated,,,3.0,3059.0,$,1024.0
asus,ASUS Chromebook CX1,15.0,Silver,64 GB,Celeron N3350,8,Chrome OS,,Integrated,,2.4 GHz,4.1,247.05,$,64.0
dell,Inspiron,16.0,Silver,1000 GB,Intel Core i5,32,Windows 11,,Integrated,Intel,,,899.99,$,1000.0
rokc,,14.0,Blue,1000 GB,Intel Core i7,8,Windows 11,,Integrated,Intel,1.2 GHz,,589.99,$,1000.0
hp,,15.0,Silver,1000 GB,Intel Core i5,64,Windows 11 Pro,Backlit Keyboard,Integrated,Intel,,4.5,999.99,$,1000.0
acer,CP513-1H-S338,13.0,Silver,64 GB,Snapdragon,8,Chrome OS,Backlit Kb,Integrated,,,4.4,424.46,$,64.0
razer,Blade 16,16.0,Mercury,1 TB,Intel Core i9,32,Windows 11,,Dedicated,,,3.8,3611.89,$,1024.0
hp,HP ENVY,15.0,Black,1 TB,Ryzen 5,32,Windows 11,,Integrated,AMD Radeon Graphics,,4.3,685.0,$,1024.0
lg,16T90Q-K.AAG6U1,16.0,Green,512 GB,Core i5,16,Windows 11 Home,Lightweight,Intel XE,,,4.2,1284.93,$,512.0
hp,Pavilion x360,14.0,Natural Silver,256 GB,Core i5,8,Windows 10 Home,Backlit Keyboard,Integrated,,,4.5,570.0,$,256.0
hp,HP Laptop 17-cn0025nr,17.0,Natural silver,256 GB,Intel Core i5-1135G7,8,Windows 11 Home,"Anti Glare Coating, Memory Card Slot, Numeric Keypad",Integrated,,,4.5,576.99,$,256.0
lenovo,ThinkPad X1 Carbon Gen 11 Laptop PC,14.0,Touchscreen,1 TB,Core i7 Family,32,Windows 11 Pro,,Integrated,Intel Iris,,5.0,1949.99,$,1024.0
lg,16Z90RS-K.ADW8U1,16.0,Dynamic White,1 TB,Intel Core i7,32,Windows 11 Home,,Integrated,,5 GHz,4.3,1757.57,$,1024.0
hp,"HP 17.3""",17.0,,1 TB,Core i3,16,Windows 11,Anti-glare,Integrated,Intel UHD Graphics,,4.2,557.0,$,1024.0
rokc,,15.0,Blue,1152 GB,Pentium,20,Windows 11,,Integrated,Intel,1.1 GHz,5.0,389.99,$,1152.0
hp,,15.0,Black,1000 GB,Pentium N5000,16,Windows 11,,Integrated,Intel,1.1 GHz,4.4,459.99,$,1000.0
rokc,Ideapad 3,15.0,Gray,1000 GB,Intel Core i5,20,Windows 11,,Integrated,Intel,,,639.99,$,1000.0
msi,Vector GP77 13VG-096US,17.0,Cosmo Gray,1 TB,Core i9,32,Windows 11 Pro,,Dedicated,NVIDIA GeForce RTX 4070,,,1999.99,$,1024.0
lenovo,Thinkpad T480,14.0,Black,256 GB,Core i5,16,Windows 10 Pro,Fingerprint Reader,Integrated,,,4.1,219.0,$,256.0
asus,ProArt StudioBook 16,16.0,Mineral Black,32 GB,Core i9,32,Windows 11 Home,,Dedicated,NVIDIA GeForce RTX 4060,,2.5,2199.0,$,32.0
asus,Zenbook Pro 14 Duo,14.0,Tech Black,1 TB,Intel Core i9,32,Windows 11 Home,,Dedicated,NVIDIA GeForce RTX 4050,,4.1,2299.99,$,1024.0
asus,VivoBook 16,16.0,Indie Black,512 GB,Ryzen 5,8,Windows 11 Home,Fingerprint Sensor,Integrated,,,4.6,561.0,$,512.0
lenovo,"Lenovo 14"" Laptop",14.0,Gray,256 GB,Pentium,4,Windows 11,,Integrated,Intel,,4.2,181.99,$,256.0
msi,Vector GP68HX 13VH-098US,16.0,Cosmo Gray,1 TB,Core i9,16,Windows 11 Home,,Dedicated,NVIDIA GeForce RTX 4080,,5.0,2091.05,$,1024.0
asus,ASUS ZenBook Pro 16,16.0,Tech Black,2 TB,Core i9,32,Windows 11 Pro,Fingerprint reader,RTX 3060,,,4.2,2499.0,$,2048.0
dell,Inspiron,16.0,Silver,1000 GB,Intel Core i5,32,Windows 11,,Integrated,Intel,,,899.99,$,1000.0
rokc,,14.0,Blue,1000 GB,Intel Core i7,8,Windows 11,,Integrated,Intel,1.2 GHz,,589.99,$,1000.0
hp,,15.0,Silver,1000 GB,Intel Core i5,64,Windows 11 Pro,Backlit Keyboard,Integrated,Intel,,4.5,999.99,$,1000.0
asus,ASUS VivoBook Go 14,14.0,Quiet Blue,64 GB,Celeron,4,Windows 11 Home S,,Integrated,Intel UHD Graphics,,4.1,231.85,$,64.0
hp,HP Pavilion,14.0,Gold,256 GB,Intel Core i5-1135G7,8,Windows 11,Fingerprint Reader,Integrated,,,4.5,514.99,$,256.0
asus,ASUS ZenBook Pro Duo 15,15.0,Celestial Blue,1 TB,Core i9,32,Windows 10 Pro,Backlit Keyboard,RTX 3060,,,4.6,2849.0,$,1024.0
hp,,15.0,Silver,1000 GB,Intel Core i3,32,Windows 11,,Integrated,Intel,3 GHz,4.7,579.99,$,1000.0
asus,ASUS BR1100,11.0,Dark Grey,64 GB,Celeron,4,Windows 10 Pro,Anti Glare Coating,Integrated,,,4.1,279.99,$,64.0
lenovo,Lenovo Ideapad,15.0,Gray,256 GB,Intel Core i5-1135G7,12,Windows 11 Home,FHD Touch Screen,Integrated,,,4.3,561.99,$,256.0
lenovo,Lenovo Yoga 7i,16.0,Gray,256 GB,Intel Core i5,8,Windows 11 Home,Backlit Keyboard,Integrated,,,4.1,682.0,$,256.0
rokc,,15.0,Blue,1152 GB,Pentium,20,Windows 11,,Integrated,Intel,1.1 GHz,5.0,389.99,$,1152.0
hp,,15.0,Black,1000 GB,Pentium N5000,16,Windows 11,,Integrated,Intel,1.1 GHz,4.4,459.99,$,1000.0
rokc,Ideapad 3,15.0,Gray,1000 GB,Intel Core i5,20,Windows 11,,Integrated,Intel,,,639.99,$,1000.0
dell,Inspiron 14 5425,14.0,Pebble Green,512 GB,AMD Ryzen 7,8,Windows 11 Pro,Anti-glare,AMD Radeon Graphics,,,4.1,542.95,$,512.0
lenovo,ThinkPad,14.0,Black,512 GB,Intel Core i7,16,Windows 10 Pro,"Fingerprint Reader, HD Audio, Spill resistant, High Definition Audio, Anti Glare Coating",Integrated,,,4.2,1249.0,$,512.0
samsung,Galaxy Chromebook,13.0,Fiesta Red,256 GB,Core i5-10210U,8,Chrome OS,Support Stylus,Integrated,,,4.2,643.0,$,256.0
acer,CB317-1H-C6RK,17.0,Silver,128 GB,Celeron N,4,Chrome OS,Numeric Keypad,Integrated,,,3.5,328.67,$,128.0
dell,Inspiron 15 3530,15.0,Black,2 TB,Core i7 Family,64,Windows 11 Home,,Integrated,Intel Iris Xe Graphics,,4.2,1000.0,$,2048.0
dell,Inspiron,16.0,Silver,1000 GB,Intel Core i5,32,Windows 11,,Integrated,Intel,,,899.99,$,1000.0
rokc,,14.0,Blue,1000 GB,Intel Core i7,8,Windows 11,,Integrated,Intel,1.2 GHz,,589.99,$,1000.0
hp,,15.0,Silver,1000 GB,Intel Core i5,64,Windows 11 Pro,Backlit Keyboard,Integrated,Intel,,4.5,999.99,$,1000.0
lg,15Z90RT-K.ADB9U1,16.0,Neptune Blue,2 TB,Intel Core i7,32,Windows 11 Home,,Integrated,Intel Iris,,4.7,1899.0,$,2048.0
acer,A514-56M-576D,14.0,Gray,512 GB,Core i5,8,Windows 11 Home,Backlit Keyboard,Integrated,,,,499.99,$,512.0
dell,Inspiron 5620 Laptop,16.0,"Gray, Platinum Silver",1000 GB,Core i7,32,Windows 11 Pro,,Integrated,Intel Integrated Graphics,,,1020.33,$,1000.0
hp,17-cn0003dx,17.0,Silver,1000 GB,Intel Core i3,32,Windows 11,,Integrated,Intel,,4.0,619.99,$,1000.0
lenovo,e15,13.0,Black,256 GB,8032,8,Windows 10 Pro,Anti-glare,Integrated,,,4.5,799.0,$,256.0
dell,XPS 13 9315,13.0,Sky,1 TB,Core i7,32,Windows 11 Pro,"Backlit Kb,Fingerprint",Integrated,,,2.8,1126.85,$,1024.0
rokc,,14.0,Blue,1000 GB,Intel Core i7,8,Windows 11,,Integrated,Intel,1.2 GHz,,589.99,$,1000.0
hp,,15.0,Silver,1000 GB,Intel Core i5,64,Windows 11 Pro,Backlit Keyboard,Integrated,Intel,,4.5,999.99,$,1000.0
lenovo,82XQ001GUS,15.0,,256 GB,AMD Ryzen 3 2300X,8,Windows 11 Home,,Integrated,AMD Radeon 610M,2.4 GHz,5.0,499.0,$,256.0
lenovo,Lenovo ideapad Flex 5,14.0,Graphite Grey,256 GB,Ryzen 5 5500U,16,Windows 11,Fingerprint reader,Integrated,,,4.4,622.04,$,256.0
dell,Latitude,15.0,,256 GB,Core i5,8,Windows 11 Pro,Anti-glare Screen,Integrated,Intel,,5.0,748.47,$,256.0
rokc,,14.0,Blue,1000 GB,Intel Core i7,8,Windows 11,,Integrated,Intel,1.2 GHz,,589.99,$,1000.0
hp,,15.0,Silver,1000 GB,Intel Core i5,64,Windows 11 Pro,Backlit Keyboard,Integrated,Intel,,4.5,999.99,$,1000.0
asus,ASUS ZenBook Pro Duo 15,15.0,,1 TB,Core i7,16,,Nanoedge,RTX 3070Ti,NVIDIA GeForce RTX 3070,4.7 GHz,4.4,2499.99,$,1024.0
dell,XPS 13 9320,13.0,Platinum,1 TB,Core i7,16,Windows 11 Pro,"Backlit Kb,Fingerprint",Integrated,,,5.0,1305.17,$,1024.0
razer,Blade 15,15.0,Black with illuminated Razer Logo,1 TB,Intel Core i7 12800H,16,Windows 11 Home,Anti Glare Coating,RTX 3070 Ti,,,4.2,1659.68,$,1024.0
hp,HP Notebook 15-dy1731ms,15.0,Silver,128 GB,Intel Core i3,8,Windows 10,Stereo Speakers,Integrated,,,4.5,377.0,$,128.0
lenovo,Newest Flagship Lenovo Chromebook,14.0,Abyss Blue,64 GB,Cortex,4,Chrome OS,,Integrated,Integrated ARM Mali-G52 2EE MC2 GPU,,4.2,299.0,$,64.0
dell,Latitude 5530,15.0,Grey,1 TB,Core i5 Family,32,Windows 11 Pro,,Integrated,Intel Iris Xe Graphics,,5.0,939.99,$,1024.0
rokc,,14.0,Blue,1000 GB,Intel Core i7,8,Windows 11,,Integrated,Intel,1.2 GHz,,589.99,$,1000.0
hp,,15.0,Silver,1000 GB,Intel Core i5,64,Windows 11 Pro,Backlit Keyboard,Integrated,Intel,,4.5,999.99,$,1000.0
acer,AN16-41-R5KC,16.0,Black,1 TB,Ryzen 9,16,Windows 11 Home,"Backlit Keyboard, Memory Card Slot",Dedicated,,,5.0,1649.99,$,1024.0
asus,Zephyrus Duo,16.0,Black,2 TB,Ryzen 9,32,Windows 11 Pro,Anti Glare Coating,Dedicated,,,3.5,3849.99,$,2048.0
asus,ASUS Laptop L210,11.0,Star Black,64 GB,Celeron,4,Windows 11 S,,Integrated,,2.8 GHz,4.0,252.54,$,64.0
rokc,,14.0,Blue,1000 GB,Intel Core i7,8,Windows 11,,Integrated,Intel,1.2 GHz,,589.99,$,1000.0
hp,,15.0,Silver,1000 GB,Intel Core i5,64,Windows 11 Pro,Backlit Keyboard,Integrated,Intel,,4.5,999.99,$,1000.0
hp,Pavilion X360,14.0,Gold,256 GB,Core i5-1130G7,8,Windows 11 Home,Fingerprint Reader,Integrated,,,4.6,499.99,$,256.0
lg,16Z90Q-R.AAS8U1,16.0,Gray,1 TB,Core i7,16,Windows 11 Home,,RTX2050,Intel Iris Xe Graphics,,4.5,1612.99,$,1024.0
samsung,Samsung Chromebook,12.0,Light Titan,32 GB,Celeron,4,Chrome OS,Pen,Integrated,,,4.5,447.95,$,32.0
lenovo,IdeaPad,15.0,Grey,1 TB,Core i3,20,Windows 11 Home,Numeric Keypad,Integrated,,,4.4,487.0,$,1024.0
rokc,,14.0,Blue,1000 GB,Intel Core i7,8,Windows 11,,Integrated,Intel,1.2 GHz,,589.99,$,1000.0
hp,,15.0,Silver,1000 GB,Intel Core i5,64,Windows 11 Pro,Backlit Keyboard,Integrated,Intel,,4.5,999.99,$,1000.0
hp,6M0Z7UA#ABA,15.0,,512 GB,Intel Core i5-1135G7,16,Windows 11 Home,,Integrated,,2.4 GHz,4.3,520.0,$,512.0
lg,17Z90R-K.AAB8U1,17.0,Black,1 TB,Intel Core i7,16,Windows 11 Home,Anti-glare,Integrated,,,4.0,1399.99,$,1024.0
dell,Latitude,15.0,,512 GB,Core i7,16,Windows 11 Pro,Information Not Available,Integrated,,,5.0,1428.96,$,512.0
rokc,,14.0,Blue,1000 GB,Intel Core i7,8,Windows 11,,Integrated,Intel,1.2 GHz,,589.99,$,1000.0
hp,,15.0,Silver,1000 GB,Intel Core i5,64,Windows 11 Pro,Backlit Keyboard,Integrated,Intel,,4.5,999.99,$,1000.0
dell,Alienware X15 R2 Laptop,15.0,Lunar Light,512 GB,Core i7,16,Windows 11 Pro,,Dedicated,NVIDIA GeForce RTX 3060,,,1749.33,$,512.0
hp,HP Pavilion x360,14.0,Silver,512 GB,Core i5,8,Windows 11 Home,"Fingerprint Reader, Backlit Keyboard",Integrated,,,4.2,608.0,$,512.0
lg,16Z90R-A.ADB9U1,16.0,Black,2 TB,Intel Core i7,32,Windows 11 Home,Anti-glare,Dedicated,,,4.1,1896.99,$,2048.0
asus,TUF Gaming F15,15.0,Black,512 GB,Core i5,16,Windows 11 Home,,Dedicated,,4.5 GHz,4.3,999.0,$,512.0
asus,Vivobook,14.0,Grey,256 GB,Core i3,8,Windows 11,Backlit Keyboard,Intel UHD Graphics,,,4.4,357.5,$,256.0
msi,Pulse GL66,15.0,Black,512 GB,Core i7,16,Windows 11 Home,Anti Glare Coating,Integrated,,,4.5,1465.8,$,512.0
lg,16Z90RS-K.AAW7U1,16.0,White,1 TB,Intel Core i7,16,Windows 11 Home,,Integrated,,5 GHz,2.9,1799.0,$,1024.0
dell,Inspiron,15.0,Black,1000 GB,Intel Core i7,32,Windows 11,"Memory Card Slot, Numeric Keypad",Integrated,,,,949.99,$,1000.0
hp,Chromebook,14.0,Mineral Silver,32 GB,Celeron N,4,Chrome OS,Stereo Speakers,Integrated,,,4.5,150.0,$,32.0
lg,14Z90RS-K.ADW9U1,14.0,Dynamic White,1 TB,Intel Core i7,32,Windows 11 Home,,Integrated,,5 GHz,4.2,1796.99,$,1024.0
msi,Pulse 15 B13VGK-1262US,15.0,Black,1 TB,Core i7,32,Windows 11 Pro,,Dedicated,NVIDIA GeForce RTX 4070,,,1697.23,$,1024.0
rokc,,15.0,Blue,1152 GB,Pentium,20,Windows 11,,Integrated,Intel,1.1 GHz,5.0,389.99,$,1152.0
hp,,15.0,Black,1000 GB,Pentium N5000,16,Windows 11,,Integrated,Intel,1.1 GHz,4.4,459.99,$,1000.0
rokc,Ideapad 3,15.0,Gray,1000 GB,Intel Core i5,20,Windows 11,,Integrated,Intel,,,639.99,$,1000.0
dell,Alienware m15 R5 Ryzen Edition Laptop,15.0,Dark Side of the Moon,512 GB,AMD Ryzen 7,16,Windows 11 Home,Wifi & Bluetooth,Nvidia GeForce RTX 3060,,,4.0,1497.99,$,512.0
asus,Vivobook S 14 Flip OLED,14.0,Blue,1 TB,Ryzen 7 5800H,16,Windows 11 Home,"HD Audio, Fingerprint Reader, Backlit Keyboard, Support Stylus",Integrated,,,4.1,1099.99,$,1024.0
hp,HP Victus,15.0,Mica Silver,512 GB,Ryzen 5,16,Windows 11 Home,"144Hz Refresh Rate, Backlit Keyboard",GeForce RTX 2050,,,3.4,699.0,$,512.0
hp,HP,14.0,Ash Gray,64 GB,Celeron,4,Chrome OS,Numeric Keypad,Integrated,,,4.1,239.0,$,64.0
microsoft,Surface Laptop 4,13.0,,512 GB,Core i7,16,Windows 10 Pro,Backlit Keyboard,Integrated,Intel Iris Xe Graphics,,5.0,1198.99,$,512.0
lenovo,,14.0,,512 GB,Core i5,16,Windows 11 Home,"Backlit Keyboard,Fingerprint Reader,Stylus Pen",Integrated,Intel Iris Xe Graphics,1.3 GHz,3.8,689.0,$,512.0
dell,Latitude 7000,13.0,,512 GB,Core i5,16,Windows 11,"Anti-reflection, Anti-smudge, Anti-glare Screen",Iris Xe Graphics,Intel Iris Xe Graphics,,4.6,1680.56,$,512.0
dell,Inspiron,16.0,Silver,1000 GB,Intel Core i5,32,Windows 11,,Integrated,Intel,,,899.99,$,1000.0
rokc,,14.0,Blue,1000 GB,Intel Core i7,8,Windows 11,,Integrated,Intel,1.2 GHz,,589.99,$,1000.0
hp,,15.0,Silver,1000 GB,Intel Core i5,64,Windows 11 Pro,Backlit Keyboard,Integrated,Intel,,4.5,999.99,$,1000.0
asus,Asus,14.0,Black,64 GB,Celeron,4,Windows 10,Stereo Speakers,Integrated,,,4.2,129.99,$,64.0
acer,SFX14-51G-71Y1,14.0,Green,512 GB,Intel Core i7,16,Windows 11 Home,Backlit Keyboard,Dedicated,,,4.2,886.37,$,512.0
hp,Elitebook 840 G3,14.0,Silver,256 GB,Athlon,8,Windows 10 Pro,Speakers,Integrated,,,4.0,159.99,$,256.0
hp,HP Pavilion,15.0,Horizon Blue,1 TB,AMD Ryzen 7,32,Windows 11,,AMD Radeon Graphics,AMD Radeon Graphics,,4.1,732.0,$,1024.0
rokc,,14.0,Blue,1000 GB,Intel Core i7,8,Windows 11,,Integrated,Intel,1.2 GHz,,589.99,$,1000.0
hp,,15.0,Silver,1000 GB,Intel Core i5,64,Windows 11 Pro,Backlit Keyboard,Integrated,Intel,,4.5,999.99,$,1000.0
lenovo,Lenovo Ideapad 3,15.0,Platinum Grey,128 GB,Celeron N4000,4,Windows 10 Home,HD,Integrated,,,4.1,185.95,$,128.0
acer,CB314-1H-C884,14.0,Blue,64 GB,Celeron N,4,Chrome OS,,Integrated,Intel,,4.4,204.0,$,64.0
acer,A517-52-75N6,17.0,Silver,512 GB,Intel Core i7,16,Windows,Fingerprint Reader,Integrated,,,4.0,699.99,$,512.0
lenovo,Ideapad 3i,15.0,Gray,512 GB,Intel Core i5-1135G7,8,Windows 11,HD,Integrated,,,,485.0,$,512.0
dell,Latitude,15.0,,512 GB,Core i7,16,Windows 11 Pro,Information Not Available,Integrated,,,,1499.99,$,512.0
asus,TP470EA-AS34T,14.0,Indie Black,128 GB,Core i3,4,Windows 10 S,Fingerprint Reader,Integrated,,,4.3,460.48,$,128.0
lg,LG Gram,17.0,,512 GB,Core i7,16,Windows 11 Pro,,Integrated,Intel Iris Xe Graphics eligible Integrated,3.7 GHz,,1199.0,$,512.0
rokc,,14.0,Blue,1000 GB,Intel Core i7,8,Windows 11,,Integrated,Intel,1.2 GHz,,589.99,$,1000.0
hp,,15.0,Silver,1000 GB,Intel Core i5,64,Windows 11 Pro,Backlit Keyboard,Integrated,Intel,,4.5,999.99,$,1000.0
lenovo,,16.0,,1 TB,Intel Core i7,16,Windows 11 Home,"Backlit Keyboard,Fingerprint",Integrated,Intel Iris Xe Graphics,4.7 GHz,4.8,849.0,$,1024.0
lenovo,ideapad,14.0,Gray,64 GB,Celeron N4020,4,Windows 11,,Integrated,Intel,,4.2,220.69,$,64.0
acer,AN16-41-R1WE,16.0,Black,512 GB,AMD Ryzen 7,16,Windows 11 Home,"Backlit Keyboard, Memory Card Slot",Dedicated,,,5.0,1241.46,$,512.0
lenovo,ideapad3i-14-i5,14.0,Platinum Gray,512 GB,Core i5-10210U,8,Windows 11 Home,Narrow Bezel,Integrated,,,4.2,443.0,$,512.0
hp,"2023 Newest HP 14"" Chromebook",14.0,Modern Gray,64 GB,Celeron N,4,Chrome OS,,Integrated,Intel UHD Graphics 600,,4.2,225.0,$,64.0
panasonic,Panasonic Toughbook,14.0,Silver/Black,1 TB,Core i5,16,Windows 10,"Spill-resistant,Stereo",Integrated,,,3.6,655.96,$,1024.0
rokc,,14.0,Blue,1000 GB,Intel Core i7,8,Windows 11,,Integrated,Intel,1.2 GHz,,589.99,$,1000.0
hp,,15.0,Silver,1000 GB,Intel Core i5,64,Windows 11 Pro,Backlit Keyboard,Integrated,Intel,,4.5,999.99,$,1000.0
dell,Inspiron,15.0,,1 TB,Core i5,32,Windows 11 Pro,,Integrated,Intel UHD Graphics,2.4 GHz,5.0,689.65,$,1024.0
asus,"17.3"" Chromebook",17.0,Transparent Silver,64 GB,Pentium Other,4,Chrome OS,"Chiclet Keyboard, 1.5mm Key-travel , camera",Integrated,,,4.0,246.0,$,64.0
lenovo,Slim 7 82VB,16.0,Storm Grey,4 TB,Core i7 Family,32,Windows 11 Pro,"HD Audio, Backlit Keyboard, Memory Card Slot, Numeric Keypad",Dedicated,,,,1949.0,$,4096.0
hp,EliteBook 655 G9,15.0,,512 GB,Ryzen 5,16,Windows 10 Pro,Anti-glare Screen,Radeon Graphics,AMD Radeon Graphics,,5.0,1137.02,$,512.0
rokc,,14.0,Blue,1000 GB,Intel Core i7,8,Windows 11,,Integrated,Intel,1.2 GHz,,589.99,$,1000.0
hp,,15.0,Silver,1000 GB,Intel Core i5,64,Windows 11 Pro,Backlit Keyboard,Integrated,Intel,,4.5,999.99,$,1000.0
asus,CXB170CK,17.0,Silver,64 GB,Celeron,4,Chrome OS,Anti-glare,Integrated,,,4.5,247.36,$,64.0
acer,AN515-58-725A,15.0,Black,512 GB,Core i7,16,Windows 11 Home,Anti Glare Coating,Dedicated,,,4.6,1199.0,$,512.0
acer,Acer Aspire 3,15.0,Blue,512 GB,Ryzen 5,8,Windows 11 Home,,Integrated,AMD Radeon,,4.3,450.0,$,512.0
asus,S5402ZA-IS74,14.0,,512 GB,Core i7,12,Windows 11 Home,Anti-glare,Integrated,,2.3 GHz,3.8,689.49,$,512.0
asus,Rog Strix Scar G533Z,15.0,Off Black,4 TB,Intel Core i9,64,Windows 11 Pro,"HD Audio, Backlit Keyboard, Anti Glare Coating, Numeric Keypad",Dedicated,,,,2819.0,$,4096.0
asus,VivoBook S15,15.0,Indie Black,512 GB,Intel Core i7-1165G7,16,Windows 11,"Fingerprint Reader, HD Audio, Backlit Keyboard, Memory Card Slot, Anti Glare Coating",Integrated,,,5.0,901.56,$,512.0
asus,VivoBook Pro 16,16.0,Quiet Blue,512 GB,Core i9,16,Windows 11 Home,,Dedicated,NVIDIA GeForce RTX 4060,,4.0,1399.99,$,512.0
rokc,,14.0,Blue,1000 GB,Intel Core i7,8,Windows 11,,Integrated,Intel,1.2 GHz,,589.99,$,1000.0
hp,,15.0,Silver,1000 GB,Intel Core i5,64,Windows 11 Pro,Backlit Keyboard,Integrated,Intel,,4.5,999.99,$,1000.0
asus,ASUS Chromebook Flip CX3,14.0,AI Blue,512 GB,Intel Core i7,16,Chrome OS,"Backlit Keyboard,Stylus",Integrated,,,3.9,979.99,$,512.0
asus,VivoBook Pro 15,15.0,Blue,512 GB,Intel Core i7,16,Windows 11 Home,"Fingerprint Reader, HD Audio, Backlit Keyboard, Anti Glare Coating, Memory Card Slot",Dedicated,,,5.0,1259.99,$,512.0
samsung,Galaxy Book Go,14.0,Silver,128 GB,Snapdragon,4,Windows 11 Home,Anti Glare Coating,Integrated,,,4.3,345.0,$,128.0
msi,Summit E16Flip A13VFT-060US,16.0,Ink Black,2 TB,Core i7,32,Windows 11 Pro,Pen,Dedicated,,,,2198.99,$,2048.0
panasonic,CF-31 MK5,13.0,Silver/Black,240 GB,Core i5 5300U,8,Windows 10,Anti-glare,Integrated,,,4.1,420.0,$,240.0
rokc,,14.0,Blue,1000 GB,Intel Core i7,8,Windows 11,,Integrated,Intel,1.2 GHz,,589.99,$,1000.0
hp,,15.0,Silver,1000 GB,Intel Core i5,64,Windows 11 Pro,Backlit Keyboard,Integrated,Intel,,4.5,999.99,$,1000.0
dell,Latitude 5000,14.0,Gray,512 GB,Core i7,16,Windows 10 Pro,Anti-glare Screen,Iris Xe Graphics,,,4.8,1658.99,$,512.0
toughbook,Panasonic Toughbook,13.0,Silver,256 GB,Core i5 7200U,16,Windows 10 Pro,Backlit Keyboard,Integrated,,,4.8,1550.99,$,256.0
hp,HP ProBook,11.0,,128 GB,Celeron,4,Windows 10 Pro,,Integrated,Intel UHD Graphics 600,,4.1,245.0,$,128.0
asus,VivoBook Pro 16,16.0,Quiet Blue,1 TB,Core i9,16,Windows 11 Home,,Dedicated,NVIDIA GeForce RTX 4060,,3.0,1646.99,$,1024.0
dell,Latitude,15.0,,512 GB,Core i7,16,Windows 11 Pro,Anti-glare Screen,Integrated,Intel,,,1109.18,$,512.0
rokc,,14.0,Blue,1000 GB,Intel Core i7,8,Windows 11,,Integrated,Intel,1.2 GHz,,589.99,$,1000.0
hp,,15.0,Silver,1000 GB,Intel Core i5,64,Windows 11 Pro,Backlit Keyboard,Integrated,Intel,,4.5,999.99,$,1000.0
lenovo,"Lenovo Ideapad 1 (14"", intel)",14.0,Ice Blue,64 GB,Celeron N4020,4,Windows 11,Anti-glare Screen,Integrated,,,4.2,195.0,$,64.0
hp,1A1L3UA,15.0,,1 TB,Ryzen 3 3250U,4,Windows 10 Home,HD Audio,Integrated,AMD Radeon Graphics,,3.8,269.0,$,1024.0
dell,Latitude 5530 Laptop,15.0,Black,512 GB,Core i7,16,Windows 11 Pro,Backlit Keyboard,Integrated,,,5.0,1349.99,$,512.0
dell,Latitude 3000,14.0,Black,256 GB,Core i5 Family,8,Windows 10 Pro,Anti-glare Screen,Iris Xe Graphics,,,3.9,835.85,$,256.0
asus,ASUS Chromebook,12.0,Mineral Gray,32 GB,MediaTek MT8183,4,Chrome OS,,Integrated,Mali-G72 MP3,,4.2,278.97,$,32.0
rokc,,14.0,Blue,1000 GB,Intel Core i7,8,Windows 11,,Integrated,Intel,1.2 GHz,,589.99,$,1000.0
hp,,15.0,Silver,1000 GB,Intel Core i5,64,Windows 11 Pro,Backlit Keyboard,Integrated,Intel,,4.5,999.99,$,1000.0
dell,XPS 15 9520,15.0,,512 GB,Core i7,16,Windows 11 Pro,,Dedicated,NVIDIA GeForce RTX 3050,,4.8,1576.57,$,512.0
dell,Precision 7000,16.0,,512 GB,Core i7,32,Windows 11 Pro,Anti-glare Screen,RTX A1000,NVIDIA RTX A1000,,,2549.0,$,512.0
gigabyte,AORUS 17X AZF-C5US665SP,17.0,Black,2 TB,Core i9,32,Windows 11 Pro,Backlit Keyboard,Dedicated,,,5.0,3499.99,$,2048.0
hp,,14.0,Gold,1000 GB,Intel Core i5,32,Windows 11,,Integrated,Intel,2.4 GHz,3.3,729.99,$,1000.0
lenovo,"Lenovo Ideapad Gaming 3i 15""",15.0,Gray,512 GB,Core i7,8,Windows 11 Home,Anti Glare Coating,Dedicated,,,4.3,934.0,$,512.0
acer,Acer 315,15.0,Pure Silver,64 GB,1.2GHz Cortex A8 Processor,4,Chrome OS,,Integrated,Intel UHD Graphics 600,,4.3,129.99,$,64.0
rokc,,14.0,Blue,1000 GB,Intel Core i7,8,Windows 11,,Integrated,Intel,1.2 GHz,,589.99,$,1000.0
hp,,15.0,Silver,1000 GB,Intel Core i5,64,Windows 11 Pro,Backlit Keyboard,Integrated,Intel,,4.5,999.99,$,1000.0
lenovo,,13.0,Gray,64 GB,Others,4,Chrome OS,Stylus,Integrated,Integrated Card,,4.2,469.99,$,64.0
acer,Nitro 5,17.0,RGB Backlit,2 TB,Core i5,32,Windows 11 Home,Backlit Kb,Dedicated,,,4.5,1259.0,$,2048.0
asus,Rog Strix Scar G533Z,15.0,Off Black,1 TB,Intel Core i9,32,Windows 11 Pro,"HD Audio, Backlit Keyboard, Anti Glare Coating, Numeric Keypad",Dedicated,,,,2299.0,$,1024.0
rokc,,14.0,Blue,1000 GB,Intel Core i7,8,Windows 11,,Integrated,Intel,1.2 GHz,,589.99,$,1000.0
hp,,15.0,Silver,1000 GB,Intel Core i5,64,Windows 11 Pro,Backlit Keyboard,Integrated,Intel,,4.5,999.99,$,1000.0
dell,Latitude Rugged 5430 Laptop,14.0,Silver,1000 GB,Core i5,32,Windows 11 Pro,,Integrated,Intel Integrated Graphics,,,2023.03,$,1000.0
apple,MacBook Air,13.0,,256 GB,,8,Mac OS,,Integrated,,,4.0,1068.99,$,256.0
asus,Chromebook C423,14.0,Silver,64 GB,Celeron N,4,Chrome OS,"Anti-glare,Ultra-narrow Bezel",Integrated,,,4.9,283.55,$,64.0
panasonic,CF-53 MK4,14.0,Silver/Black,1 TB,Core i5 4310M,16,Windows 10 Pro,Spill-resistant,Integrated,,,3.6,658.94,$,1024.0
alienware,Alienware m15 R7,15.0,Black,512 GB,Core i7 Family,16,Windows 11 Home,Anti Glare Coating,Integrated,,,4.0,1599.0,$,512.0
dell,Precision 5770,17.0,,512 GB,Core i7 Family,32,Windows 11 Pro,Anti-glare,Dedicated,NVIDIA RTX A3000 12GB GDDR6,,5.0,2475.0,$,512.0
rokc,,15.0,Blue,1152 GB,Pentium,20,Windows 11,,Integrated,Intel,1.1 GHz,5.0,389.99,$,1152.0
hp,,15.0,Black,1000 GB,Pentium N5000,16,Windows 11,,Integrated,Intel,1.1 GHz,4.4,459.99,$,1000.0
rokc,Ideapad 3,15.0,Gray,1000 GB,Intel Core i5,20,Windows 11,,Integrated,Intel,,,639.99,$,1000.0
asus,Vivobook S 16 Flip,16.0,Midnight Black,512 GB,Ryzen 5,8,Windows 11 Home,Fingerprint Sensor,Integrated,,,4.1,699.99,$,512.0
samsung,Galaxy Book Pro,15.0,Silver,512 GB,Intel Core i7,16,Windows 10,HD Audio,Integrated,,,4.1,1177.42,$,512.0
hp,Laptop 15-ef0021nr,15.0,Natural Silver,256 GB,Ryzen 3 3200U,8,Windows 10 Home,,Integrated,AMD Radeon Vega 3,,4.4,346.9,$,256.0
asus,ASUS Chromebook CX9,14.0,Star Black,512 GB,Intel Core i7,16,Chrome OS,Stylus,Integrated,,,3.8,1211.99,$,512.0
hp,15-dy2035tg,15.0,Silver,256 GB,Core i3,8,Windows 10 S,"Anti-glare,Fingerprint Reader",Integrated,,,4.3,423.99,$,256.0
msi,Pulse 15 B13VFK-1263US,15.0,Black,1 TB,Core i7,32,Windows 11 Pro,,Dedicated,NVIDIA GeForce RTX 4060,,3.0,1499.0,$,1024.0
acer,SF514-56T-797T,14.0,Green,1 TB,Core i7,16,Windows 11 Home,,Integrated,Intel Iris Xe Graphics,,3.9,1406.88,$,1024.0
dell,Inspiron,16.0,Silver,1000 GB,Intel Core i5,32,Windows 11,,Integrated,Intel,,,899.99,$,1000.0
rokc,,14.0,Blue,1000 GB,Intel Core i7,8,Windows 11,,Integrated,Intel,1.2 GHz,,589.99,$,1000.0
hp,,15.0,Silver,1000 GB,Intel Core i5,64,Windows 11 Pro,Backlit Keyboard,Integrated,Intel,,4.5,999.99,$,1000.0
asus,VivoBook S15,15.0,Indie Black,512 GB,Intel Core i5-1135G7,8,Windows 10,Nanoedge Bezel,,Intel Iris Xe Graphics,,4.3,606.15,$,512.0
msi,Katana 15 B13VGK-1007US,15.0,Black,1 TB,Core i9,32,Windows 11 Home,,Dedicated,NVIDIA GeForce RTX 4070,,5.0,1899.0,$,1024.0
dell,Latitude,15.0,,256 GB,Core i5,16,Windows 11 Pro,Information Not Available,Integrated,,,,1038.43,$,256.0
lenovo,,16.0,,2 TB,Intel Core i5,40,Windows 11,"Backlit Keyboard,Fingerprint Reader",Integrated,Intel Iris Xe Graphics,4.4 GHz,4.7,1799.0,$,2048.0
lenovo,,14.0,,512 GB,Core i7,8,Windows 11 Pro,,Integrated,,1.7 GHz,,922.55,$,512.0
rokc,,14.0,Blue,1000 GB,Intel Core i7,8,Windows 11,,Integrated,Intel,1.2 GHz,,589.99,$,1000.0
hp,,15.0,Silver,1000 GB,Intel Core i5,64,Windows 11 Pro,Backlit Keyboard,Integrated,Intel,,4.5,999.99,$,1000.0
dell,Latitude 5340 Multi-Touch 2-in-1,13.0,,512 GB,Core i7,32,Windows 11 Pro,,Integrated,Intel Iris Xe Graphics,5.2 GHz,,1507.9,$,512.0
dell,Inspiron,15.0,,512 GB,Core i5,16,Windows 11 Pro,Anti-glare,Integrated,Intel UHD Graphics,,4.7,649.0,$,512.0
asus,TUF Dash 15 (2021),15.0,Eclipse Grey,512 GB,Core i7,8,Windows 10 Home,,RTX 3050 Ti,NVIDIA GeForce RTX 3050 Ti,,4.5,940.47,$,512.0
rokc,,14.0,Blue,1000 GB,Intel Core i7,8,Windows 11,,Integrated,Intel,1.2 GHz,,589.99,$,1000.0
hp,,15.0,Silver,1000 GB,Intel Core i5,64,Windows 11 Pro,Backlit Keyboard,Integrated,Intel,,4.5,999.99,$,1000.0
asus,Vivobook Pro 16X,16.0,Black,1 TB,Core i9,16,Windows 11 Home,,Dedicated,,5.6 GHz,4.2,1799.99,$,1024.0
apple,,16.0,,2 TB,Apple M2 Max,64,Mac OS,Backlit Keyboard,Integrated,,3.6 GHz,,4079.99,$,2048.0
msi,Modern 15 B7M-223US,15.0,Classic Black,1 TB,Ryzen 7,16,Windows 11 Pro,,Integrated,AMD Radeon Graphics,,5.0,799.0,$,1024.0
hp,ZBook Firefly 14 G9,14.0,,512 GB,Core i7,16,Windows 11 Pro,Anti-glare Screen,Iris Xe Graphics,Intel Iris Xe Graphics,,,1681.99,$,512.0
msi,Raider GE68HX,16.0,,1 TB,Intel Core i9,32,Windows 11 Home,,Dedicated,NVIDIA GeForce RTX 4060,,5.0,1743.0,$,1024.0
dell,PMTF1,16.0,,1 TB,Core i9,64,Windows 11 Pro,,Integrated,NVIDIA GeForce RTX 4000,2.2 GHz,,4762.76,$,1024.0
asus,Chromebook Detachable CM3,10.0,Mineral Gray,65 GB,MediaTek MT8183,4,Chrome OS,Stylus,Integrated,,,4.1,349.95,$,65.0
rokc,,15.0,Blue,1152 GB,Pentium,20,Windows 11,,Integrated,Intel,1.1 GHz,5.0,389.99,$,1152.0
hp,,15.0,Black,1000 GB,Pentium N5000,16,Windows 11,,Integrated,Intel,1.1 GHz,4.4,459.99,$,1000.0
rokc,Ideapad 3,15.0,Gray,1000 GB,Intel Core i5,20,Windows 11,,Integrated,Intel,,,639.99,$,1000.0
hp,Pavilion,14.0,Blue,256 GB,Core i3,8,Windows 11 S,,Integrated,Intel Iris Xe Graphics,,5.0,428.45,$,256.0
samsung,Wifi,14.0,Silver,32 GB,Celeron,8,Chrome OS,"Waterproof, Ruggedized, Military Grade",Integrated,,,4.1,349.99,$,32.0
asus,Vivobook 15X,15.0,Indie Black,512 GB,Ryzen 5,8,Windows 11 Home,,Integrated,,4.3 GHz,4.8,619.99,$,512.0
dell,Latitude,14.0,,256 GB,Core i5,16,Windows 11 Pro,Anti-glare,Integrated,,3 GHz,3.9,691.53,$,256.0
apple,,13.0,Space Gray,1 TB,,16,macOS 10.12 Sierra,,Integrated,,,,2778.0,$,1024.0
dell,Inspiron,16.0,Silver,1000 GB,Intel Core i5,32,Windows 11,,Integrated,Intel,,,899.99,$,1000.0
rokc,,14.0,Blue,1000 GB,Intel Core i7,8,Windows 11,,Integrated,Intel,1.2 GHz,,589.99,$,1000.0
hp,,15.0,Silver,1000 GB,Intel Core i5,64,Windows 11 Pro,Backlit Keyboard,Integrated,Intel,,4.5,999.99,$,1000.0
asus,Expertbook B9,14.0,Black,2 TB,Intel Core i7,32,Windows 11 Pro,"Fingerprint Reader, Backlit Keyboard, Anti Glare Coating, Numeric Keypad",Integrated,,,1.0,1947.99,$,2048.0
hp,14a-ca0022nr,14.0,Mineral Silver,64 GB,Pentium N5000,4,Chrome OS,HD Audio,Integrated,,,4.5,259.95,$,64.0
lenovo,20UXS06900,13.0,,32 GB,Athlon,4,Chrome OS,"Anti-glare,Narrow Bezel,Pen",Integrated,AMD Radeon Graphics,,4.5,245.0,$,32.0
rokc,,14.0,Blue,1000 GB,Intel Core i7,8,Windows 11,,Integrated,Intel,1.2 GHz,,589.99,$,1000.0
hp,,15.0,Silver,1000 GB,Intel Core i5,64,Windows 11 Pro,Backlit Keyboard,Integrated,Intel,,4.5,999.99,$,1000.0
gigabyte,AORUS 15X ASF-D3US754SH,15.0,Black,1 TB,Core i9,16,Windows 11 Home,,Dedicated,Intel Iris Xe Graphics,,4.1,2099.99,$,1024.0
lenovo,Lenovo ThinkPad T14,14.0,Black,1 TB,Core i7 Family,16,Windows 11 Pro,"Fingerprint Reader, Backlit Keyboard",Integrated,,,,1199.99,$,1024.0
lenovo,IdeaPad 3 15ITL6,15.0,Arctic Gray,512 GB,Core i5 Family,12,Windows 10 Home,Anti-glare Screen,Iris Xe Graphics,,,4.3,508.0,$,512.0
dell,DELL XPS 15 9520,15.0,Platinum Silver,4 TB,Core i7,64,Windows 11 Pro,"Fingerprint Reader, HD Audio, Backlit Keyboard, Anti Glare Coating, Numeric Keypad",Dedicated,,,,2013.5,$,4096.0
microsoft,Surface Pro,12.0,Platinum,256 GB,8032,8,Windows 10 Home,,Integrated,Intel Iris Plus,,4.4,624.99,$,256.0
dell,DELL XPS 15 9520,15.0,Platinum Silver,1 TB,Core i7,32,Windows 11 Pro,"Fingerprint Reader, HD Audio, Backlit Keyboard, Anti Glare Coating",Dedicated,,,2.3,1689.18,$,1024.0
rokc,,14.0,Blue,1000 GB,Intel Core i7,8,Windows 11,,Integrated,Intel,1.2 GHz,,589.99,$,1000.0
hp,,15.0,Silver,1000 GB,Intel Core i5,64,Windows 11 Pro,Backlit Keyboard,Integrated,Intel,,4.5,999.99,$,1000.0
dell,Latitude 9000,14.0,Titan Gray,512 GB,Core i7,16,Windows 10 Pro,,Iris Xe Graphics,Intel Iris Xe Graphics,,3.6,1029.99,$,512.0
hp,Pavilion,14.0,,128 GB,Ryzen 3 3250U,8,Windows 11,Anti-glare Screen,Integrated,AMD Radeon Graphics,,4.3,313.0,$,128.0
asus,Vivobook 15,15.0,Indie Black,512 GB,Ryzen 5,8,Windows 11 Home,,Integrated,,4.3 GHz,5.0,699.99,$,512.0
dell,V7620,16.0,Black,512 GB,Core i7 Family,16,Windows 11 Pro,Backlit Kb,Dedicated,,,,1161.11,$,512.0
asus,ASUS VivoBook 15,15.0,Slate Grey,128 GB,Ryzen 5 3500U,8,Windows 10 Home,Fingerprint reader,Integrated,,,4.5,548.0,$,128.0
rokc,,14.0,Blue,1000 GB,Intel Core i7,8,Windows 11,,Integrated,Intel,1.2 GHz,,589.99,$,1000.0
hp,,15.0,Silver,1000 GB,Intel Core i5,64,Windows 11 Pro,Backlit Keyboard,Integrated,Intel,,4.5,999.99,$,1000.0
lenovo,IdeaPad 3 15ITL05,15.0,Platinum Grey,256 GB,Core i3 Family,8,Windows 11,Anti-glare,Integrated,,,4.3,389.0,$,256.0
lenovo,Lenovo Chromebook Duet,10.0,Ice Blue + Iron Grey,64 GB,MediaTek Helio P60T,4,Chrome OS,,Integrated,integreted,,4.4,349.0,$,64.0
asus,Zenbook Pro 17,17.0,Black,512 GB,Ryzen 7,8,Windows 11 Home,"HD Audio, Fingerprint Reader, Backlit Keyboard, Anti Glare Coating, Memory Card Slot",Integrated,,,4.3,999.99,$,512.0
lg,14Z90R-N.APB7U1,14.0,Obsidian Black,1 TB,Core i7,16,Windows 11 Pro,,Integrated,Intel Iris Xe Graphics,,,1303.76,$,1024.0
dell,Precision 5000,15.0,Aluminum Titan Gray,512 GB,Core i7,32,Windows 10 Pro,"InfinityEdge, Anti-glare Screen",RTX A2000,,,2.0,2387.94,$,512.0
dell,Latitude 5000,15.0,Gray,256 GB,Core i5,16,Windows 10 Pro,Anti-glare Screen,Iris Xe Graphics,,,,1169.99,$,256.0
rokc,,14.0,Blue,1000 GB,Intel Core i7,8,Windows 11,,Integrated,Intel,1.2 GHz,,589.99,$,1000.0
hp,,15.0,Silver,1000 GB,Intel Core i5,64,Windows 11 Pro,Backlit Keyboard,Integrated,Intel,,4.5,999.99,$,1000.0
toughbook,CF-33 MK1,12.0,,256 GB,Intel Core i5,8,Windows 10 Pro,Backlit Keyboard,Integrated,Intel HD Graphics 520,,5.0,993.99,$,256.0
microsoft,Laptop 4 15 R7se/8GB/512GB Platinum,15.0,Platinum,512 GB,Ryzen 7,8,Windows 10 Home,Dolby,Integrated,,,4.9,858.98,$,512.0
asus,ZenBook S,13.0,Jade Black,1 TB,Intel Core i7,1,Windows 10 Pro,Nanoedge,Intel Iris Xᵉ,,,4.1,1399.9,$,1024.0
lenovo,ThinkPad X1 Carbon Gen 10,14.0,Black,512 GB,Core i7,16,Windows 11,Anti-glare Screen,Iris Xe Graphics,,,4.2,2079.99,$,512.0
msi,Prestige 13Evo A13M-050US,13.0,,1 TB,Core i7,32,Windows 11 Pro,,,Intel Iris,2.2 GHz,4.3,1299.0,$,1024.0
rokc,,14.0,Blue,1000 GB,Intel Core i7,8,Windows 11,,Integrated,Intel,1.2 GHz,,589.99,$,1000.0
hp,,15.0,Silver,1000 GB,Intel Core i5,64,Windows 11 Pro,Backlit Keyboard,Integrated,Intel,,4.5,999.99,$,1000.0
lenovo,ThinkPad P16s G1,16.0,Black,1 TB,Core i7,32,Windows 11 Pro,Anti-glare Screen,QN20-M1-R,,,,2349.99,$,1024.0
dell,Alienware m18 Laptop,18.0,Black,1000 GB,Core i9,32,Windows 11 Home,,Integrated,NVIDIA GeForce RTX 4080,,,2929.99,$,1000.0
dell,Latitude 5540 Laptop,15.0,Black,1000 GB,Core i5,32,Windows 11 Pro,,Integrated,Intel Integrated Graphics,,,930.17,$,1000.0
asus,ASUS Chromebook,17.0,,32 GB,Celeron N,4,Chrome OS,,Integrated,Intel HD Graphics 5000,1.1 GHz,4.0,259.99,$,32.0
dell,Latitude 3000,14.0,Black,256 GB,Core i5 Family,8,Windows 10 Pro,Anti-glare Screen,Iris Xe Graphics,,,5.0,899.0,$,256.0
acer,,17.0,,256 GB,,8,Windows 10 Home,,Integrated,,,3.5,493.49,$,256.0
rokc,,14.0,Blue,1000 GB,Intel Core i7,8,Windows 11,,Integrated,Intel,1.2 GHz,,589.99,$,1000.0
hp,,15.0,Silver,1000 GB,Intel Core i5,64,Windows 11 Pro,Backlit Keyboard,Integrated,Intel,,4.5,999.99,$,1000.0
msi,Raider GE68HX 13VI-202US,16.0,Black,1 TB,Core i9,32,Windows 11 Home,,Dedicated,NVIDIA GeForce RTX 4070,,,3499.0,$,1024.0
dell,Inspiron 16,16.0,Green,1 TB,Core I7 12700H,40,Windows 11 Home,"Anti-glare,Backlit Keyboard",Integrated,,,,1096.99,$,1024.0
lenovo,"IdeaPad 3 15""",15.0,Business Black,256 GB,Ryzen 3 3250U,4,Windows 10 S,"built for entertainment, multitasking & privacy",Integrated,,,4.5,395.0,$,256.0
panasonic,CF-54,14.0,Black,512 GB,Core i5,16,Windows 7 Pro + 10 Pro,Spill-resistant,Integrated,,,3.6,799.99,$,512.0
dell,XPS 15 9000,15.0,Black,1 TB,Core i7,16,Windows 11 Pro,"InfinityEdge, Anti-glare Screen",GeForce RTX 4050,,,,2022.0,$,1024.0
rokc,,15.0,Blue,1152 GB,Pentium,20,Windows 11,,Integrated,Intel,1.1 GHz,5.0,389.99,$,1152.0
hp,,15.0,Black,1000 GB,Pentium N5000,16,Windows 11,,Integrated,Intel,1.1 GHz,4.4,459.99,$,1000.0
rokc,Ideapad 3,15.0,Gray,1000 GB,Intel Core i5,20,Windows 11,,Integrated,Intel,,,639.99,$,1000.0
dell,Inspiron,15.0,Black,1 TB,Ryzen 5,32,Windows 11 Home,,Integrated,AMD Radeon Graphics,,4.3,548.0,$,1024.0
rokc,,14.0,Blue,1000 GB,Intel Core i7,8,Windows 11,,Integrated,Intel,1.2 GHz,,589.99,$,1000.0
hp,,15.0,Silver,1000 GB,Intel Core i5,64,Windows 11 Pro,Backlit Keyboard,Integrated,Intel,,4.5,999.99,$,1000.0
hp,HP Pavilion,11.0,Dark Ash Silver,128 GB,Intel Core M-5Y10 Processor,4,Windows 10,,Integrated,Intel UHD Graphics 605,,4.5,369.0,$,128.0
hp,Pavilion,17.0,Natural Silver,512 GB,Intel Core i5-1135G7,8,Windows 11,Backlit Keyboard,Integrated,,,4.9,639.99,$,512.0
rokc,,14.0,Blue,1000 GB,Intel Core i7,8,Windows 11,,Integrated,Intel,1.2 GHz,,589.99,$,1000.0
hp,,15.0,Silver,1000 GB,Intel Core i5,64,Windows 11 Pro,Backlit Keyboard,Integrated,Intel,,4.5,999.99,$,1000.0
dell,Latitude 5440,15.0,,512 GB,Core i7 Family,16,Windows 11 Pro,"Anti-glare,Backlit Keyboard",Integrated,intel,,,1552.3,$,512.0
dell,Dell Latitude,14.0,Black,512 GB,Core i5 4310U,8,Windows 10 Pro,,Integrated,,2 GHz,4.0,350.0,$,512.0
hp,15-eh2085cl,15.0,,512 GB,Ryzen 7,16,Windows 11,,Integrated AMD Radeon™ Graphics,AMD Radeon Graphics,2 GHz,4.3,675.0,$,512.0
dell,Inspiron,16.0,Silver,1000 GB,Intel Core i5,16,Windows 11,,Integrated,Intel,,,849.99,$,1000.0
dell,Rugged 5414,14.0,Black,256 GB,Core i5,8,Windows 10,,Integrated,Intel HD 520 Graphics,,4.4,415.0,$,256.0
lenovo,Lenovo Ideapad,15.0,,256 GB,Core i3,4,Windows 11,Dolby,Integrated,Intel UHD Graphics,,5.0,299.99,$,256.0
rokc,,15.0,Blue,1152 GB,Pentium,20,Windows 11,,Integrated,Intel,1.1 GHz,5.0,389.99,$,1152.0
hp,,15.0,Black,1000 GB,Pentium N5000,16,Windows 11,,Integrated,Intel,1.1 GHz,4.4,459.99,$,1000.0
rokc,Ideapad 3,15.0,Gray,1000 GB,Intel Core i5,20,Windows 11,,Integrated,Intel,,,639.99,$,1000.0
lenovo,ThinkBook,15.0,,512 GB,Core i5,16,Windows 11 Pro,Information Not Available,Iris Xe Graphics,Intel Iris Xe Graphics,,,816.33,$,512.0
acer,CB315-4HT-P8PQ,15.0,Silver,64 GB,Pentium,8,Chrome OS,,Integrated,Intel UHD Graphics,,4.4,399.99,$,64.0
dell,Vulcan 17,17.0,Gray,512 GB,Intel Core i7,16,Windows 10 Home,,Dedicated,,4.5 GHz,4.3,2199.0,$,512.0
hp,HP ProBook,15.0,Silver,256 GB,Intel Core i5-1135G7,8,Windows 10 Pro,,"Intel Iris, Integrated",Intel Iris Xe Graphics,,4.7,719.99,$,256.0
rokc,,14.0,Blue,1000 GB,Intel Core i7,8,Windows 11,,Integrated,Intel,1.2 GHz,,589.99,$,1000.0
hp,,15.0,Silver,1000 GB,Intel Core i5,64,Windows 11 Pro,Backlit Keyboard,Integrated,Intel,,4.5,999.99,$,1000.0
asus,ExperBook,14.0,Black,1 TB,Core i7,16,Windows 10 Pro,Narrow Bezel,Iris Xe,,,3.7,1299.99,$,1024.0
hp,AMD Ryzen 5,15.0,Blue,256 GB,Ryzen 5,8,Windows 11 Home,Anti-glare,Integrated,,,4.1,457.64,$,256.0
rokc,,14.0,Blue,1000 GB,Intel Core i7,8,Windows 11,,Integrated,Intel,1.2 GHz,,589.99,$,1000.0
hp,,15.0,Silver,1000 GB,Intel Core i5,64,Windows 11 Pro,Backlit Keyboard,Integrated,Intel,,4.5,999.99,$,1000.0
dell,Chromebook 11,11.0,Black,16 GB,Celeron N2840,4,Chrome OS,Dishwasher Safe,Integrated,,,4.0,57.99,$,16.0
hp,Victus by HP 15.6 inch Gaming Laptop PC 15-fa1010nr,15.0,Silver,512 GB,Core i5,16,Windows 11 Home,,Dedicated,NVIDIA ® GeForce RTX™ 4050,,5.0,1169.99,$,512.0
lenovo,Lenovo Thinkpad,15.0,Glossy Black,256 GB,Core i5,8,Windows 10 Pro,Fingerprint reader,Dedicated,,,4.0,799.0,$,256.0
rokc,,14.0,Blue,1000 GB,Intel Core i7,8,Windows 11,,Integrated,Intel,1.2 GHz,,589.99,$,1000.0
hp,,15.0,Silver,1000 GB,Intel Core i5,64,Windows 11 Pro,Backlit Keyboard,Integrated,Intel,,4.5,999.99,$,1000.0
lenovo,Lenovo Thinkpad,14.0,Black,512 GB,Intel Core i7 1185G7,16,Windows 10 Pro,"Anti-glare,Fingerprint Reader",Integrated,,,3.6,1270.77,$,512.0
acer,CB315-4H-C6MH,15.0,Silver,64 GB,Celeron N,8,Chrome OS,,Integrated,Intel UHD Graphics,,4.1,345.44,$,64.0
hp,EliteBook 865 G9,16.0,,512 GB,Ryzen 7,16,Windows 11 Pro,Anti-glare Screen,Radeon 680M Graphics,AMD Radeon 680M Graphics,,,1427.99,$,512.0
rokc,,14.0,Blue,1000 GB,Intel Core i7,8,Windows 11,,Integrated,Intel,1.2 GHz,,589.99,$,1000.0
hp,,15.0,Silver,1000 GB,Intel Core i5,64,Windows 11 Pro,Backlit Keyboard,Integrated,Intel,,4.5,999.99,$,1000.0
acer,A514-55-545G,14.0,Gray,512 GB,Core i5,8,Windows 11 Home,Backlit Keyboard,Integrated,,,4.3,668.55,$,512.0
lenovo,Lenovo Thinkpad,14.0,Black,256 GB,Core i5,8,Windows 10 Pro,,Integrated,,2.4 GHz,3.7,883.58,$,256.0
hp,Elite Dragonfly G3,13.0,,512 GB,Core i5,16,Windows 10 Pro,Anti-glare Screen,Iris Xe Graphics,Intel Iris Xe Graphics,,4.0,2039.0,$,512.0
msi,Bravo 17 C7VFK-039US,17.0,Black,1 TB,Ryzen 7,32,Windows 11 Pro,Backlit Keyboard,Dedicated,,,,1499.0,$,1024.0
rokc,,14.0,Blue,1000 GB,Intel Core i7,8,Windows 11,,Integrated,Intel,1.2 GHz,,589.99,$,1000.0
hp,,15.0,Silver,1000 GB,Intel Core i5,64,Windows 11 Pro,Backlit Keyboard,Integrated,Intel,,4.5,999.99,$,1000.0
gigabyte,AORUS 17H BXF-74US554SH,17.0,Black,1 TB,Core i7,16,Windows 11 Home,Thin Bezel,Dedicated,,,3.5,2149.0,$,1024.0
rokc,,14.0,Blue,1000 GB,Intel Core i7,8,Windows 11,,Integrated,Intel,1.2 GHz,,589.99,$,1000.0
hp,,15.0,Silver,1000 GB,Intel Core i5,64,Windows 11 Pro,Backlit Keyboard,Integrated,Intel,,4.5,999.99,$,1000.0
lg,LG gram,17.0,Dark Silver,1 TB,Core i7-1065G7,16,Windows 10 Home,Backlit Keyboard,Integrated,,,4.4,1787.62,$,1024.0
lg,14T90R-K.AAB6U1,14.0,Black,512 GB,Intel Core i5,16,Windows 11 Home,Pen,Integrated,,,3.8,1299.99,$,512.0
rokc,,14.0,Blue,1000 GB,Intel Core i7,8,Windows 11,,Integrated,Intel,1.2 GHz,,589.99,$,1000.0
hp,,15.0,Silver,1000 GB,Intel Core i5,64,Windows 11 Pro,Backlit Keyboard,Integrated,Intel,,4.5,999.99,$,1000.0
dell,Inspiron,15.0,Black,512 GB,Core i5 Family,32,Windows 11 Home,,Integrated,Intel UHD Graphics,,3.4,602.0,$,512.0
hp,HP,14.0,Silver,1 TB,1.2GHz Cortex A8 Processor,8,Windows 10,,Integrated,Intel HD Graphics 620,,4.3,379.0,$,1024.0
dell,Alienware X15 R2 Laptop,15.0,Lunar Light,512 GB,Core i7,16,Windows 11 Pro,,Dedicated,NVIDIA GeForce RTX 3060,,,1578.21,$,512.0
samsung,Chromebook 4,11.0,Platinum Titan,32 GB,Celeron N3450,4,Chrome OS,"light and compact design lets you stream, work, create, and play on a fast,",Integrated,,,4.1,209.96,$,32.0
rokc,,14.0,Blue,1000 GB,Intel Core i7,8,Windows 11,,Integrated,Intel,1.2 GHz,,589.99,$,1000.0
hp,,15.0,Silver,1000 GB,Intel Core i5,64,Windows 11 Pro,Backlit Keyboard,Integrated,Intel,,4.5,999.99,$,1000.0
rokc,,14.0,Silver,1000 GB,Intel Core i3,,Windows 11,,Integrated,Intel,1.7 GHz,,409.99,$,1000.0
lenovo,ThinkPad P1 Gen 6,16.0,Black,1 TB,Core i9,32,Windows 11 Pro,Backlit Keyboard,Dedicated,,,,3499.0,$,1024.0
acer,Aspire 3,17.0,Silver,256 GB,Core i3,12,Windows 11,,Integrated,Intel UHD Graphics,,4.3,478.99,$,256.0
rokc,,14.0,Blue,1000 GB,Intel Core i7,8,Windows 11,,Integrated,Intel,1.2 GHz,,589.99,$,1000.0
hp,,15.0,Silver,1000 GB,Intel Core i5,64,Windows 11 Pro,Backlit Keyboard,Integrated,Intel,,4.5,999.99,$,1000.0
asus,VivoBook S 14X OLED,14.0,Black,512 GB,Core i5,8,Windows 11 Home,"Fingerprint Reader, High Definition Audio, Backlit Keyboard",Integrated,,,4.2,899.99,$,512.0
dell,Latitude 5440,14.0,,1 TB,Core i7 Family,32,Windows 11 Pro,Anti-glare,Integrated,intel,,,1670.17,$,1024.0
rokc,,14.0,Blue,1000 GB,Intel Core i7,8,Windows 11,,Integrated,Intel,1.2 GHz,,589.99,$,1000.0
hp,,15.0,Silver,1000 GB,Intel Core i5,64,Windows 11 Pro,Backlit Keyboard,Integrated,Intel,,4.5,999.99,$,1000.0
hp,3N8P1UT#ABA,15.0,Silver,256 GB,Core i5,16,Windows 10 Pro,,Integrated,,2.4 GHz,5.0,899.0,$,256.0
dell,XPS 9315 Laptop,13.0,Platinum Silver,512 GB,Core i7,16,Windows 11 Pro,,Integrated,Intel Integrated Graphics,,3.0,992.99,$,512.0
rokc,,15.0,Blue,1152 GB,Pentium,20,Windows 11,,Integrated,Intel,1.1 GHz,5.0,389.99,$,1152.0
hp,,15.0,Black,1000 GB,Pentium N5000,16,Windows 11,,Integrated,Intel,1.1 GHz,4.4,459.99,$,1000.0
rokc,Ideapad 3,15.0,Gray,1000 GB,Intel Core i5,20,Windows 11,,Integrated,Intel,,,639.99,$,1000.0
hp,,15.0,Natural silver,512 GB,Ryzen 7 4700U,8,PC,Anti glare,Integrated,,4.1 GHz,4.3,504.0,$,512.0
dell,Latitude 9000,14.0,Graphite,256 GB,Core i7,16,Windows 10 Pro,Anti-glare Screen,Iris Xe Graphics,,,,1900.08,$,256.0
asus,ASUS Chromebook C425,14.0,,128 GB,Core m3-8100Y,4,,Backlit Kb,Integrated,Intel HD Graphics 400,3.4 GHz,4.3,284.92,$,128.0
acer,,15.0,Black,512 GB,Intel Core i7-1165G7,16,Windows 11,,Integrated,Intel Iris,,3.0,714.99,$,512.0
hp,HP Chromebook 11a-na0030nr,11.0,Indigo Blue,32 GB,MediaTek MT8183,4,Chrome OS,,Integrated,MediaTek Integrated Graphics,,4.4,270.28,$,32.0
dell,Inspiron,16.0,Silver,1000 GB,Intel Core i5,32,Windows 11,,Integrated,Intel,,,899.99,$,1000.0
rokc,,14.0,Blue,1000 GB,Intel Core i7,8,Windows 11,,Integrated,Intel,1.2 GHz,,589.99,$,1000.0
hp,,15.0,Silver,1000 GB,Intel Core i5,64,Windows 11 Pro,Backlit Keyboard,Integrated,Intel,,4.5,999.99,$,1000.0
dell,Alienware x14 R2 Laptop,14.0,Silver,1000 GB,Core i7,32,Windows 11 Pro,Wifi & Bluetooth,Nvidia GeForce RTX 4060,,,,2167.89,$,1000.0
hp,Elite Dragonfly G3,13.0,,256 GB,Core i5,16,Windows 10 Pro,Anti-glare Screen,Iris Xe Graphics,Intel Iris Xe Graphics,,4.0,1003.99,$,256.0
asus,Chromebook C423,14.0,Silver,32 GB,Celeron N3350,4,Chrome OS,"Anti-glare,Hd,Ultra-narrow Bezel",Integrated,,,4.2,212.32,$,32.0
dell,Latitude 5430,14.0,,512 GB,Core i5 Family,16,Windows 11 Pro,Anti-glare,Integrated,Intel Iris Xe Graphics,,3.8,499.99,$,512.0
rokc,,14.0,Blue,1000 GB,Intel Core i7,8,Windows 11,,Integrated,Intel,1.2 GHz,,589.99,$,1000.0
hp,,15.0,Silver,1000 GB,Intel Core i5,64,Windows 11 Pro,Backlit Keyboard,Integrated,Intel,,4.5,999.99,$,1000.0
asus,ASUS ProArt StudioBook 16,16.0,,1 TB,Core i7,32,Windows 11 Home,,RTX 3080 Ti,,4.7 GHz,3.7,2699.0,$,1024.0
dell,Dell G15 5520,15.0,Dark Shadow Grey,1000 GB,Core i7,32,Windows 11 Home,,Dedicated,NVIDIA GeForce RTX 3060,,,1389.84,$,1000.0
hp,Dell Precision,14.0,,64 GB,Celeron,4,Windows 11 Home,Micro-edge Bezel,Integrated,,1.1 GHz,4.3,229.99,$,64.0
rokc,,14.0,Blue,1000 GB,Intel Core i7,8,Windows 11,,Integrated,Intel,1.2 GHz,,589.99,$,1000.0
hp,,15.0,Silver,1000 GB,Intel Core i5,64,Windows 11 Pro,Backlit Keyboard,Integrated,Intel,,4.5,999.99,$,1000.0
lenovo,"Lenovo Legion 5i 17""",17.0,Phantom Blue,1 TB,Core I7 12700H,8,Windows 11 Home,,Dedicated,NVIDIA GeForce RTX 3050,,3.4,1449.99,$,1024.0
dell,Latitude 5000,14.0,Titan Gray Dull,256 GB,Core i5 Family,16,Windows 10 Pro,,Iris Xe Graphics,Intel Iris Xe Graphics,,5.0,1377.76,$,256.0
dell,XPS 9520 Laptop,15.0,Platinum Silver,1000 GB,Core i9,32,Windows 11 Pro,,Integrated,NVIDIA GeForce RTX 3050 Ti,,,1948.99,$,1000.0
rokc,,14.0,Blue,1000 GB,Intel Core i7,8,Windows 11,,Integrated,Intel,1.2 GHz,,589.99,$,1000.0
hp,,15.0,Silver,1000 GB,Intel Core i5,64,Windows 11 Pro,Backlit Keyboard,Integrated,Intel,,4.5,999.99,$,1000.0
lenovo,IdeaPad 5 14ITL05,14.0,Graphite Gray,512 GB,Core i5 Family,16,Windows 10 Home,Anti-glare Screen,Iris Xe Graphics,,,3.6,699.99,$,512.0
rokc,,14.0,Blue,1000 GB,Intel Core i7,8,Windows 11,,Integrated,Intel,1.2 GHz,,589.99,$,1000.0
hp,,15.0,Silver,1000 GB,Intel Core i5,64,Windows 11 Pro,Backlit Keyboard,Integrated,Intel,,4.5,999.99,$,1000.0
rokc,Ultra Slim,15.0,Gray,128 GB,Intel Core i3,4,Windows 11,,Integrated,Intel,,,249.99,$,128.0
rokc,,14.0,Blue,1000 GB,Intel Core i7,8,Windows 11,,Integrated,Intel,1.2 GHz,,589.99,$,1000.0
hp,,15.0,Silver,1000 GB,Intel Core i5,64,Windows 11 Pro,Backlit Keyboard,Integrated,Intel,,4.5,999.99,$,1000.0
samsung,NP641BEF-KA3US,14.0,Graphite,1 TB,Core i7,16,Windows 11 Pro,"Fingerprint Reader, TrackPoint, Backlit Keyboard, Anti Glare Coating, Memory Card Slot",Integrated,,,4.0,1409.99,$,1024.0
lenovo,ThinkPad L15 Gen 3,15.0,,256 GB,Core i5,8,Windows 11 Pro,Anti-glare Screen,UHD Graphics,Intel UHD Graphics,,,1059.0,$,256.0
rokc,,14.0,Blue,1000 GB,Intel Core i7,8,Windows 11,,Integrated,Intel,1.2 GHz,,589.99,$,1000.0
hp,,15.0,Silver,1000 GB,Intel Core i5,64,Windows 11 Pro,Backlit Keyboard,Integrated,Intel,,4.5,999.99,$,1000.0
dell,Inspiron i5625,16.0,Platinum Silver,2 TB,Ryzen 7,64,Windows 11 Pro,"Fingerprint Reader, HD Audio, Backlit Keyboard, Anti Glare Coating, Memory Card Slot",Integrated,,,,1081.5,$,2048.0
hp,ZBook Fury G9,16.0,,1 TB,Core i7,32,Windows 11 Pro,Anti-glare Screen,"RTX A2000,UHD Graphics",NVIDIA Intel RTX A2000 UHD Graphics,,1.0,3196.99,$,1024.0
acer,SP314-55N-76EX,14.0,Silver,512 GB,Core i7,16,Windows 11 Home,Stylus,Integrated,,,3.5,1079.99,$,512.0
hp,HP Pavilion,17.0,,1 TB,Intel Core i3,32,Windows 10 Home,Anti-glare,Integrated,Intel UHD Graphics,,2.0,729.99,$,1024.0
dell,Dell Latitude 7480 Laptop,14.0,Black,256 GB,Core i5,8,Windows 10 Pro,Speakers,Integrated,,,3.4,219.0,$,256.0
dell,Precision 7550 Laptop,15.0,Silver,512 GB,Core i7,32,Windows 10 Pro,Wifi & Bluetooth,Nvidia Quadro T2000,,,,1629.95,$,512.0
rokc,,15.0,Blue,1152 GB,Pentium,20,Windows 11,,Integrated,Intel,1.1 GHz,5.0,389.99,$,1152.0
hp,,15.0,Black,1000 GB,Pentium N5000,16,Windows 11,,Integrated,Intel,1.1 GHz,4.4,459.99,$,1000.0
rokc,Ideapad 3,15.0,Gray,1000 GB,Intel Core i5,20,Windows 11,,Integrated,Intel,,,639.99,$,1000.0
lenovo,Ideapad,15.0,Almond,512 GB,Intel Core i3,12,Windows 11,,Integrated,Intel UHD Graphics,,4.4,478.88,$,512.0
lenovo,ThinkPad T16 Gen 1,16.0,Black,512 GB,Core i7,16,Windows 11,Anti-glare Screen,Iris Xe Graphics,,,,1370.49,$,512.0
dell,Precision 7680 Laptop,16.0,Silver,512 GB,Core i7,32,Windows 11 Pro,,Integrated,Intel Integrated Graphics,,,1616.99,$,512.0
dell,XPS 15,15.0,Platinum Silver,2 TB,Core i7 Family,64,Windows 11 Pro,"Fingerprint Reader, HD Audio, Backlit Keyboard, Anti Glare Coating, Memory Card Slot",Dedicated,,,,2539.99,$,2048.0
dell,Inspiron,16.0,Silver,1000 GB,Intel Core i5,32,Windows 11,,Integrated,Intel,,,899.99,$,1000.0
rokc,,14.0,Blue,1000 GB,Intel Core i7,8,Windows 11,,Integrated,Intel,1.2 GHz,,589.99,$,1000.0
hp,,15.0,Silver,1000 GB,Intel Core i5,64,Windows 11 Pro,Backlit Keyboard,Integrated,Intel,,4.5,999.99,$,1000.0
dell,Latitude Rugged 5430 Laptop,14.0,Silver,512 GB,Core i5,16,Windows 11 Pro,Backlit Keyboard,Integrated,,,3.4,1849.99,$,512.0
asus,Asus Chromebook C423NA,14.0,Silver,64 GB,Celeron,4,Chrome OS,,Integrated,,1.1 GHz,3.8,184.99,$,64.0
rokc,,14.0,Blue,1000 GB,Intel Core i7,8,Windows 11,,Integrated,Intel,1.2 GHz,,589.99,$,1000.0
hp,,15.0,Silver,1000 GB,Intel Core i5,64,Windows 11 Pro,Backlit Keyboard,Integrated,Intel,,4.5,999.99,$,1000.0
asus,ASUS ROG Zephyrus Duo 16,16.0,Black,2 TB,Ryzen 9,32,Windows 11 Pro,,RTX 3080 Ti,NVIDIA GeForce RTX 3080,,,2899.99,$,2048.0
dell,Latitude 7320 Detachable 2-in-1,13.0,Black,1000 GB,Core i7,16,Windows 11 Pro,Wifi & Bluetooth,Integrated,,,5.0,1150.99,$,1000.0
dell,Latitude 7000,14.0,Aluminum Titan Gray,512 GB,Core i7,16,Windows 10 Pro,Anti-glare Screen,Iris X Graphics,,,,999.99,$,512.0
hp,,15.0,,512 GB,AMD R Series,16,Windows 7,Backlit Keyboard,Integrated,Integrated AMD Radeon™ Graphics,2 GHz,4.5,709.99,$,512.0
acer,CP314-1HN-P138,14.0,Silver,64 GB,Pentium,8,Chrome OS,Backlit Kb,Integrated,,,5.0,489.99,$,64.0
rokc,,14.0,Blue,1000 GB,Intel Core i7,8,Windows 11,,Integrated,Intel,1.2 GHz,,589.99,$,1000.0
hp,,15.0,Silver,1000 GB,Intel Core i5,64,Windows 11 Pro,Backlit Keyboard,Integrated,Intel,,4.5,999.99,$,1000.0
dell,Latitude E5470,14.0,,512 GB,Core i5 6200U,16,Windows 10 Pro 64 Bit-Multi-Language Supports English/Spanish/French,,Integrated,INTEL,2.3 GHz,,351.98,$,512.0
asus,VivoBook 15.6,15.0,Black,256 GB,Core i5,8,Windows 10 Home,"Anti-glare,Fingerprint Reader",Integrated,,,3.8,460.0,$,256.0
lenovo,ThinkBook 14 G4 ABA,14.0,,256 GB,Ryzen 5,16,Windows 11 Pro,Anti-glare Screen,Radeon Graphics,AMD Radeon Graphics,,,849.0,$,256.0
rokc,,14.0,Blue,1000 GB,Intel Core i7,8,Windows 11,,Integrated,Intel,1.2 GHz,,589.99,$,1000.0
hp,,15.0,Silver,1000 GB,Intel Core i5,64,Windows 11 Pro,Backlit Keyboard,Integrated,Intel,,4.5,999.99,$,1000.0
toughbook,CF-20 mk1,10.0,,256 GB,Core M Family,8,Windows 10 Pro,Backlit Keyboard,Integrated,Intel HD Graphics 515,,5.0,999.99,$,256.0
hp,EliteBook 840 G9,14.0,Silver,256 GB,Core i5,16,Windows 11 Pro,Anti-glare Screen,Iris Xe Graphics,,,,1384.99,$,256.0
dell,XPS 9315 Laptop,13.0,Platinum Silver,512 GB,Core i7,16,Windows 11 Home,,Integrated,Intel Integrated Graphics,,,1041.99,$,512.0
lenovo,ThinkPad T15g Gen 2,15.0,Black,512 GB,Core i7 Family,16,Windows 10 Pro,Anti-glare Screen,GeForce RTX 3080,,,,1698.49,$,512.0
lenovo,ThinkPad Z16 Gen 1,16.0,Black,512 GB,Ryzen 7,16,Windows 11 Pro,Information Not Available,Radeon 680M Graphics,,,3.1,1449.99,$,512.0
dell,5310,14.0,Silver,512 GB,Intel Core i7,16,Windows 10 Pro,Anti-glare,Integrated,,,5.0,425.0,$,512.0
rokc,,14.0,Blue,1000 GB,Intel Core i7,8,Windows 11,,Integrated,Intel,1.2 GHz,,589.99,$,1000.0
hp,,15.0,Silver,1000 GB,Intel Core i5,64,Windows 11 Pro,Backlit Keyboard,Integrated,Intel,,4.5,999.99,$,1000.0
dell,Latitude 3520,15.0,Black,2 TB,Intel Core i7-1165G7,64,Windows 10 Pro,,Integrated,Intel Iris Xe Graphics,,,1247.21,$,2048.0
asus,Vivobook S 16 Flip,16.0,Midnight Black,1 TB,Ryzen 7,16,Windows 11 Home,Fingerprint Sensor,Integrated,,,,899.99,$,1024.0
lg,LG gram,17.0,Black,2 TB,Core i7,16,Windows 10,Alexa,Integrated,,,4.2,1782.96,$,2048.0
lenovo,Lenovo thinkpad,14.0,Black,1 TB,Core i7,16,Windows 10 Pro,Backlit Keyboard,Integrated,,,4.7,1356.0,$,1024.0
rokc,,15.0,Blue,1152 GB,Pentium,20,Windows 11,,Integrated,Intel,1.1 GHz,5.0,389.99,$,1152.0
hp,,15.0,Black,1000 GB,Pentium N5000,16,Windows 11,,Integrated,Intel,1.1 GHz,4.4,459.99,$,1000.0
rokc,Ideapad 3,15.0,Gray,1000 GB,Intel Core i5,20,Windows 11,,Integrated,Intel,,,639.99,$,1000.0
lenovo,ThinkPad X13 Yoga Gen 2,12.0,Black,512 GB,Core i5,16,Windows 11 Pro,"Fingerprint Reader, HD Audio, Backlit Keyboard",Integrated,,,4.0,869.99,$,512.0
acer,TravelMate Vero V15-51,15.0,Black,512 GB,Core i5,16,Windows 11 Pro,Information Not Available,Iris Xe Graphics,,,,630.15,$,512.0
apple,MacBook Air M2,13.0,,512 GB,Apple M1,16,macOS 12 Monterey,,Integrated,,3.49 GHz,,1588.42,$,512.0
lenovo,Chromebook,11.0,Abyss Blue,32 GB,Celeron,4,Chrome OS,,Integrated,UHD Graphics 600,,3.9,203.77,$,32.0
dell,Inspiron,16.0,Silver,1000 GB,Intel Core i5,32,Windows 11,,Integrated,Intel,,,899.99,$,1000.0
rokc,,14.0,Blue,1000 GB,Intel Core i7,8,Windows 11,,Integrated,Intel,1.2 GHz,,589.99,$,1000.0
hp,,15.0,Silver,1000 GB,Intel Core i5,64,Windows 11 Pro,Backlit Keyboard,Integrated,Intel,,4.5,999.99,$,1000.0
acer,Acer Chromebook,11.0,Silver,32 GB,MediaTek MT8183,32,Chrome OS,HD Audio,Integrated,,,4.1,204.95,$,32.0
dell,Latitude 5000,13.0,Gray,1024 GB,Core i7,16,Windows 10 Pro,Anti-glare Screen,Iris Xe Graphics,,,3.9,1163.21,$,1024.0
dell,Latitude,15.0,,256 GB,Core i7,8,Windows 11 Pro,Anti-glare Screen,Integrated,Intel,,,901.85,$,256.0
lenovo,Chromebook S330,14.0,Black,64 GB,MediaTek_MT8127,4,Chrome OS,Anti-glare,Integrated,,,4.0,177.0,$,64.0
hp,,15.0,,512 GB,Core i7,16,Windows 10 Pro,,Integrated,,2.6 GHz,,2499.0,$,512.0
hp,HP Chromebook 11,11.0,Black,16 GB,Celeron,4,Chrome OS,"Anti-glare,Anti-glare Screen",Integrated,,,4.3,75.0,$,16.0
rokc,,14.0,Blue,1000 GB,Intel Core i7,8,Windows 11,,Integrated,Intel,1.2 GHz,,589.99,$,1000.0
hp,,15.0,Silver,1000 GB,Intel Core i5,64,Windows 11 Pro,Backlit Keyboard,Integrated,Intel,,4.5,999.99,$,1000.0
acer,CB314-3HT-P6QW,14.0,Silver,64 GB,Pentium,8,Chrome OS,,Integrated,Intel UHD Graphics,,3.5,432.7,$,64.0
dell,XPS 9315 Laptop,13.0,Platinum Silver,1000 GB,Core i7,32,Windows 11 Home,,Integrated,Intel Integrated Graphics,,,1501.49,$,1000.0
rokc,,14.0,Blue,1000 GB,Intel Core i7,8,Windows 11,,Integrated,Intel,1.2 GHz,,589.99,$,1000.0
hp,,15.0,Silver,1000 GB,Intel Core i5,64,Windows 11 Pro,Backlit Keyboard,Integrated,Intel,,4.5,999.99,$,1000.0
hp,HP Notebook,15.0,Black,128 GB,Celeron,8,Windows 11,,Integrated,Intel UHD Graphics 600,,3.9,316.99,$,128.0
samsung,Galaxy Book Odyssey,15.0,Mystic Black,512 GB,Core i7,16,Windows 11 Home,HD Audio,Dedicated,,,4.1,1320.86,$,512.0
dell,Precision 7000,17.0,,512 GB,Core i7,32,Windows 11 Pro,Anti-glare Screen,RTX A1000,NVIDIA RTX A1000,,,3075.33,$,512.0
dell,Latitude,14.0,Black,300 GB,Core 2 Duo P8700,2,Windows 7,,Integrated,Integrated Intel Graphic,,3.6,84.54,$,300.0
rokc,,14.0,Blue,1000 GB,Intel Core i7,8,Windows 11,,Integrated,Intel,1.2 GHz,,589.99,$,1000.0
hp,,15.0,Silver,1000 GB,Intel Core i5,64,Windows 11 Pro,Backlit Keyboard,Integrated,Intel,,4.5,999.99,$,1000.0
acer,PT14-51-78B4,14.0,Silver,512 GB,Intel Core i7,16,Windows 11 Home,"Fingerprint Reader, Backlit Keyboard, Memory Card Slot",Dedicated,,,2.5,1049.99,$,512.0
asus,,14.0,Rose Gold,320 GB,Celeron N4020,4,Windows 11,Narrow Bezel,Integrated,Intel UHD Graphics 600,,4.3,324.37,$,320.0
dell,XPS 9510 Laptop,15.0,Platinum Silver,1000 GB,Core i9,64,Windows 11 Pro,Wifi & Bluetooth,Nvidia GeForce RTX 3050 Ti,,,,2929.35,$,1000.0
lenovo,ThinkPad P16s G1,16.0,,1 TB,Ryzen 5,32,Windows 11 Pro,Anti-glare Screen,Radeon 680M,AMD Radeon 680M,,,2251.99,$,1024.0
acer,AV14-51-58XZ,14.0,,512 GB,Core i5,16,Windows 11 Home,,Integrated,,4.4 GHz,4.8,532.49,$,512.0
rokc,,14.0,Blue,1000 GB,Intel Core i7,8,Windows 11,,Integrated,Intel,1.2 GHz,,589.99,$,1000.0
hp,,15.0,Silver,1000 GB,Intel Core i5,64,Windows 11 Pro,Backlit Keyboard,Integrated,Intel,,4.5,999.99,$,1000.0
dell,i3493-3464BLK-PUS,14.0,Black,128 GB,Core i3-1005G1,4,Windows 10,,Integrated,Intel UHD Graphics,,4.3,399.0,$,128.0
lenovo,Lenovo,11.0,Blizzard White,32 GB,,4,Chrome OS,,Integrated,GX6250,,4.4,239.99,$,32.0
dell,Dell Inspiron,15.0,,2000 GB,Core i5,8,Windows 10,,Integrated,Intel HD Graphics 620,3.4 GHz,3.5,356.99,$,2000.0
rokc,,14.0,Blue,1000 GB,Intel Core i7,8,Windows 11,,Integrated,Intel,1.2 GHz,,589.99,$,1000.0
hp,,15.0,Silver,1000 GB,Intel Core i5,64,Windows 11 Pro,Backlit Keyboard,Integrated,Intel,,4.5,999.99,$,1000.0
hp,EliteBook 830 G9,13.0,,256 GB,Core i5,16,Windows 11 Pro,Anti-glare Screen,Iris Xe Graphics,Intel Iris Xe Graphics,,,1863.52,$,256.0
dell,Latitude 5000,14.0,Gray,512 GB,Core i5,16,Windows 10 Pro,Anti-glare Screen,Iris Xe Graphics,,,5.0,2312.24,$,512.0
rokc,,14.0,Blue,1000 GB,Intel Core i7,8,Windows 11,,Integrated,Intel,1.2 GHz,,589.99,$,1000.0
hp,,15.0,Silver,1000 GB,Intel Core i5,64,Windows 11 Pro,Backlit Keyboard,Integrated,Intel,,4.5,999.99,$,1000.0
lenovo,,14.0,,512 GB,Intel Core i5,20,Windows 11 Home,"Anti-glare,Fingerprint Reader",Integrated,Intel Iris Xe Graphics,2.8 GHz,5.0,499.99,$,512.0
dell,Latitude 5440,14.0,,1 TB,Core i7 Family,32,Windows 11 Pro,"Anti-glare,Backlit Keyboard",Integrated,intel,,,1670.17,$,1024.0
toughbook,CF-20,10.0,black/white,128 GB,core_m,8,Windows 10 Pro,,Integrated,,,4.5,959.0,$,128.0
dell,Latitude 5000,14.0,Gray,256 GB,Core i5,16,Windows 10 Pro,Anti-glare Screen,Iris Xe Graphics,,,5.0,876.02,$,256.0
rokc,,14.0,Blue,1000 GB,Intel Core i7,8,Windows 11,,Integrated,Intel,1.2 GHz,,589.99,$,1000.0
hp,,15.0,Silver,1000 GB,Intel Core i5,64,Windows 11 Pro,Backlit Keyboard,Integrated,Intel,,4.5,999.99,$,1000.0
lenovo,ThinkPad L13 Gen 3,13.0,,256 GB,Ryzen 5,8,Windows 11 Pro,Information Not Available,Radeon Graphics,AMD Radeon Graphics,,,500.11,$,256.0
lenovo,ThinkPad P16 G1,16.0,Storm Grey,2 TB,Intel Core i7,64,Windows 10 Pro,"Backlit Keyboard,Fingerprint",Dedicated,,,,2319.0,$,2048.0
dell,Precision 5000,17.0,Titan Gray,512 GB,Core i7,32,Windows 10 Pro,"InfinityEdge, Anti-glare Screen",RTX A3000,,,,2701.64,$,512.0
rokc,,14.0,Blue,1000 GB,Intel Core i7,8,Windows 11,,Integrated,Intel,1.2 GHz,,589.99,$,1000.0
hp,,15.0,Silver,1000 GB,Intel Core i5,64,Windows 11 Pro,Backlit Keyboard,Integrated,Intel,,4.5,999.99,$,1000.0
acer,A515-44-R41B,15.0,Silver,256 GB,Ryzen 5 4500U,8,Windows 10 Home,Backlit Keyboard,Integrated,,,4.5,528.18,$,256.0
dell,XPS 9350,13.0,Machined Aluminum,256 GB,Core i7,8,Windows 10,,"Integrated, Dedicated",Intel HD Graphics 5500,,3.8,699.99,$,256.0
rokc,,14.0,Blue,1000 GB,Intel Core i7,8,Windows 11,,Integrated,Intel,1.2 GHz,,589.99,$,1000.0
hp,,15.0,Silver,1000 GB,Intel Core i5,64,Windows 11 Pro,Backlit Keyboard,Integrated,Intel,,4.5,999.99,$,1000.0
lenovo,ThinkBook 14 G4 IAP,14.0,,512 GB,Core i7,8,Windows 11,Anti-glare Screen,Iris Xe Graphics,Intel Iris Xe Graphics,,,1019.0,$,512.0
acer,TravelMate P6 P614-52,14.0,Galaxy Black,1 TB,Core i7 Family,16,Windows 10 Pro,Multi-touch Gesture,Iris Xe Graphics,,,,1347.59,$,1024.0
asus,Asus ZenBook 13,13.0,Slate Grey,512 GB,Intel Core i5,8,Windows 10 Home,"Backlit Kb,Bezel,Fingerprint",Integrated,,,4.4,1099.0,$,512.0
asus,Vivobook 14X,14.0,Indie Black,512 GB,Core i5,8,Windows 11 Home,,Dedicated,NVIDIA GeForce RTX 2050,,5.0,819.99,$,512.0
rokc,,15.0,Blue,1152 GB,Pentium,20,Windows 11,,Integrated,Intel,1.1 GHz,5.0,389.99,$,1152.0
hp,,15.0,Black,1000 GB,Pentium N5000,16,Windows 11,,Integrated,Intel,1.1 GHz,4.4,459.99,$,1000.0
rokc,Ideapad 3,15.0,Gray,1000 GB,Intel Core i5,20,Windows 11,,Integrated,Intel,,,639.99,$,1000.0
dell,Latitude 5530,15.0,,512 GB,Core i7 Family,32,Windows 11 Pro,Anti-glare,,Intel Iris Xe Graphics,4.7 GHz,,1488.95,$,512.0
lg,16Z90Q-K.AAS6U1,16.0,Gray,512 GB,Core i5,16,Windows 11 Home,Lightweight,Dedicated,,,4.1,900.9,$,512.0
hp,Chromebook,14.0,Snow White,32 GB,Celeron,4,Chrome OS,"Speakers: Stereo, Keyboard: Chiclet,",Integrated,,,4.4,297.0,$,32.0
dell,Inspiron,16.0,Silver,1000 GB,Intel Core i5,32,Windows 11,,Integrated,Intel,,,899.99,$,1000.0
rokc,,14.0,Blue,1000 GB,Intel Core i7,8,Windows 11,,Integrated,Intel,1.2 GHz,,589.99,$,1000.0
hp,,15.0,Silver,1000 GB,Intel Core i5,64,Windows 11 Pro,Backlit Keyboard,Integrated,Intel,,4.5,999.99,$,1000.0
lenovo,ThinkPad X1 Carbon Gen 10,14.0,Black,512 GB,Core i7,16,Windows 11,Anti-glare Screen,Iris Xe Graphics,,,2.0,1637.24,$,512.0
rokc,,15.0,Blue,1152 GB,Pentium,20,Windows 11,,Integrated,Intel,1.1 GHz,5.0,389.99,$,1152.0
hp,,15.0,Black,1000 GB,Pentium N5000,16,Windows 11,,Integrated,Intel,1.1 GHz,4.4,459.99,$,1000.0
rokc,Ideapad 3,15.0,Gray,1000 GB,Intel Core i5,20,Windows 11,,Integrated,Intel,,,639.99,$,1000.0
dell,Latitude 7000,14.0,Carbon Fiber,256 GB,Core i5,16,Windows 10 Pro,Anti-glare Screen,Iris Xe Graphics,,,,917.24,$,256.0
panasonic,CF-54,14.0,Silver/Black,256 GB,Core i5,8,Windows 10,Touchscreen,"Integrated, Dedicated",,,3.8,700.0,$,256.0
asus,ASUS VivoBook,17.0,Silver,1 TB,Intel Core i5,12,Windows 11,,"Intel HD Graphics 5000, Integrated",Intel HD Graphics 5000,,4.0,519.0,$,1024.0
dell,Inspiron,16.0,Silver,1000 GB,Intel Core i5,32,Windows 11,,Integrated,Intel,,,899.99,$,1000.0
rokc,,14.0,Blue,1000 GB,Intel Core i7,8,Windows 11,,Integrated,Intel,1.2 GHz,,589.99,$,1000.0
hp,,15.0,Silver,1000 GB,Intel Core i5,64,Windows 11 Pro,Backlit Keyboard,Integrated,Intel,,4.5,999.99,$,1000.0
dell,Latitude 5310 Multi-Touch 2-in-1,13.0,,256 GB,Core i5,8,Windows 10 Pro,,Integrated,Intel UHD Graphics,1.7 GHz,,2199.0,$,256.0
hp,EliteBook 650 G9,15.0,,256 GB,Core i5,16,Windows 10 Pro,Anti-glare Screen,Iris Xe Graphics,Intel Iris Xe Graphics,,,939.19,$,256.0
dell,Precision Workstation 5770,17.0,Silver,1 TB,Intel Core i9,32,Windows 11 Pro,Backlit Keyboard,Dedicated,,,,2949.0,$,1024.0
rokc,,14.0,Blue,1000 GB,Intel Core i7,8,Windows 11,,Integrated,Intel,1.2 GHz,,589.99,$,1000.0
hp,,15.0,Silver,1000 GB,Intel Core i5,64,Windows 11 Pro,Backlit Keyboard,Integrated,Intel,,4.5,999.99,$,1000.0
lenovo,ThinkPad P14s Gen 3,14.0,Black,512 GB,Ryzen 7,32,Windows 11,"Anti-reflection, Anti-smudge",Radeon 680M Graphics,,,,2148.82,$,512.0
lenovo,IdeaPad 3 15ITL6,15.0,Arctic Gray,256 GB,Pentium,4,Windows 10 Home,Anti-glare Screen,UHD Graphics,,,5.0,349.99,$,256.0
hp,HP 14,14.0,Silver,1000 GB,Intel Core i5,32,Windows 11,,Integrated,Intel,,,599.99,$,1000.0
rokc,,15.0,Blue,1152 GB,Pentium,20,Windows 11,,Integrated,Intel,1.1 GHz,5.0,389.99,$,1152.0
hp,,15.0,Black,1000 GB,Pentium N5000,16,Windows 11,,Integrated,Intel,1.1 GHz,4.4,459.99,$,1000.0
rokc,Ideapad 3,15.0,Gray,1000 GB,Intel Core i5,20,Windows 11,,Integrated,Intel,,,639.99,$,1000.0
asus,VivoBook Pro 16X,16.0,Black,1 TB,Core i7,32,Windows 11 Home,"Fingerprint Reader, High Definition Audio, Backlit Keyboard, Anti Glare Coating, Memory Card Slot",RTX 3050 Ti,,,3.3,1445.82,$,1024.0
lg,16Z90P-K.AAB9U1,16.0,Black,1 TB,Core i7 Family,16,Windows 11,Alexa,Integrated,,,4.5,1546.84,$,1024.0
panasonic,CF-31 MK5,13.0,Silver/Black,480 GB,Core i5 5300U,8,Windows 10,Anti-glare,Integrated,,,5.0,552.99,$,480.0
dell,Inspiron,16.0,Silver,1000 GB,Intel Core i5,32,Windows 11,,Integrated,Intel,,,899.99,$,1000.0
rokc,,14.0,Blue,1000 GB,Intel Core i7,8,Windows 11,,Integrated,Intel,1.2 GHz,,589.99,$,1000.0
hp,,15.0,Silver,1000 GB,Intel Core i5,64,Windows 11 Pro,Backlit Keyboard,Integrated,Intel,,4.5,999.99,$,1000.0
lenovo,ThinkPad E570,15.0,Black,256 GB,Core i5,8,Windows 10 Professional 64-bit,Fingerprint Reader,Integrated,,,3.5,369.95,$,256.0
dell,Latitude,15.0,Black,2 TB,Core i7 Family,64,Windows 11 Pro,,Integrated,Intel Iris Xe Graphics,,5.0,1125.0,$,2048.0
dell,Latitude 7320 Detachable 2-in-1,13.0,Black,256 GB,Core i5,8,Windows 11 Pro,Wifi & Bluetooth,Integrated,,,1.0,749.99,$,256.0
dell,7520,15.0,Black,256 GB,Core i7,32,Windows 10 Pro,TrackPoint,"Integrated, Dedicated",,,,479.99,$,256.0
rokc,,14.0,Blue,1000 GB,Intel Core i7,8,Windows 11,,Integrated,Intel,1.2 GHz,,589.99,$,1000.0
hp,,15.0,Silver,1000 GB,Intel Core i5,64,Windows 11 Pro,Backlit Keyboard,Integrated,Intel,,4.5,999.99,$,1000.0
asus,ASUS Vivobook 16 Laptop,16.0,Quiet Blue,512 GB,Ryzen 7 5800H,12,Windows 11 Home,,Integrated,AMD Radeon Graphics,,,629.0,$,512.0
dell,Dell Inspiron,13.0,Era Gray,256 GB,,8,Windows 10 Home,"Backlit Keyboard,Spill-resistant",AMD Radeon,,,3.7,598.99,$,256.0
lenovo,20VK0019US,13.0,Black,512 GB,Core i7,16,Windows 10 Pro,"Fingerprint Reader,Pen",Integrated,,,3.7,849.0,$,512.0
dell,Alienware m17 Ryzen Edition R5 Laptop,17.0,Dark Side of the Moon,512 GB,AMD Ryzen 7,12,Windows 11 Home,,Dedicated,NVIDIA GeForce RTX 3060,,,1486.99,$,512.0
panasonic,Panasonic Toughbook,13.0,Silver/Black,1 TB,Core i5,16,Windows 10,Backlit Keyboard,Integrated,,,4.2,599.99,$,1024.0
dell,G15 5521 Laptop,15.0,Black,1000 GB,Core i9,16,Windows 10 Home,,Integrated,NVIDIA GeForce RTX 3070 Ti,,,1767.99,$,1000.0
rokc,,14.0,Blue,1000 GB,Intel Core i7,8,Windows 11,,Integrated,Intel,1.2 GHz,,589.99,$,1000.0
hp,,15.0,Silver,1000 GB,Intel Core i5,64,Windows 11 Pro,Backlit Keyboard,Integrated,Intel,,4.5,999.99,$,1000.0
dell,Latitude 7320 Detachable 2-in-1,13.0,Black,1000 GB,Core i5,16,Windows 11 Home,Wifi & Bluetooth,Integrated,,,,899.74,$,1000.0
dell,Precision 7770,17.0,,512 GB,Intel Core i9,32,Windows 11 Pro,Anti-glare,Dedicated,NVIDIA RTX A5500 16GB GDDR6,,,3345.99,$,512.0
lenovo,Chromebook,14.0,Gray,32 MB,,4,Chrome OS,Backlit Keyboard,Integrated,AMD Radeon R5,,4.1,289.0,$,32.0
dell,Latitude 7440,14.0,,512 GB,Intel Core i7,32,Windows 11 Pro,Anti-glare,Integrated,Intel Iris Xe Graphics,,,1535.99,$,512.0
dell,Latitude Rugged 5430 Laptop,14.0,Silver,1000 GB,Core i5,16,Windows 11 Pro,,Integrated,Intel Integrated Graphics,,5.0,1499.99,$,1000.0
rokc,,14.0,Blue,1000 GB,Intel Core i7,8,Windows 11,,Integrated,Intel,1.2 GHz,,589.99,$,1000.0
hp,,15.0,Silver,1000 GB,Intel Core i5,64,Windows 11 Pro,Backlit Keyboard,Integrated,Intel,,4.5,999.99,$,1000.0
asus,ASUS VivoBook 17X,17.0,Blue,512 GB,Ryzen 7 5800H,8,Windows 11 Home,Fingerprint Sensor,Integrated,,,3.8,743.66,$,512.0
msi,Summit E13FlipEvo A13MT-220US,13.0,Ink Black,1 TB,Core i7,32,Windows 11 Pro,,Integrated,Intel Iris,,,1599.0,$,1024.0
rokc,,14.0,Blue,1000 GB,Intel Core i7,8,Windows 11,,Integrated,Intel,1.2 GHz,,589.99,$,1000.0
hp,,15.0,Silver,1000 GB,Intel Core i5,64,Windows 11 Pro,Backlit Keyboard,Integrated,Intel,,4.5,999.99,$,1000.0
acer,A515-57G-58R7,15.0,Gray,512 GB,Intel Core i5,8,Windows 11 Home,"Backlit Kb,Fingerprint Reader",Dedicated,,,4.2,879.99,$,512.0
dell,Latitude 9520 Laptop,15.0,Black,512 GB,Core i7,16,Windows 11 Pro,Wifi & Bluetooth,Integrated,,,,986.99,$,512.0
dell,Precision 5560,15.0,,1 TB,Intel Core i9,16,Windows 10 Pro,,Integrated,NVIDIA RTX A2000 w/4GB,2.6 GHz,4.2,2499.99,$,1024.0
rokc,,14.0,Blue,1000 GB,Intel Core i7,8,Windows 11,,Integrated,Intel,1.2 GHz,,589.99,$,1000.0
hp,,15.0,Silver,1000 GB,Intel Core i5,64,Windows 11 Pro,Backlit Keyboard,Integrated,Intel,,4.5,999.99,$,1000.0
hp,,15.0,Silver,1000 GB,Intel Core i5,64,Windows 11 Pro,Backlit Keyboard,Integrated,Intel,,4.5,999.99,$,1000.0
dell,Precision 7000,16.0,,1 TB,Core i9,64,Windows 11 Pro,Anti-glare Screen,RTX 3500 Ada,NVIDIA RTX 3500 Ada,,,3999.99,$,1024.0
rokc,,14.0,Blue,1000 GB,Intel Core i7,8,Windows 11,,Integrated,Intel,1.2 GHz,,589.99,$,1000.0
hp,,15.0,Silver,1000 GB,Intel Core i5,64,Windows 11 Pro,Backlit Keyboard,Integrated,Intel,,4.5,999.99,$,1000.0
asus,Rog Strix Scar G533Z,15.0,Off Black,1 TB,Intel Core i9,32,Windows 11 Home,"HD Audio, Backlit Keyboard, Anti Glare Coating, Numeric Keypad",Dedicated,,,,2249.0,$,1024.0
asus,CR1100FKA-YZ182T-S,11.0,,32 GB,Celeron N,8,Chrome OS,Spill resistant,Integrated,Intel UHD Graphics,,,444.99,$,32.0
panasonic,Panasonic Toughbook,15.0,Silver/Black,480 GB,Core i5,16,Windows 10 Pro,"Stereo,Stereo/",Integrated,,,5.0,606.89,$,480.0
asus,Vi F5,15.0,Gray,128 GB,Intel Core i3,8,Windows 11,"Backlit Keyboard,Fingerprint Reader",Integrated,,,4.2,370.23,$,128.0
apple,MacBook Pro,16.0,Silver,1 TB,Core i9 7960X,16,Mac OS,,Dedicated,Intel UHD Graphics 630,,4.7,1419.0,$,1024.0
dell,Precision 3000,14.0,,512 GB,Core i7,16,Windows 10,Anti-glare Screen,Iris Xe Graphics,Intel Iris Xe Graphics,,,1910.62,$,512.0
rokc,,15.0,Blue,1152 GB,Pentium,20,Windows 11,,Integrated,Intel,1.1 GHz,5.0,389.99,$,1152.0
hp,,15.0,Black,1000 GB,Pentium N5000,16,Windows 11,,Integrated,Intel,1.1 GHz,4.4,459.99,$,1000.0
rokc,Ideapad 3,15.0,Gray,1000 GB,Intel Core i5,20,Windows 11,,Integrated,Intel,,,639.99,$,1000.0
lenovo,IdeaPad Slim 7 Pro 14IHU5,14.0,Slate Gray,512 GB,Core i5 Family,16,Windows 11 Home,,Iris Xe Graphics,Intel Iris Xe Graphics,,4.3,711.99,$,512.0
asus,ASUS VivoBook,15.0,,128 GB,,4,Windows 10 Home,,Dedicated,AMD Radeon R7,,4.1,319.0,$,128.0
panasonic,CF-52 MK5,15.0,grey/black,240 GB,Core i5,8,Windows 10,Stereo Speakers,Dedicated,,,3.9,450.0,$,240.0
dell,Inspiron,16.0,Silver,1000 GB,Intel Core i5,32,Windows 11,,Integrated,Intel,,,899.99,$,1000.0
rokc,,14.0,Blue,1000 GB,Intel Core i7,8,Windows 11,,Integrated,Intel,1.2 GHz,,589.99,$,1000.0
hp,,15.0,Silver,1000 GB,Intel Core i5,64,Windows 11 Pro,Backlit Keyboard,Integrated,Intel,,4.5,999.99,$,1000.0
lenovo,IdeaPad 3 Lenovo,15.0,Abyss Blue,512 GB,Core i5 Family,16,Windows 11 Pro,"Fingerprint Reader, Backlit Keyboard, Anti Glare Coating, Memory Card Slot, Numeric Keypad",Integrated,,,,659.99,$,512.0
rokc,,14.0,Blue,1000 GB,Intel Core i7,8,Windows 11,,Integrated,Intel,1.2 GHz,,589.99,$,1000.0
hp,,15.0,Silver,1000 GB,Intel Core i5,64,Windows 11 Pro,Backlit Keyboard,Integrated,Intel,,4.5,999.99,$,1000.0
lenovo,Lenovo,15.0,Iron Grey,256 GB,Intel Core i5,12,Windows 10,,Integrated,INTEL,,4.4,899.99,$,256.0
msi,Creator M16 B13VE-1251US,16.0,Black,1 TB,Core i9,16,Windows 11 Home,,Dedicated,NVIDIA GeForce RTX 4070,,,1599.0,$,1024.0
lenovo,130-15AST,15.0,Black,128 GB,AMD A Series,4,Windows 10 Home,,Dedicated,AMD Radeon R5,,4.2,399.99,$,128.0
rokc,,14.0,Blue,1000 GB,Intel Core i7,8,Windows 11,,Integrated,Intel,1.2 GHz,,589.99,$,1000.0
hp,,15.0,Silver,1000 GB,Intel Core i5,64,Windows 11 Pro,Backlit Keyboard,Integrated,Intel,,4.5,999.99,$,1000.0
lg,16Z90R-N.APC5U1,16.0,Charcoal gray,512 GB,Core i5,8,Windows 11 Pro,,Integrated,Intel HD Graphics 520,,,978.99,$,512.0
dell,Latitude,15.0,,2 TB,Core i5,32,Windows 10 Pro,,Integrated,Intel Iris Xe Graphics,,5.0,1481.86,$,2048.0
dell,Inspiron,14.0,Silver,2 TB,Core i7 Family,64,Windows 11 Home,,Integrated,Intel Iris Xe Graphics,,5.0,993.23,$,2048.0
dell,5300,13.0,Gray,256 GB,Core i7 Family,16,Windows 10 Pro,Backlit Keyboard,Integrated,,,4.2,1499.0,$,256.0
rokc,,14.0,Blue,1000 GB,Intel Core i7,8,Windows 11,,Integrated,Intel,1.2 GHz,,589.99,$,1000.0
hp,,15.0,Silver,1000 GB,Intel Core i5,64,Windows 11 Pro,Backlit Keyboard,Integrated,Intel,,4.5,999.99,$,1000.0
hp,ELITEBOOK 820G3,12.0,Black,500 GB,Core i7,8,Windows 10 Pro 64 Bit-Multi-Language Support English/French/Spanish.,,Integrated,Integrated Graphics,,,248.98,$,500.0
lenovo,ThinkPad P16 G1,16.0,Storm Grey,2 TB,Core i7 Family,32,Windows 11 Pro,"Fingerprint Reader, TrackPoint, Backlit Keyboard, Anti Glare Coating, Numeric Keypad",Dedicated,,,2.5,2119.0,$,2048.0
lg,15ZB90Q-V.ARS5U1,15.0,,512 GB,Core i5,8,Windows 11 Home,,Integrated,,3.3,,1469.44,$,512.0
rokc,,14.0,Blue,1000 GB,Intel Core i7,8,Windows 11,,Integrated,Intel,1.2 GHz,,589.99,$,1000.0
hp,,15.0,Silver,1000 GB,Intel Core i5,64,Windows 11 Pro,Backlit Keyboard,Integrated,Intel,,4.5,999.99,$,1000.0
dell,Alienware m15 R5 Ryzen Edition Laptop,15.0,Dark Side of the Moon,1000 GB,AMD Ryzen 7,32,Windows 10 Home,Wifi & Bluetooth,Nvidia GeForce RTX 3070,,,4.2,1986.99,$,1000.0
msi,MSI Katana 15,15.0,Black,1 TB,Core i7,16,Windows 11 Home,,Dedicated,NVIDIA GeForce RTX 4070,,4.4,1349.49,$,1024.0
dell,Latitude 5000,14.0,Titan Gray,256 GB,Core i5,8,Windows 10 Pro,Anti-glare Screen,Iris Xe Graphics,,,,726.07,$,256.0
msi,CreatorPro M15 A11UIS-1292US,15.0,Black,512 GB,Core i7,16,Windows 11 Pro,Thin Bezel,Dedicated,,,,1099.99,$,512.0
hp,HP Envy,14.0,,1 TB,Core i3,8,Windows 10,"Backlit Keyboard,Fingerprint Reader",Integrated,Intel HD Graphics 520,,4.6,587.99,$,1024.0
rokc,,14.0,Blue,1000 GB,Intel Core i7,8,Windows 11,,Integrated,Intel,1.2 GHz,,589.99,$,1000.0
hp,,15.0,Silver,1000 GB,Intel Core i5,64,Windows 11 Pro,Backlit Keyboard,Integrated,Intel,,4.5,999.99,$,1000.0
dell,Dell Latitude,14.0,,320 GB,Core i3,2,Windows 7 Home Premium,,Integrated,Intel HD 4000,2.4 GHz,3.0,99.99,$,320.0
dell,Precision 3000,15.0,,512 GB,Core i7,16,Windows 11,Anti-glare Screen,RTX A500,NVIDIA RTX A500,,,1910.11,$,512.0
acer,CP311-2H-C3KA,11.0,Silver,64 GB,Celeron N,4,Chrome OS,,Integrated,Intel,,4.5,316.39,$,64.0
hp,056-01-4094,11.0,,32 GB,MediaTek MT8183,4,Chrome OS,Stereo Speakers,Integrated,MediaTek Integrated,,4.2,168.0,$,32.0
rokc,,15.0,Blue,1152 GB,Pentium,20,Windows 11,,Integrated,Intel,1.1 GHz,5.0,389.99,$,1152.0
hp,,15.0,Black,1000 GB,Pentium N5000,16,Windows 11,,Integrated,Intel,1.1 GHz,4.4,459.99,$,1000.0
rokc,Ideapad 3,15.0,Gray,1000 GB,Intel Core i5,20,Windows 11,,Integrated,Intel,,,639.99,$,1000.0
lenovo,ThinkBook 14s Yoga G2 IAP,14.0,,512 GB,Core i7,16,Windows 11,Information Not Available,Iris Xe Graphics,Intel Iris Xe Graphics,,5.0,1209.0,$,512.0
dell,Dell XPS 17 9720,17.0,Platinum Silver,1 TB,Intel Core i9,32,Windows 11 Pro,"Fingerprint Reader, Backlit Keyboard, 32 GB RAM",Integrated,,,,2999.0,$,1024.0
dell,Latitude 7000,14.0,Carbon Fiber,256 GB,Core i5,16,Windows 10 Pro,Anti-glare Screen,Iris Xe Graphics,,,,798.0,$,256.0
dell,XPS,13.0,Evo i7-1260P,1 TB,Core i7,16,Windows 11,Backlit Keyboard,Integrated,,,,1355.84,$,1024.0
asus,,15.0,,256 GB,Core i3,8,Windows 11 Home,"Full,Nanoedge Bezel",Integrated,,3 GHz,,499.99,$,256.0
dell,Inspiron,16.0,Silver,1000 GB,Intel Core i5,32,Windows 11,,Integrated,Intel,,,899.99,$,1000.0
rokc,,14.0,Blue,1000 GB,Intel Core i7,8,Windows 11,,Integrated,Intel,1.2 GHz,,589.99,$,1000.0
hp,,15.0,Silver,1000 GB,Intel Core i5,64,Windows 11 Pro,Backlit Keyboard,Integrated,Intel,,4.5,999.99,$,1000.0
toughbook,CF-54F9001KM,14.0,,512 GB,Core i5,16,Windows 10 Pro,Backlit Keyboard,Integrated,Intel HD Graphics 520,,,1195.0,$,512.0
microsoft,Surface Laptop,15.0,Matte Black,512 GB,Ryzen 7,16,Windows 10 Home,,Integrated,AMD Radeon RX Vega 11,,4.1,1299.0,$,512.0
dell,M,15.0,Black,1 TB,AMD R Series,32,Windows 11,,GeForce RTX 3070,NVIDIA GeForce RTX 3070,,3.5,1962.99,$,1024.0
hp,HP ProBook,14.0,,320 GB,Core i5,4,Windows 7 Professional,,Integrated,Intel HD Graphics 3000,2.5 GHz,5.0,124.0,$,320.0
panasonic,Panasonic Toughbook,12.0,SILVER BLACK,512,Intel Core i7,16,Windows 10,Pen,Integrated,,,,1773.99,$,512.0
rokc,,14.0,Blue,1000 GB,Intel Core i7,8,Windows 11,,Integrated,Intel,1.2 GHz,,589.99,$,1000.0
hp,,15.0,Silver,1000 GB,Intel Core i5,64,Windows 11 Pro,Backlit Keyboard,Integrated,Intel,,4.5,999.99,$,1000.0
dell,Precision 7770,17.0,,512 GB,Intel Core i7,64,Windows 11 Pro,,Integrated,NVIDIA GeForce RTX A4500,4.8 GHz,,3376.64,$,512.0
dell,XPS 17 9700,17.0,Silver,1 TB,Core i9,32,Windows 10 Home,,NVIDIA RTX 2060,NVIDIA GeForce RTX 2060,,4.1,4999.0,$,1024.0
msi,Modern 14 C13M-621US,14.0,Urban Silver,1 TB,Core i7,16,Windows 11 Home,,Integrated,Intel Iris,,5.0,839.99,$,1024.0
lenovo,ThinkPad P16 Gen 1,16.0,Black,512 GB,Core i7 Family,16,Windows 11 Pro,Backlit Keyboard,Integrated,,,4.5,1499.0,$,512.0
acer,C732-C6WU,11.0,Grey,32 GB,Celeron N3350,4,Chrome OS,Memory Card Slot,Integrated,,,4.4,334.99,$,32.0
rokc,,15.0,Blue,1152 GB,Pentium,20,Windows 11,,Integrated,Intel,1.1 GHz,5.0,389.99,$,1152.0
hp,,15.0,Black,1000 GB,Pentium N5000,16,Windows 11,,Integrated,Intel,1.1 GHz,4.4,459.99,$,1000.0
rokc,Ideapad 3,15.0,Gray,1000 GB,Intel Core i5,20,Windows 11,,Integrated,Intel,,,639.99,$,1000.0
hp,16-f2013dx,16.0,,512 GB,Intel Core i7,16,Windows 11 Home,Backlit Keyboard,Dedicated,Intel Iris Xe Graphics,,,1400.0,$,512.0
dell,Latitude 7000,16.0,,512 GB,Core i7,16,Windows 11 Pro,Anti-glare Screen,Iris Xe Graphics,Intel Iris Xe Graphics,,,1599.99,$,512.0
lenovo,ThinkPad E15 Gen 4,15.0,,512 GB,Ryzen 5,16,Windows 11,Anti-glare Screen,Radeon Graphics,AMD Radeon Graphics,,,864.14,$,512.0
dell,XPS 17 9720,17.0,,2 TB,Intel Core i9,64,Windows 11 Pro,,Dedicated,NVIDIA GeForce RTX 3060,4 GHz,5.0,3399.99,$,2048.0
dell,Inspiron,16.0,Silver,1000 GB,Intel Core i5,32,Windows 11,,Integrated,Intel,,,899.99,$,1000.0
rokc,,14.0,Blue,1000 GB,Intel Core i7,8,Windows 11,,Integrated,Intel,1.2 GHz,,589.99,$,1000.0
hp,,15.0,Silver,1000 GB,Intel Core i5,64,Windows 11 Pro,Backlit Keyboard,Integrated,Intel,,4.5,999.99,$,1000.0
lenovo,Chromebook,11.0,Black,32 GB,A-Series,4,Chrome OS,Anti-glare,Integrated,,,4.2,253.46,$,32.0
lenovo,ThinkBook 14 G4 IAP,14.0,,256 GB,Core i5,16,Windows 11,Anti-glare Screen,Iris Xe Graphics,Intel Iris Xe Graphics,,,965.99,$,256.0
dell,G15 5521 Laptop,15.0,Black,1000 GB,Core i7,16,Windows 11 Home,,Dedicated,NVIDIA GeForce RTX 3060,,,1163.99,$,1000.0
rokc,,14.0,Blue,1000 GB,Intel Core i7,8,Windows 11,,Integrated,Intel,1.2 GHz,,589.99,$,1000.0
hp,,15.0,Silver,1000 GB,Intel Core i5,64,Windows 11 Pro,Backlit Keyboard,Integrated,Intel,,4.5,999.99,$,1000.0
lenovo,ThinkPad X1 Yoga Gen 7,14.0,,256 GB,Core i5,16,Windows 11,Information Not Available,Iris Xe Graphics,Intel Iris Xe Graphics,,,1152.45,$,256.0
lenovo,Lenovo Flex 5 2 in 1,14.0,,256 GB,Ryzen 3 4300U,4,Windows 10,Dolby,Integrated,Integrated AMD Radeon Graphics,,4.2,468.0,$,256.0
asus,ROG Strix Scar GL703GE,17.0,Black,1000 GB,Core i7,16,Windows 10 Home,,Dedicated,NVIDIA GeForce GTX 1050 Ti,,4.3,1699.0,$,1000.0
rokc,,14.0,Blue,1000 GB,Intel Core i7,8,Windows 11,,Integrated,Intel,1.2 GHz,,589.99,$,1000.0
hp,,15.0,Silver,1000 GB,Intel Core i5,64,Windows 11 Pro,Backlit Keyboard,Integrated,Intel,,4.5,999.99,$,1000.0
lenovo,ThinkPad P15s Gen 2,15.0,Black,1 TB,Core i7 Family,32,Windows 10 Pro,Anti-glare Screen,Quadro T500,,,1.0,1349.99,$,1024.0
msi,CPROM15843,15.0,Black,1 TB,Core i7 Family,16,Windows 11 Pro,,"Integrated, Dedicated",NVIDIA GeForce GTX 1050,,,1246.47,$,1024.0
rokc,,14.0,Blue,1000 GB,Intel Core i7,8,Windows 11,,Integrated,Intel,1.2 GHz,,589.99,$,1000.0
hp,,15.0,Silver,1000 GB,Intel Core i5,64,Windows 11 Pro,Backlit Keyboard,Integrated,Intel,,4.5,999.99,$,1000.0
hp,ZBOOK 17 G3,17.0,Black,1000 GB,Core i7,16,Windows 10 Pro 64 Bit Multi-Language Support English/French/Spanish,,Integrated,Integrated Graphics,,1.0,474.98,$,1000.0
lenovo,300e-convertible,11.0,Black,64 GB,Celeron N3450,4,Windows 10 Home,,Integrated,Intel HD Graphics 500,,4.0,269.99,$,64.0
acer,Acer Swift,14.0,,512 GB,Intel Core i7-1165G7,8,Windows 10,"Backlit Keyboard,Fingerprint Reader",Integrated,Intel Iris Xe Graphics,,2.9,599.99,$,512.0
rokc,,14.0,Blue,1000 GB,Intel Core i7,8,Windows 11,,Integrated,Intel,1.2 GHz,,589.99,$,1000.0
hp,,15.0,Silver,1000 GB,Intel Core i5,64,Windows 11 Pro,Backlit Keyboard,Integrated,Intel,,4.5,999.99,$,1000.0
dell,Latitude 7000,14.0,,256 GB,Core i5,16,Windows 11 Pro,Anti-glare Screen,Iris Xe Graphics,Intel Iris Xe Graphics,,,1359.99,$,256.0
dell,Dell G16 7620,16.0,Obsidian Black,1 TB,Intel Core i7,32,Windows 10 Pro,"HD Audio, Backlit Keyboard, Anti Glare Coating",Dedicated,,,,1374.98,$,1024.0
msi,CreatorPro X17 A12UKS-059,17.0,Black,1 TB,Core i9,32,Windows 11,,Dedicated,NVIDIA Quadro RTX 3000,,5.0,4499.0,$,1024.0
lenovo,Lenovo Ideapad,15.0,,256 GB,Core i3,4,Windows 11 Home in S Mode,,Integrated,,2.4 GHz,3.7,360.0,$,256.0
dell,Alienware m18 Laptop,18.0,Black,2000 GB,Core i9,64,Windows 11 Pro,,Integrated,NVIDIA GeForce RTX 4080,,,3416.35,$,2000.0
dell,Latitude 7320 Detachable 2-in-1,13.0,Black,256 GB,Core i5,8,Windows 11 Pro,Wifi & Bluetooth,Integrated,,,3.0,749.99,$,256.0
asus,E410MA-TB.CL464,14.0,,64 GB,Celeron,4,Windows 11 S,,Integrated,Intel UHD Graphics 600,1.1 GHz,4.6,229.99,$,64.0
rokc,,15.0,Blue,1152 GB,Pentium,20,Windows 11,,Integrated,Intel,1.1 GHz,5.0,389.99,$,1152.0
hp,,15.0,Black,1000 GB,Pentium N5000,16,Windows 11,,Integrated,Intel,1.1 GHz,4.4,459.99,$,1000.0
rokc,Ideapad 3,15.0,Gray,1000 GB,Intel Core i5,20,Windows 11,,Integrated,Intel,,,639.99,$,1000.0
rokc,,14.0,Blue,1000 GB,Intel Core i7,8,Windows 11,,Integrated,Intel,1.2 GHz,,589.99,$,1000.0
hp,,15.0,Silver,1000 GB,Intel Core i5,64,Windows 11 Pro,Backlit Keyboard,Integrated,Intel,,4.5,999.99,$,1000.0
hp,HP Stream,11.0,,32 GB,Others,4,Windows 10,,Integrated,,1 GHz,4.8,176.24,$,32.0
lenovo,Lenovo Ideapad,15.0,Abyss Blue,256 GB,Core i3-10110U,8,Windows 10,,Integrated,Intel UHD Graphics,,4.5,400.0,$,256.0
toughbook,CF-20 MK1,10.0,,256 GB,Core M Family,8,Windows 10 Pro,Backlit Keyboard,Integrated,Intel HD Graphics 515,,,863.99,$,256.0
lenovo,ThinkBook 14 Gen 4,14.0,Mineral Grey,2 TB,Core i7 Family,16,Windows 11 Pro,Anti-glare,Integrated,,,,1199.0,$,2048.0
rokc,,14.0,Blue,1000 GB,Intel Core i7,8,Windows 11,,Integrated,Intel,1.2 GHz,,589.99,$,1000.0
hp,,15.0,Silver,1000 GB,Intel Core i5,64,Windows 11 Pro,Backlit Keyboard,Integrated,Intel,,4.5,999.99,$,1000.0
dell,XPS 9530 Laptop,15.0,Platinum Silver,1000 GB,Core i7,64,Windows 11 Pro,,Dedicated,NVIDIA GeForce RTX 4050,,,2465.99,$,1000.0
dell,Dell Inspiron 15 3525 Laptop,15.0,Black,2 TB,Ryzen 7,64,Windows 11 Home,,Integrated,AMD Radeon,,4.1,971.04,$,2048.0
dell,Latitude 5440,14.0,,512 GB,Core i7 Family,32,Windows 11 Pro,"Anti-glare,Backlit Keyboard",Integrated,intel,,,996.99,$,512.0
msi,GL66 12UGKV,15.0,Core Black,2 TB,Core I7 11800H,64,Windows 11 Pro,"HD Audio, Backlit Keyboard, Numeric Keypad",Dedicated,,,4.8,1808.99,$,2048.0
rokc,,14.0,Blue,1000 GB,Intel Core i7,8,Windows 11,,Integrated,Intel,1.2 GHz,,589.99,$,1000.0
hp,,15.0,Silver,1000 GB,Intel Core i5,64,Windows 11 Pro,Backlit Keyboard,Integrated,Intel,,4.5,999.99,$,1000.0
hp,HP Stream,11.0,White,32 GB,Celeron N4000,4,Windows 10 S,Anti Glare Coating,Integrated,,,4.2,194.97,$,32.0
dell,Latitude 7000,13.0,Carbon Fiber,512 GB,Core i7,16,Windows 10 Pro,Anti-glare Screen,Iris Xe Graphics,,,,1718.99,$,512.0
dell,Latitude 9000,14.0,,512 GB,Core i7,16,Windows 11 Pro,"Anti-reflection, Anti-smudge, Corning Gorilla Glass, Anti-glare Screen",Iris Xe Graphics,Intel Iris Xe Graphics,,,2643.99,$,512.0
dell,Latitude,14.0,Black,512 GB,Core i7,16,Windows 11 Pro,Information Not Available,Integrated,,,,1482.04,$,512.0
dell,Alienware m17 Ryzen Edition R5 Laptop,17.0,Dark Side of the Moon,2000 GB,AMD Ryzen 7,16,Windows 11 Home,,Dedicated,NVIDIA GeForce RTX 3070 Ti,,5.0,1881.99,$,2000.0
asus,TAICHI21,11.0,Black and silver,128 GB,Core i5-3317U,4,Windows 8,,Integrated,Intel HD Graphics 4000,,3.5,462.0,$,128.0
hp,HP Pavilion i7-1065G7 FHD Touch,15.0,Silver,1 TB,Core i7,12,Windows 10,"Backlit Keyboard,Numeric Keypad",Integrated,,,3.4,959.99,$,1024.0
rokc,,15.0,Blue,1152 GB,Pentium,20,Windows 11,,Integrated,Intel,1.1 GHz,5.0,389.99,$,1152.0
hp,,15.0,Black,1000 GB,Pentium N5000,16,Windows 11,,Integrated,Intel,1.1 GHz,4.4,459.99,$,1000.0
rokc,Ideapad 3,15.0,Gray,1000 GB,Intel Core i5,20,Windows 11,,Integrated,Intel,,,639.99,$,1000.0
dell,KX9W6,13.0,,512 GB,Intel Core i7,16,Windows 10 Pro,,Integrated,,1.8 GHz,5.0,1273.99,$,512.0
dell,XPS 9720,17.0,Platinum Silver,4 TB,Core i7 Family,64,Windows 10 Pro,"Backlit Kb,Fingerprint",Dedicated,,,,3799.0,$,4096.0
lenovo,Lenovo ThinkPad T14 Gen 3,14.0,Thunder Balck,4 TB,Core i7 Family,48,Windows 11 Pro,"Fingerprint Reader, HD Audio, TrackPoint, Backlit Keyboard, Anti Glare Coating",Integrated,,,,2179.0,$,4096.0
dell,Inspiron,16.0,Silver,1000 GB,Intel Core i5,32,Windows 11,,Integrated,Intel,,,899.99,$,1000.0
rokc,,14.0,Blue,1000 GB,Intel Core i7,8,Windows 11,,Integrated,Intel,1.2 GHz,,589.99,$,1000.0
hp,,15.0,Silver,1000 GB,Intel Core i5,64,Windows 11 Pro,Backlit Keyboard,Integrated,Intel,,4.5,999.99,$,1000.0
dell,,15.0,,2 TB,Core i5,32,Windows 11 Home,,Intel UHD Graphics,Intel UHD Graphics,4.2 GHz,,620.0,$,2048.0
dell,Latitude 5530 Laptop,15.0,Black,1000 GB,Core i7,16,Windows 11 Pro,Backlit Keyboard,Integrated,,,,1009.0,$,1000.0
rokc,,14.0,Blue,1000 GB,Intel Core i7,8,Windows 11,,Integrated,Intel,1.2 GHz,,589.99,$,1000.0
hp,,15.0,Silver,1000 GB,Intel Core i5,64,Windows 11 Pro,Backlit Keyboard,Integrated,Intel,,4.5,999.99,$,1000.0
dell,XPS 9315 2-in-1,13.0,Platinum Silver,1000 GB,Core i7,16,Windows 11 Home,,Integrated,Intel Integrated Graphics,,,1561.99,$,1000.0
dell,Alienware X14 Laptop,14.0,Lunar Light,1000 GB,Core i7,12,Windows 11 Home,,Integrated,NVIDIA GeForce RTX 3060,,,2086.99,$,1000.0
dell,LATITUDE E6540,15.0,Silver,500 GB,Core i7,16,Windows 10 Pro 64 Bit-Multi-Language Support English/French/Spanish.,,Integrated,Integrated Graphics,,,268.98,$,500.0
lenovo,Lenovo IdeaPad 1,14.0,,128 MB,,4,Windows,"Anti-glare,Hd Audio",Integrated,Intel UHD Graphics 605,1.1 GHz,4.3,310.19,$,128.0
rokc,,15.0,Blue,1152 GB,Pentium,20,Windows 11,,Integrated,Intel,1.1 GHz,5.0,389.99,$,1152.0
hp,,15.0,Black,1000 GB,Pentium N5000,16,Windows 11,,Integrated,Intel,1.1 GHz,4.4,459.99,$,1000.0
rokc,Ideapad 3,15.0,Gray,1000 GB,Intel Core i5,20,Windows 11,,Integrated,Intel,,,639.99,$,1000.0
lenovo,Legion 5 Pro,16.0,,512 GB,AMD Ryzen 7 5800H,16,Windows 11 Home,,Dedicated,AMD Radeon RTX 3070,3.2 GHz,,1344.99,$,512.0
gigabyte,AORUS 17 XE4-73US514SH,17.0,Black,1 TB,Intel Mobile CPU,16,Windows 11 Home,,Dedicated,,,4.0,1119.99,$,1024.0
lenovo,ThinkPad P14s Gen 2,14.0,Black,512 GB,Ryzen 7,16,Windows 11 Pro,Anti-glare Screen,Radeon Graphics,,,,1638.95,$,512.0
apple,MacBook Pro,13.0,,512 GB,Apple M1,16,macOS 12 Monterey,,Integrated,,3 GHz,1.0,1657.99,$,512.0
dell,Latitude 9000,14.0,Graphite,512 GB,Core i7,16,Windows 10 Pro,"Corning Gorilla Glass 6, Anti-reflection, Anti-smudge",Iris Xe Graphics,,,,2150.88,$,512.0
dell,Latitude 3000,14.0,Apollo,256 GB,Intel Core i5-1135G7,8,Windows 10 Pro,,Iris Xe Graphics,Intel Iris Xe Graphics,,1.7,836.16,$,256.0
lenovo,,13.0,Silver,256 GB,,8,Windows 10,,Integrated,Intel HD Graphics 5300,,3.0,724.0,$,256.0
dell,Latitude 7410 Laptop,14.0,Black,256 GB,Core i7,16,Windows 11 Pro,Wifi & Bluetooth,Integrated,,,5.0,749.99,$,256.0
dell,Inspiron,16.0,Silver,1000 GB,Intel Core i5,32,Windows 11,,Integrated,Intel,,,899.99,$,1000.0
rokc,,14.0,Blue,1000 GB,Intel Core i7,8,Windows 11,,Integrated,Intel,1.2 GHz,,589.99,$,1000.0
hp,,15.0,Silver,1000 GB,Intel Core i5,64,Windows 11 Pro,Backlit Keyboard,Integrated,Intel,,4.5,999.99,$,1000.0
dell,Latitude,15.0,Silver,512 GB,Core i5 Family,32,Windows 11 Pro,Backlit Keyboard,Integrated,,,,953.82,$,512.0
lenovo,Yoga C940-14IIL,14.0,Gray,512 GB,Core i7-1065G7,8,Windows 10,"Fingerprint Reader,Pen",Integrated,,,4.0,899.0,$,512.0
asus,ASUS Rog Strix,15.0,Electro Punk,512 GB,Corei7-10750H,8,Windows 10,Rgb Backlit Keyboard,Dedicated,,,5.0,979.0,$,512.0
rokc,,14.0,Blue,1000 GB,Intel Core i7,8,Windows 11,,Integrated,Intel,1.2 GHz,,589.99,$,1000.0
hp,,15.0,Silver,1000 GB,Intel Core i5,64,Windows 11 Pro,Backlit Keyboard,Integrated,Intel,,4.5,999.99,$,1000.0
hp,17-by4013dx,15.0,,256 GB,Athlon Silver 3050U,8,Windows 11 Home,,Integrated,AMD Radeon Graphics,,4.5,378.0,$,256.0
lenovo,Chromebook Flex 5,13.0,Graphite Grey,64 GB,Core i3-10110U,4,Chrome OS,"Anti-glare,Backlit Keyboard,Narrow Bezels",Integrated,,,5.0,399.0,$,64.0
dell,Latitude 5320 2-in-1,13.0,Black,512 GB,Core i7,16,Windows 10 Pro,Wifi & Bluetooth,Integrated,,,3.4,1273.99,$,512.0
dell,Latitude 5430 Laptop,14.0,Black,1000 GB,Core i7,32,Windows 11 Pro,,Integrated,Intel Integrated Graphics,,5.0,1227.99,$,1000.0
asus,ASUS Chromebook C423,14.0,Silver,32 GB,Celeron,4,Chrome OS,"Anti-glare,Ultra-narrow Bezel",,Intel HD Graphics 500,,4.2,199.0,$,32.0
rokc,,15.0,Blue,1152 GB,Pentium,20,Windows 11,,Integrated,Intel,1.1 GHz,5.0,389.99,$,1152.0
hp,,15.0,Black,1000 GB,Pentium N5000,16,Windows 11,,Integrated,Intel,1.1 GHz,4.4,459.99,$,1000.0
rokc,Ideapad 3,15.0,Gray,1000 GB,Intel Core i5,20,Windows 11,,Integrated,Intel,,,639.99,$,1000.0
asus,P1512CEA-XS51,15.0,,256 GB,Core i5 Family,8,Windows 11 Pro,,Integrated,,2.4,,619.71,$,256.0
lenovo,T450,14.0,,256 GB,Core i5 5300U,16,Windows 10 Home,Speakers,Integrated,Intel HD 5500,,5.0,139.98,$,256.0
dell,xps 15 7590,15.0,,512 GB,Core i7,16,Windows 10 Pro,"Anti-glare,Backlit Keyboard,Fingerprint Reader",NVIDIA GeForce GTX 1650 4GB,Dedicated,,3.5,979.0,$,512.0
rokc,,14.0,Blue,1000 GB,Intel Core i7,8,Windows 11,,Integrated,Intel,1.2 GHz,,589.99,$,1000.0
hp,,15.0,Silver,1000 GB,Intel Core i5,64,Windows 11 Pro,Backlit Keyboard,Integrated,Intel,,4.5,999.99,$,1000.0
hp,,15.0,,512 GB,,,,,,Intel Iris,,5.0,930.0,$,512.0
lenovo,ThinkPad T15g Gen 2,15.0,Black,1 TB,Core i9,32,Windows 10 Pro,,GeForce RTX 3080,NVIDIA GeForce RTX 3080,,4.5,4119.0,$,1024.0
rokc,,14.0,Blue,1000 GB,Intel Core i7,8,Windows 11,,Integrated,Intel,1.2 GHz,,589.99,$,1000.0
hp,,15.0,Silver,1000 GB,Intel Core i5,64,Windows 11 Pro,Backlit Keyboard,Integrated,Intel,,4.5,999.99,$,1000.0
dell,XPS 9320 Laptop,13.0,Silver,512 GB,Core i7,16,Windows 11 Pro,,Integrated,Intel Integrated Graphics,,,1273.99,$,512.0
dell,Precision 3000,15.0,Titan Gray,512 GB,Core i7,16,Windows 10 Pro,Anti-glare Screen,T550,,,,1723.77,$,512.0
lenovo,Lenovo Thinkpad,14.0,,256 GB,Core i5,8,Windows 11,,Integrated,Intel HD Graphics 520,2.4 GHz,,653.99,$,256.0
rokc,,14.0,Blue,1000 GB,Intel Core i7,8,Windows 11,,Integrated,Intel,1.2 GHz,,589.99,$,1000.0
hp,,15.0,Silver,1000 GB,Intel Core i5,64,Windows 11 Pro,Backlit Keyboard,Integrated,Intel,,4.5,999.99,$,1000.0
hp,ZBook Firefly 16 G9,16.0,,512 GB,Core i7,32,Windows 11 Pro,Anti-glare Screen,"T500,Iris Xe Graphics",NVIDIA Intel T500 Iris Xe Graphics,,,1973.99,$,512.0
dell,Precision 7770,17.0,,512 GB,Core i7 Family,64,Windows 11 Pro,Anti-glare,Dedicated,NVIDIA RTX A4500 16GB GDDR6 (4DP),,,3915.99,$,512.0
rokc,,14.0,Blue,1000 GB,Intel Core i7,8,Windows 11,,Integrated,Intel,1.2 GHz,,589.99,$,1000.0
hp,,15.0,Silver,1000 GB,Intel Core i5,64,Windows 11 Pro,Backlit Keyboard,Integrated,Intel,,4.5,999.99,$,1000.0
panasonic,Panasonic Toughbook,13.0,silver/black,250 GB,Core i5,4,Windows 7,Water Proof,Integrated,,,2.7,299.95,$,250.0
dell,i3500-7722BLK-PUS,15.0,Black,512 GB,Corei7-10750H,16,Windows 10 Home,Anti-glare,NVIDIA GeForce RTX2060,,,4.3,1699.0,$,512.0
rokc,,14.0,Blue,1000 GB,Intel Core i7,8,Windows 11,,Integrated,Intel,1.2 GHz,,589.99,$,1000.0
hp,,15.0,Silver,1000 GB,Intel Core i5,64,Windows 11 Pro,Backlit Keyboard,Integrated,Intel,,4.5,999.99,$,1000.0
dell,Dell Inspiron 16 5625,16.0,Silver,1000 GB,AMD Ryzen 7,16,Windows 11 Home,,Integrated,AMD Radeon Graphics,,5.0,854.86,$,1000.0
msi,Summit E14Evo A12M-026,14.0,Ink Black,512 GB,Core i5,16,Windows 11 Pro,,Integrated,Intel Iris Xe Graphics,,,941.05,$,512.0
microsoft,Laptop 4 13 i5/8GB/512GB ICE BLUE,13.0,Ice Blue,512 GB,Intel Core i5,8,Windows 10 Home,Dolby,Integrated,,,4.4,865.0,$,512.0
dell,Latitude 7000,14.0,,512 GB,Core i7,32,Windows 11 Pro,Anti-glare Screen,Iris Xe Graphics,,,,2192.13,$,512.0
rokc,,15.0,Blue,1152 GB,Pentium,20,Windows 11,,Integrated,Intel,1.1 GHz,5.0,389.99,$,1152.0
hp,,15.0,Black,1000 GB,Pentium N5000,16,Windows 11,,Integrated,Intel,1.1 GHz,4.4,459.99,$,1000.0
rokc,Ideapad 3,15.0,Gray,1000 GB,Intel Core i5,20,Windows 11,,Integrated,Intel,,,639.99,$,1000.0
hp,HP EliteBook,14.0,,256 GB,Core i5,8,Windows 10 Pro,,Integrated,,2.4 GHz,,490.77,$,256.0
hp,Dragonfly Folio G3,13.0,,512 GB,Core i7,16,Windows 11 Pro,"Corning Gorilla Glass 7, Miracast Technology",Iris Xe Graphics,Intel Iris Xe Graphics,,,2333.99,$,512.0
asus,G614JV,16.0,Eclipse Gray,2 TB,Core i7,32,Windows 11 Pro,Backlit Keyboard,Dedicated,,,,1704.99,$,2048.0
asus,ASUS VivoBook,14.0,grey,128 GB,Core i3,4,Windows 10 Home,Active Stylus,Integrated,,,4.4,446.98,$,128.0
dell,Latitude 3000,14.0,Black,256 GB,Core i3,8,Windows 11 Pro,Anti-glare Screen,UHD Graphics,,,,784.97,$,256.0
dell,Precision 5570 Laptop,15.0,Black,512 GB,Core i9,64,Windows 11 Pro,,Integrated,Intel Integrated Graphics,,,2699.0,$,512.0
dell,Inspiron,16.0,Silver,1000 GB,Intel Core i5,32,Windows 11,,Integrated,Intel,,,899.99,$,1000.0
rokc,,14.0,Blue,1000 GB,Intel Core i7,8,Windows 11,,Integrated,Intel,1.2 GHz,,589.99,$,1000.0
hp,,15.0,Silver,1000 GB,Intel Core i5,64,Windows 11 Pro,Backlit Keyboard,Integrated,Intel,,4.5,999.99,$,1000.0
dell,Dell XPS,13.0,Silver/Carbon Fiber,128 GB,Core i5,8,Windows 10,Full Hd Anti-glare,Integrated,,,3.6,1099.95,$,128.0
lenovo,ThinkPad E14 Gen 4,14.0,,256 GB,Ryzen 5,16,Windows 11,Anti-glare Screen,Radeon Graphics,AMD Radeon Graphics,,,729.99,$,256.0
apple,,13.0,,256 GB,,16,Mac OS,,Dedicated,,,3.9,1499.0,$,256.0
dell,Latitude 7640 Laptop,16.0,Black,512 GB,Core i7,32,Windows 11 Pro,,Integrated,Intel Integrated Graphics,,,1662.92,$,512.0
rokc,,14.0,Blue,1000 GB,Intel Core i7,8,Windows 11,,Integrated,Intel,1.2 GHz,,589.99,$,1000.0
hp,,15.0,Silver,1000 GB,Intel Core i5,64,Windows 11 Pro,Backlit Keyboard,Integrated,Intel,,4.5,999.99,$,1000.0
lenovo,Thinkpad,11.0,Black,128 GB,Celeron,4,Windows 10 Pro,Anti Glare Coating,Integrated,,,3.7,286.0,$,128.0
dell,Precision 3000,15.0,Titan Gray,256 GB,Core i5,16,Windows 10 Pro,Anti-glare Screen,GT2 Graphics,,,,1526.31,$,256.0
dell,XPS 9315 Laptop,13.0,Platinum Silver,512 GB,Core i5,16,Windows 11 Pro,,Integrated,Intel Integrated Graphics,,,909.99,$,512.0
microsoft,Surface Laptop,15.0,Matte Black,256 GB,Ryzen 5 2600X,8,Windows 10 Home,,Integrated,AMD Radeon Vega 9,,4.2,799.0,$,256.0
rokc,,15.0,Blue,1152 GB,Pentium,20,Windows 11,,Integrated,Intel,1.1 GHz,5.0,389.99,$,1152.0
hp,,15.0,Black,1000 GB,Pentium N5000,16,Windows 11,,Integrated,Intel,1.1 GHz,4.4,459.99,$,1000.0
rokc,Ideapad 3,15.0,Gray,1000 GB,Intel Core i5,20,Windows 11,,Integrated,Intel,,,639.99,$,1000.0
asus,Rog Strix Scar G533Z,15.0,Off Black,1 TB,Intel Core i9,16,Windows 10 Home,"HD Audio, Backlit Keyboard, Anti Glare Coating, Numeric Keypad",Dedicated,,,,2249.99,$,1024.0
dell,Inspiron 7620 Laptop,16.0,Platinum Silver,1000 GB,Core i7,40,Windows 11 Home,,Integrated,Intel Integrated Graphics,,5.0,1498.0,$,1000.0
lenovo,82LX0050US,15.0,,128 GB,Intel Mobile CPU,4,Windows 11 S,"Bezels,Dolby,Stereo Speakers",Integrated,,3.3,,222.5,$,128.0
dell,Inspiron,16.0,Silver,1000 GB,Intel Core i5,32,Windows 11,,Integrated,Intel,,,899.99,$,1000.0
rokc,,14.0,Blue,1000 GB,Intel Core i7,8,Windows 11,,Integrated,Intel,1.2 GHz,,589.99,$,1000.0
hp,,15.0,Silver,1000 GB,Intel Core i5,64,Windows 11 Pro,Backlit Keyboard,Integrated,Intel,,4.5,999.99,$,1000.0
dell,Inspiron 3511,15.0,,512 GB,Core i5,16,Windows 10 Pro,,Integrated,Intel UHD Graphics,1 GHz,,681.61,$,512.0
dell,Precision 5000,15.0,Aluminum Titan Gray,512 GB,Core i7 Family,32,Windows 10 Pro,Anti-glare Screen,RTX A2000,,,4.0,1699.95,$,512.0
dell,Latitude,14.0,,512 GB,Core i7,16,Windows 11 Pro,,Integrated,Intel Iris Xe Graphics,2.8 GHz,,802.91,$,512.0
apple,,16.0,,1 TB,Apple M2,32,Mac OS,Backlit Keyboard,Integrated,,3.5 GHz,,3043.95,$,1024.0
dell,Alienware X17 R2 Laptop,17.0,Lunar Light,2000 GB,Core i9,64,Windows 11 Home,,Dedicated,NVIDIA GeForce RTX 3080,,5.0,3208.03,$,2000.0
dell,G15,15.0,,256 GB,Core i5,8,Windows 11 Home,,RTX 3050,,2.6 GHz,,760.99,$,256.0
asus,ASUS VivoBook,11.0,,32 GB,Celeron N,2,Windows 10,,Integrated,,1.1 GHz,4.2,199.99,$,32.0
hp,,15.0,Black,1000 GB,Ryzen 5,32,Windows 11,Backlit Keyboard,Integrated,AMD,,5.0,849.99,$,1000.0
rokc,,15.0,Blue,1152 GB,Pentium,20,Windows 11,,Integrated,Intel,1.1 GHz,5.0,389.99,$,1152.0
hp,,15.0,Black,1000 GB,Pentium N5000,16,Windows 11,,Integrated,Intel,1.1 GHz,4.4,459.99,$,1000.0
rokc,Ideapad 3,15.0,Gray,1000 GB,Intel Core i5,20,Windows 11,,Integrated,Intel,,,639.99,$,1000.0
lenovo,Lenovo IdeaPad,15.0,Black,1 TB,Pentium Other,20,Windows 11,Anti-glare,Integrated,,,4.2,419.0,$,1024.0
acer,Swift Go 14,14.0,,512 GB,Intel Core i5,8,Windows 11 Home,"Fingerprint Reader, Backlit Keyboard",Integrated,Intel Iris Xe Graphics,,4.3,799.99,$,512.0
dell,Inspiron,16.0,Silver,1000 GB,Intel Core i5,32,Windows 11,,Integrated,Intel,,,899.99,$,1000.0
rokc,,14.0,Blue,1000 GB,Intel Core i7,8,Windows 11,,Integrated,Intel,1.2 GHz,,589.99,$,1000.0
hp,,15.0,Silver,1000 GB,Intel Core i5,64,Windows 11 Pro,Backlit Keyboard,Integrated,Intel,,4.5,999.99,$,1000.0
acer,Chromebook 311,11.0,Black,32 GB,MediaTek MT8183,4,Chrome OS,,Integrated,Intel Integrated Graphics,,4.4,219.0,$,32.0
gigabyte,U4 UD-50US823SO,14.0,Silver,512 GB,Intel Mobile CPU,16,Windows 11 Home,Thin Bezel,Integrated,,,3.3,700.43,$,512.0
hp,Laptop,15.0,,2 TB,Core i3,32,Windows 10 Pro,,Integrated,Intel Iris Xe Graphics,1 GHz,,298.7,$,2048.0
hp,,15.0,,500 GB,Core i5 6200U,8,Windows 10 Pro,Anti-glare,Integrated,Intel HD Graphics 520,2.3 GHz,3.3,799.81,$,500.0
rokc,,15.0,Blue,1152 GB,Pentium,20,Windows 11,,Integrated,Intel,1.1 GHz,5.0,389.99,$,1152.0
hp,,15.0,Black,1000 GB,Pentium N5000,16,Windows 11,,Integrated,Intel,1.1 GHz,4.4,459.99,$,1000.0
rokc,Ideapad 3,15.0,Gray,1000 GB,Intel Core i5,20,Windows 11,,Integrated,Intel,,,639.99,$,1000.0
asus,Vivobook,11.0,,32 GB,Celeron N,4,Windows 10 S,,Integrated,Intel UHD Graphics 605,1.1 GHz,4.0,169.0,$,32.0
dell,Latitude,15.0,Silver,1 TB,Core i7 Family,32,Windows 11 Pro,Backlit Kb,Integrated,,,4.3,949.0,$,1024.0
dell,Latitude 7000,14.0,,256 GB,Core i7,16,Windows 11 Pro,Anti-glare Screen,Iris Xe Graphics,Intel Iris Xe Graphics,,,1875.98,$,256.0
lenovo,ThinkPad X1 Extreme Gen 5,16.0,,512 GB,Core i7,16,Windows 11 Pro,Anti-glare Screen,GeForce RTX 3050 Ti,NVIDIA GeForce RTX 3050 Ti,,,2352.59,$,512.0
dell,,13.0,,512 GB,,8,Windows 11 Home,Backlit Keyboard,Integrated,,,1.0,749.0,$,512.0
dell,Inspiron,16.0,Silver,1000 GB,Intel Core i5,32,Windows 11,,Integrated,Intel,,,899.99,$,1000.0
rokc,,14.0,Blue,1000 GB,Intel Core i7,8,Windows 11,,Integrated,Intel,1.2 GHz,,589.99,$,1000.0
hp,,15.0,Silver,1000 GB,Intel Core i5,64,Windows 11 Pro,Backlit Keyboard,Integrated,Intel,,4.5,999.99,$,1000.0
dell,XPS 9520 Laptop,15.0,Platinum Silver,512 GB,Core i7,16,Windows 11 Home,,Dedicated,NVIDIA GeForce RTX 3050,,,1566.99,$,512.0
dell,XPS 9320 Laptop,13.0,Black,2000 GB,Core i7,32,Windows 11 Pro,,Integrated,Intel Integrated Graphics,,,1820.99,$,2000.0
dell,Dell 5000,14.0,Platinum Silver,512 GB,Core i7 Family,16,Windows 11 Pro,Fingerprint,Dedicated,,,,1077.24,$,512.0
lenovo,ThinkPad P16s G1,16.0,Black,512 GB,Core i7,16,Windows 11 Pro,Anti-glare Screen,QN20-M1-R,,,,1851.99,$,512.0
rokc,,15.0,Blue,1152 GB,Pentium,20,Windows 11,,Integrated,Intel,1.1 GHz,5.0,389.99,$,1152.0
hp,,15.0,Black,1000 GB,Pentium N5000,16,Windows 11,,Integrated,Intel,1.1 GHz,4.4,459.99,$,1000.0
rokc,Ideapad 3,15.0,Gray,1000 GB,Intel Core i5,20,Windows 11,,Integrated,Intel,,,639.99,$,1000.0
samsung,Chromebook 4,11.0,Silver,64 GB,Celeron N3450,4,Chrome OS,,Integrated,Intel UHD Graphics 600,,4.9,249.49,$,64.0
dell,XPS 9530 Laptop,15.0,Platinum Silver,2000 GB,Core i7,32,Windows 11 Home,,Dedicated,NVIDIA GeForce RTX 4050,,,2409.99,$,2000.0
lenovo,Chromebook Flex 3,11.0,Almond,64 GB,Celeron N4020,4,Chrome OS,,Integrated,Intel UHD Graphics 600,,4.3,229.0,$,64.0
dell,Inspiron,16.0,Silver,1000 GB,Intel Core i5,32,Windows 11,,Integrated,Intel,,,899.99,$,1000.0
rokc,,14.0,Blue,1000 GB,Intel Core i7,8,Windows 11,,Integrated,Intel,1.2 GHz,,589.99,$,1000.0
hp,,15.0,Silver,1000 GB,Intel Core i5,64,Windows 11 Pro,Backlit Keyboard,Integrated,Intel,,4.5,999.99,$,1000.0
dell,Precision 5000,14.0,,512 GB,Core i7,16,Windows 10 Pro,Anti-glare Screen,RTX A1000,NVIDIA RTX A1000,,,2472.99,$,512.0
lg,GRAM 16 2-in-1,16.0,Silver,4 TB,Core i7 Family,16,Windows 11 Pro,"HD Audio, Backlit Keyboard, Memory Card Slot, Numeric Keypad",Integrated,,,,1919.0,$,4096.0
rokc,,14.0,Blue,1000 GB,Intel Core i7,8,Windows 11,,Integrated,Intel,1.2 GHz,,589.99,$,1000.0
hp,,15.0,Silver,1000 GB,Intel Core i5,64,Windows 11 Pro,Backlit Keyboard,Integrated,Intel,,4.5,999.99,$,1000.0
dell,Dell 5000,16.0,Platinum Silver,4 TB,Ryzen 7,64,Windows 11 Pro,"Fingerprint Reader, HD Audio, Backlit Keyboard, Anti Glare Coating, Memory Card Slot",Integrated,,,,1317.06,$,4096.0
acer,PH315-55,15.0,Abyss Black,2 TB,Core i7 Family,32,Windows 11 Pro,,Dedicated,NVIDIA GeForce RTX 3060,,,2129.99,$,2048.0
dell,Precision 3000,15.0,,512 GB,Core i7,16,Windows 11 Pro,Anti-glare Screen,Dedicated,,5 GHz,,1514.09,$,512.0
rokc,,14.0,Blue,1000 GB,Intel Core i7,8,Windows 11,,Integrated,Intel,1.2 GHz,,589.99,$,1000.0
hp,,15.0,Silver,1000 GB,Intel Core i5,64,Windows 11 Pro,Backlit Keyboard,Integrated,Intel,,4.5,999.99,$,1000.0
lg,LG gram,15.0,Silver,256 GB,Core i5 2.3 GHz,8,Windows 10 Home,,Integrated,Intel Iris Plus,,4.0,999.99,$,256.0
dell,XPS,17.0,Platinum Silver,1 TB,Core I7 11800H,16,Windows 10,"Backlit Keyboard,Fingerprint Reader",Dedicated,,,3.8,2179.05,$,1024.0
rokc,,14.0,Blue,1000 GB,Intel Core i7,8,Windows 11,,Integrated,Intel,1.2 GHz,,589.99,$,1000.0
hp,,15.0,Silver,1000 GB,Intel Core i5,64,Windows 11 Pro,Backlit Keyboard,Integrated,Intel,,4.5,999.99,$,1000.0
lenovo,ThinkPad P14s Gen 3,14.0,Black,512 GB,Core i7,16,Windows 11 Pro,Anti-glare Screen,T550,,,,2426.99,$,512.0
microsoft,Surface Laptop,13.0,Black,512 GB,Core i5,16,Windows 11 Home,Dolby,Integrated,,,,1499.99,$,512.0
dell,Latitude,15.0,,2 TB,Core i5,16,Windows 10 Pro,,Integrated,Intel Iris Xe Graphics,,5.0,1436.81,$,2048.0
hp,HP 14 laptop,14.0,Silver,128 GB,Core i3,4,Windows 10 Home,Anti-glare,Integrated,,,3.7,328.58,$,128.0
dell,Latitude 5420,15.0,,256 GB,Core i5,8,Windows 10 Pro,Anti Glare,Integrated,Integrated,,4.2,1443.6,$,256.0
rokc,,15.0,Blue,1152 GB,Pentium,20,Windows 11,,Integrated,Intel,1.1 GHz,5.0,389.99,$,1152.0
hp,,15.0,Black,1000 GB,Pentium N5000,16,Windows 11,,Integrated,Intel,1.1 GHz,4.4,459.99,$,1000.0
rokc,Ideapad 3,15.0,Gray,1000 GB,Intel Core i5,20,Windows 11,,Integrated,Intel,,,639.99,$,1000.0
acer,C771-C4TM,11.0,Black,32 GB,Celeron,1,Chrome OS,Spill Resistant,Integrated,,,4.2,295.4,$,32.0
dell,Dell Latitude,13.0,,256 GB,Core i5,8,Windows 10 Pro,,Integrated,Intel Iris,,5.0,729.0,$,256.0
hp,PRO X2 612G1+KEYBOARD,12.0,Silver,256 GB,Core i5,8,Windows 10 Pro 64 Bit Multi-Language Support English/French/Spanish,,Integrated,Integrated Graphics,,,209.98,$,256.0
dell,Latitude 7420 Laptop,14.0,Black,512 GB,Core i7,32,Windows 10 Pro,Wifi & Bluetooth,Integrated,,,,1652.99,$,512.0
lenovo,ThinkPad T15p Gen 3,15.0,Black,256 GB,Core i7,8,Windows 11,Anti-glare Screen,GeForce RTX 3050,,,,1920.57,$,256.0
dell,Latitude 7420,14.0,,256 GB,Core i5,16,Windows 10 Pro,Anti Glare,Integrated,Intel Iris Xe Graphics,,5.0,544.0,$,256.0
dell,Inspiron,16.0,Silver,1000 GB,Intel Core i5,32,Windows 11,,Integrated,Intel,,,899.99,$,1000.0
rokc,,14.0,Blue,1000 GB,Intel Core i7,8,Windows 11,,Integrated,Intel,1.2 GHz,,589.99,$,1000.0
hp,,15.0,Silver,1000 GB,Intel Core i5,64,Windows 11 Pro,Backlit Keyboard,Integrated,Intel,,4.5,999.99,$,1000.0
dell,Dell 5000,16.0,Platinum Silver,512 GB,Ryzen 7,16,Windows 11,"Fingerprint Reader, HD Audio, Backlit Keyboard, Anti Glare Coating, Memory Card Slot",Integrated,,,,854.86,$,512.0
lenovo,ThinkPad T16 Gen 1,16.0,,256 GB,Ryzen 5,16,Windows 11 Pro,Anti-glare Screen,Radeon Graphics,AMD Radeon Graphics,,,1007.0,$,256.0
lenovo,Lenovo ThinkPad X1 Carbon Gen 11,14.0,Black,512 GB,Core i7 Family,32,Windows 11 Pro,,Integrated,Intel Iris Xe Graphics,,,1644.31,$,512.0
rokc,,15.0,Blue,1152 GB,Pentium,20,Windows 11,,Integrated,Intel,1.1 GHz,5.0,389.99,$,1152.0
hp,,15.0,Black,1000 GB,Pentium N5000,16,Windows 11,,Integrated,Intel,1.1 GHz,4.4,459.99,$,1000.0
rokc,Ideapad 3,15.0,Gray,1000 GB,Intel Core i5,20,Windows 11,,Integrated,Intel,,,639.99,$,1000.0
lenovo,Lenovo ThinkPad T14 Gen 3 AMD,14.0,,2 TB,AMD Ryzen 7,16,Windows 11 Pro,"Anti-glare,Backlit Kyb,Fingerprint Reader",Integrated,AMD Radeon 680M,,5.0,1131.06,$,2048.0
hp,ELITEBOOK 820G3,12.0,,512 GB,Core i5,16,Windows 10 Pro 64 Bit Multi-Language Support English/French/Spanish,,Integrated,Integrated Graphics,2.4 GHz,4.0,307.98,$,512.0
msi,Modern 14 B11MO-857,14.0,Beige Mousse,512 GB,Core i5,8,Win 10 Multi-language /Free upgrade to Win 11,"Multi Touch, Intel 9560 Jefferson Peak (2x2 802.11 ac), White backlight 84 Key",Integrated,,,2.0,699.0,$,512.0
dell,E6540,15.0,,500 GB,Core i7,8,Windows 7 Professional,HD Audio,Dedicated,AMD Radeon HD 8790M,,3.7,529.95,$,500.0
dell,Inspiron,16.0,Silver,1000 GB,Intel Core i5,32,Windows 11,,Integrated,Intel,,,899.99,$,1000.0
rokc,,14.0,Blue,1000 GB,Intel Core i7,8,Windows 11,,Integrated,Intel,1.2 GHz,,589.99,$,1000.0
hp,,15.0,Silver,1000 GB,Intel Core i5,64,Windows 11 Pro,Backlit Keyboard,Integrated,Intel,,4.5,999.99,$,1000.0
dell,Dell Inspiron 16 5625,16.0,Silver,1000 GB,AMD Ryzen 7,16,Windows 11 Pro,,Integrated,AMD Radeon Graphics,,,854.86,$,1000.0
lg,17Z90R-N.APC5U1,17.0,Obsidian Black,512 GB,Core i7,8,Windows 11 Pro,,Integrated,Intel Iris Xe Graphics,,,1469.99,$,512.0
hp,Spectre x360,15.0,,512 GB,Core i7,16,Windows 11 Home,"Fingerprint,Pen",Integrated,Intel Iris Xe Graphics,,,2299.0,$,512.0
msi,Raider GE76 12UE,17.0,Titanium Blue-Black-Dark Blue-Black,4 TB,Intel Core i9,64,Windows 11 Pro,"HD Audio, Backlit Keyboard, Anti Glare Coating, Memory Card Slot, Numeric Keypad",Dedicated,,,,2569.0,$,4096.0
rokc,,14.0,Blue,1000 GB,Intel Core i7,8,Windows 11,,Integrated,Intel,1.2 GHz,,589.99,$,1000.0
hp,,15.0,Silver,1000 GB,Intel Core i5,64,Windows 11 Pro,Backlit Keyboard,Integrated,Intel,,4.5,999.99,$,1000.0
dell,Latitude 7000,14.0,Carbon Fiber,256 GB,Core i7,16,Windows 10 Pro,Anti-glare Screen,Iris Xe Graphics,,,,1652.68,$,256.0
asus,VivoBook,15.0,Gray,512 GB,Core i3 Family,12,Windows 11 Home,,Integrated,Intel UHD Graphics,,3.8,479.0,$,512.0
dell,DELL XPS 15 9520,15.0,Platinum Silver,1 TB,Core i7,32,Windows 11 Pro,"Fingerprint Reader, HD Audio, Backlit Keyboard, Anti Glare Coating",Dedicated,,,1.0,1681.29,$,1024.0
acer,,14.0,Pure Silver,512 GB,,16,Windows 11 Home,,Integrated,Intel Iris Xe Graphics,1.7 GHz,,599.99,$,512.0
rokc,,14.0,Blue,1000 GB,Intel Core i7,8,Windows 11,,Integrated,Intel,1.2 GHz,,589.99,$,1000.0
hp,,15.0,Silver,1000 GB,Intel Core i5,64,Windows 11 Pro,Backlit Keyboard,Integrated,Intel,,4.5,999.99,$,1000.0
toughbook,CF-54 MK1,14.0,grey,512 GB,Intel Core i5,8,Windows 10 Pro,Anti Glare Coating,Integrated,,,3.3,749.89,$,512.0
lenovo,Yoga,14.0,Dark Moss,512 GB,Intel Core i5-1135G7,12,Windows 10 Home,Fingerprint reader,Integrated,,,3.8,1049.0,$,512.0
rokc,,14.0,Blue,1000 GB,Intel Core i7,8,Windows 11,,Integrated,Intel,1.2 GHz,,589.99,$,1000.0
hp,,15.0,Silver,1000 GB,Intel Core i5,64,Windows 11 Pro,Backlit Keyboard,Integrated,Intel,,4.5,999.99,$,1000.0
dell,LATITUDE E6540,15.0,Silver,1000 GB,Core i7,16,Windows 10 Pro 64 Bit-Multi-Language Support English/French/Spanish.,,Integrated,Integrated Graphics,,,342.98,$,1000.0
samsung,XE303C12,11.0,Silver,16 GB,,2,Chrome OS,Stereo,Integrated,Intel Graphics Integrated,,3.7,85.0,$,16.0
dell,Dell Latitude 14 5000 E5470,14.0,Black,512 GB,Core i7,16,Windows 10 Pro,Anti Glare,Integrated,,,5.0,339.0,$,512.0
dell,Dell Latitude,15.0,,320 GB,Core i3,4,Windows 7,,Integrated,Intel HD Graphics 3000,2.4 GHz,4.3,249.95,$,320.0
rokc,,15.0,Blue,1152 GB,Pentium,20,Windows 11,,Integrated,Intel,1.1 GHz,5.0,389.99,$,1152.0
hp,,15.0,Black,1000 GB,Pentium N5000,16,Windows 11,,Integrated,Intel,1.1 GHz,4.4,459.99,$,1000.0
rokc,Ideapad 3,15.0,Gray,1000 GB,Intel Core i5,20,Windows 11,,Integrated,Intel,,,639.99,$,1000.0
dell,Precision 5000,14.0,Mist Blue,512 GB,Core i7,16,Windows 11 Pro,Anti-glare Screen,RTX A1000,,,,1770.16,$,512.0
dell,Inspiron,14.0,Silver,2 TB,Core i7,64,Windows 11 Home,Backlit Kb,Integrated,,,5.0,993.23,$,2048.0
hp,EliteBook Folio,14.0,,256 GB,Core i5-4210U,4,Windows 10 64 Bit-Multi-Language Supports English/Spanish/French,,Integrated,Intel HD Integrated Graphics,1.7 GHz,5.0,252.98,$,256.0
dell,Latitude Rugged 5420 Laptop,14.0,Black,256 GB,Core i7,32,Windows 11 Pro,Wifi & Bluetooth,AMD RADEON RX 540,,,,999.66,$,256.0
lenovo,ThinkPad X1 Nano Gen1,13.0,Black Paint,256 GB,Core i7 Family,16,Windows 11 Pro,Anti-glare Screen,Iris Xe Graphics,,,5.0,1504.08,$,256.0
dell,Inspiron,16.0,Silver,1000 GB,Intel Core i5,32,Windows 11,,Integrated,Intel,,,899.99,$,1000.0
rokc,,14.0,Blue,1000 GB,Intel Core i7,8,Windows 11,,Integrated,Intel,1.2 GHz,,589.99,$,1000.0
hp,,15.0,Silver,1000 GB,Intel Core i5,64,Windows 11 Pro,Backlit Keyboard,Integrated,Intel,,4.5,999.99,$,1000.0
acer,Acer Swift 3 SF313-52-526M,15.0,,256 GB,Core i5,8,Windows 10 Home,,Integrated,,1.1 GHz,,436.11,$,256.0
lenovo,,15.0,Grey,128 GB,Pentium,12,Windows 11 Home,,Integrated,Intel UHD Graphics,2 GHz,4.5,458.14,$,128.0
acer,PT516-52s-73YD,16.0,Gray,1 TB,Core i7,16,Windows 11 Home,Anti Glare Coating,Dedicated,,,2.8,1849.0,$,1024.0
rokc,,14.0,Blue,1000 GB,Intel Core i7,8,Windows 11,,Integrated,Intel,1.2 GHz,,589.99,$,1000.0
hp,,15.0,Silver,1000 GB,Intel Core i5,64,Windows 11 Pro,Backlit Keyboard,Integrated,Intel,,4.5,999.99,$,1000.0
dell,Latitude 9000,14.0,,256 GB,Core i5,16,Windows 11 Pro,"Anti-smudge, Corning Gorilla Glass",Iris Xe Graphics,Intel Iris Xe Graphics,,,1713.59,$,256.0
lenovo,ThinkPad X13 Gen 3,13.0,,512 GB,Core i7,16,Windows 11 Pro,Anti-glare Screen,Iris Xe Graphics,Intel Iris Xe Graphics,,,1730.95,$,512.0
hp,B09HSNNCQL,15.0,,128 GB,Athlon,4,Windows 10 Home,Micro-edge Bezel,Integrated,AMD Athlon,,5.0,288.0,$,128.0
rokc,,14.0,Blue,1000 GB,Intel Core i7,8,Windows 11,,Integrated,Intel,1.2 GHz,,589.99,$,1000.0
hp,,15.0,Silver,1000 GB,Intel Core i5,64,Windows 11 Pro,Backlit Keyboard,Integrated,Intel,,4.5,999.99,$,1000.0
dell,Inspiron 3511,15.0,,256 GB,Core i5,32,Windows 11 Home,,Integrated,Intel UHD Graphics,1 GHz,,714.34,$,256.0
dell,Dell 5000,14.0,Platinum Silver,2 TB,Core i7 Family,64,Windows 11 Pro,"Backlit Keyboard,Fingerprint",Dedicated,,,,1406.04,$,2048.0
lenovo,ThinkPad P1 Gen 4,16.0,Black,512 GB,Core i7 Family,16,Windows 10 Pro,Anti-glare Screen,T1200,,,,1960.77,$,512.0
rokc,,14.0,Blue,1000 GB,Intel Core i7,8,Windows 11,,Integrated,Intel,1.2 GHz,,589.99,$,1000.0
hp,,15.0,Silver,1000 GB,Intel Core i5,64,Windows 11 Pro,Backlit Keyboard,Integrated,Intel,,4.5,999.99,$,1000.0
acer,CB3-111,11.0,Moonstone White,16 GB,Celeron,16,Chrome OS,,Integrated,Intel HD Graphics,,4.4,159.95,$,16.0
dell,Latitude 5420,14.0,Gray,2 TB,Core i5 Family,64,Windows 11 Pro,Backlit Keyboard,Integrated,,,4.7,1419.92,$,2048.0
msi,Raider GE76 12UHS-255,17.0,Titanium Blue,1 TB,Core i7,32,Windows 11 Home,Anti-glare Screen,Dedicated,,,3.8,3599.0,$,1024.0
rokc,,14.0,Blue,1000 GB,Intel Core i7,8,Windows 11,,Integrated,Intel,1.2 GHz,,589.99,$,1000.0
hp,,15.0,Silver,1000 GB,Intel Core i5,64,Windows 11 Pro,Backlit Keyboard,Integrated,Intel,,4.5,999.99,$,1000.0
hp,HP Envy,13.0,Natural Silver,1 TB,Intel Core i7-1165G7,16,Windows 10 Pro,"Backlit Keyboard,Fingerprint Reader",Integrated,,,3.8,1499.0,$,1024.0
dell,Precision 3000,15.0,,512 GB,Core i7,16,Windows 11,Microphone,RTX A500,NVIDIA RTX A500,,5.0,1734.21,$,512.0
dell,Latitude,15.0,Black,512 GB,Core i7 Family,16,Windows 11 Pro,,Integrated,Intel Iris Xe Graphics,,5.0,873.93,$,512.0
dell,Latitude E6400,14.0,Silver,160 GB,Core 2 Duo,,Windows 7 Professional,,Dedicated,,2.53 GHz,3.8,89.99,$,160.0
dell,Precision 7670 Laptop,16.0,Silver,512 GB,Core i7,32,Windows 11 Pro,,Dedicated,Nvidia RTX A1000,,,1385.98,$,512.0
rokc,,15.0,Blue,1152 GB,Pentium,20,Windows 11,,Integrated,Intel,1.1 GHz,5.0,389.99,$,1152.0
hp,,15.0,Black,1000 GB,Pentium N5000,16,Windows 11,,Integrated,Intel,1.1 GHz,4.4,459.99,$,1000.0
rokc,Ideapad 3,15.0,Gray,1000 GB,Intel Core i5,20,Windows 11,,Integrated,Intel,,,639.99,$,1000.0
lg,17Z95P-K.AAB9U1,17.0,Black,2 TB,Core i7 Family,16,Windows 11,Alexa,Integrated,,,4.4,1515.03,$,2048.0
dell,V7620,16.0,Black,512 GB,Core i7 Family,24,Windows 11 Pro,"Backlit Keyboard,Fingerprint",Dedicated,,,,1193.72,$,512.0
hp,Elite x360 1040 G9,14.0,,512 GB,Core i7,16,Windows 11 Pro,Information Not Available,Iris Xe Graphics,Intel Iris Xe Graphics,,,1796.25,$,512.0
dell,Dell Precision,13.0,,1 TB,Core i7 Family,16,Windows 10 Pro,Fingerprint,Integrated,XPS9300-7909SLV-PUS,,4.7,1101.49,$,1024.0
dell,Inspiron,16.0,Silver,1000 GB,Intel Core i5,32,Windows 11,,Integrated,Intel,,,899.99,$,1000.0
rokc,,14.0,Blue,1000 GB,Intel Core i7,8,Windows 11,,Integrated,Intel,1.2 GHz,,589.99,$,1000.0
hp,,15.0,Silver,1000 GB,Intel Core i5,64,Windows 11 Pro,Backlit Keyboard,Integrated,Intel,,4.5,999.99,$,1000.0
dell,VXDV2,14.0,,256 GB,Intel Core i5,16,Windows 10 Pro,,Integrated,Intel UHD Graphics,2.6 GHz,,1699.0,$,256.0
dell,Latitude 5000,14.0,Carbon Fiber,128 GB,Celeron,4,Chrome OS,Anti-glare Screen,UHD Graphics 610,,,4.5,361.65,$,128.0
hp,EliteBook 840 G8,14.0,,256 GB,Core i7,16,Windows 11 Pro,"Anti-glare Screen, Miracast Technology",Iris Xe Graphics,Intel Iris Xe Graphics,,,1659.99,$,256.0
rokc,,15.0,Blue,1152 GB,Pentium,20,Windows 11,,Integrated,Intel,1.1 GHz,5.0,389.99,$,1152.0
hp,,15.0,Black,1000 GB,Pentium N5000,16,Windows 11,,Integrated,Intel,1.1 GHz,4.4,459.99,$,1000.0
rokc,Ideapad 3,15.0,Gray,1000 GB,Intel Core i5,20,Windows 11,,Integrated,Intel,,,639.99,$,1000.0
dell,Latitude 5530 Laptop,15.0,Black,512 GB,Core i7,16,Windows 11 Pro,Backlit Keyboard,Integrated,,,,879.0,$,512.0
dell,Precision 3550,13.0,,512 GB,Core i7,,Windows 10 Pro (English/French/Spanish),,Integrated,Intel HD Graphics 520,1.8 GHz,,1399.81,$,512.0
hp,EliteBook 1040 G9,14.0,,512 GB,Core i7,16,Windows 11 Pro,Anti-glare Screen,Iris Xe Graphics,Intel Iris Xe Graphics,,,1963.3,$,512.0
dell,Dell Inspiron,11.0,Gray,32 GB,AMD A Series,4,Windows 10,,Dedicated,AMD Radeon R4,,3.7,289.0,$,32.0
lg,14T90P-K.AAG9U1,14.0,Green,1 TB,Core i7 Family,16,Windows 11 Home,Pen,Intel XE,,,4.5,1699.99,$,1024.0
lenovo,Lenovo Legion 5,17.0,Black,1 TB,Ryzen 7 5800H,64,Windows 11 Home,"Anti-glare,Backlit Kb",Dedicated,,,3.8,2899.0,$,1024.0
dell,Latitude 9000,15.0,Anodized Titan Gray,256 GB,Core i5 Family,16,Windows 10 Pro,"Corning Gorilla Glass 6, Anti-reflection, Anti-smudge",Iris Xe Graphics,,,,1523.03,$,256.0
dell,Dell Latitude,13.0,,256 GB,Core i5,8,Windows 10 Pro,,Integrated,,2.6 GHz,5.0,545.0,$,256.0
dell,Inspiron,16.0,Silver,1000 GB,Intel Core i5,32,Windows 11,,Integrated,Intel,,,899.99,$,1000.0
rokc,,14.0,Blue,1000 GB,Intel Core i7,8,Windows 11,,Integrated,Intel,1.2 GHz,,589.99,$,1000.0
hp,,15.0,Silver,1000 GB,Intel Core i5,64,Windows 11 Pro,Backlit Keyboard,Integrated,Intel,,4.5,999.99,$,1000.0
acer,Chromebook Spin 511 R753T,11.0,Shale Black,64 GB,Celeron,8,Chrome OS,,UHD Graphics,Intel UHD Graphics,,2.9,485.99,$,64.0
dell,Dell Precision,17.0,,512 GB,Core i7 Family,16,Windows 10 Pro,,Dedicated,,2.6 GHz,5.0,1998.77,$,512.0
lenovo,Lenovo ThinkPad X1 Yoga I5,14.0,Gray,256 GB,Core i5,8,Windows 10 Pro,"Fingerprint,Pen",Integrated,,,5.0,844.65,$,256.0
dell,Precision 5470 Laptop,14.0,Silver,2000 GB,Core i7,32,Windows 11 Pro,,Integrated,Nvidia RTX A1000,,,2668.91,$,2000.0
dell,Latitude 7000,14.0,Carbon Fiber,256 GB,Core i5,8,Windows 10 Pro,Anti-glare Screen,Iris Xe Graphics,,,,569.77,$,256.0
dell,Precision 3000,15.0,Titan Gray,512 GB,Core i7,16,Windows 10 Pro,Anti-glare Screen,T550,,,,1599.77,$,512.0
rokc,,14.0,Blue,1000 GB,Intel Core i7,8,Windows 11,,Integrated,Intel,1.2 GHz,,589.99,$,1000.0
hp,,15.0,Silver,1000 GB,Intel Core i5,64,Windows 11 Pro,Backlit Keyboard,Integrated,Intel,,4.5,999.99,$,1000.0
hp,EliteBook 630 G10,13.0,,256 GB,Core i3,8,Windows 11 Pro,Anti-glare Screen,UHD Graphics,Intel UHD Graphics,,,905.27,$,256.0
dell,XPS 9530 Laptop,15.0,Platinum Silver,2000 GB,Core i9,64,Windows 11 Home,,Dedicated,NVIDIA GeForce RTX 4070,,,3245.46,$,2000.0
dell,Laitude E6540,15.0,Silver,500 GB,Core i5-4200M,8,Win 10 Pro 64 Bit Multi-Language Support English/French/Spanish(Renewed),,Integrated,Integrated Graphics,,,266.98,$,500.0
rokc,,15.0,Blue,1152 GB,Pentium,20,Windows 11,,Integrated,Intel,1.1 GHz,5.0,389.99,$,1152.0
hp,,15.0,Black,1000 GB,Pentium N5000,16,Windows 11,,Integrated,Intel,1.1 GHz,4.4,459.99,$,1000.0
rokc,Ideapad 3,15.0,Gray,1000 GB,Intel Core i5,20,Windows 11,,Integrated,Intel,,,639.99,$,1000.0
dell,Precision 7670 Laptop,16.0,Silver,1000 GB,Core i7,32,Windows 11 Pro,,Dedicated,Nvidia RTX A1000,,,1269.99,$,1000.0
dell,Inspiron,16.0,Silver,1000 GB,Intel Core i5,32,Windows 11,,Integrated,Intel,,,899.99,$,1000.0
rokc,,14.0,Blue,1000 GB,Intel Core i7,8,Windows 11,,Integrated,Intel,1.2 GHz,,589.99,$,1000.0
hp,,15.0,Silver,1000 GB,Intel Core i5,64,Windows 11 Pro,Backlit Keyboard,Integrated,Intel,,4.5,999.99,$,1000.0
dell,F2WJ0,14.0,,256 GB,Intel Core i5,16,Windows 10 Pro,,Integrated,,1.7 GHz,5.0,1557.79,$,256.0
dell,Dell Latitude 7214 Rugged Laptop 2 In 1,11.0,Black,512 GB,Intel Core i5,8,Windows 10 Pro,,Integrated,Intel UHD Graphics,,3.9,899.95,$,512.0
rokc,,14.0,Blue,1000 GB,Intel Core i7,8,Windows 11,,Integrated,Intel,1.2 GHz,,589.99,$,1000.0
acer,Acer Swift 3 SF313-52-526M,15.0,,256 GB,Core i5,8,Windows 10 Home,,Integrated,,1.1 GHz,,436.11,$,256.0
lenovo,,15.0,Grey,128 GB,Pentium,12,Windows 11 Home,,Integrated,Intel UHD Graphics,2 GHz,4.5,458.14,$,128.0
acer,PT516-52s-73YD,16.0,Gray,1 TB,Core i7,16,Windows 11 Home,Anti Glare Coating,Dedicated,,,2.8,1849.0,$,1024.0
lenovo,Yoga 710,15.0,Black,256 GB,Intel Core i5,8,Windows 10,,Integrated,Intel HD Graphics 620,,4.2,699.99,$,256.0
rokc,,15.0,Blue,1152 GB,Pentium,20,Windows 11,,Integrated,Intel,1.1 GHz,5.0,389.99,$,1152.0
hp,,14.0,Rose Gold,64 GB,Celeron N4000,16,Windows 11,,Integrated,Intel,1.1 GHz,4.7,389.99,$,64.0
hp,,15.0,Black,1000 GB,Pentium N5000,16,Windows 11,,Integrated,Intel,1.1 GHz,4.4,459.99,$,1000.0
dell,DELL-XPS-9720,17.0,Platinum Silver,4 TB,Core i7 Family,64,Windows 10 Pro,"Backlit Kb,Fingerprint",Dedicated,,,5.0,3799.0,$,4096.0
dell,Latitude 5320 Laptop,13.0,Black,256 GB,Core i7,8,Windows 11 Pro,Wifi & Bluetooth,Integrated,,,,807.99,$,256.0
lenovo,Thinkpad,15.0,,500 GB,Core i7,,Windows 7,Fingerprint Reader,,Intel HD Graphics;NVIDIA Optimus Graphics,2.6 GHz,3.4,369.95,$,500.0
lenovo,ThinkPad P16s G1,16.0,,1 TB,Ryzen 7,32,Windows 11 Pro,Anti-glare Screen,Radeon 680M,AMD Radeon 680M,,1.0,2399.99,$,1024.0
hp,,15.0,Silver,1000 GB,Intel Core i5,64,Windows 11 Pro,Backlit Keyboard,Integrated,Intel,,4.5,999.99,$,1000.0
rokc,Ideapad 3,15.0,Gray,1000 GB,Intel Core i5,20,Windows 11,,Integrated,Intel,,,639.99,$,1000.0
dell,Inspiron,16.0,Silver,1000 GB,Intel Core i5,32,Windows 11,,Integrated,Intel,,,899.99,$,1000.0
rokc,,14.0,Blue,1000 GB,Intel Core i7,8,Windows 11,,Integrated,Intel,1.2 GHz,,589.99,$,1000.0
dell,Inspiron 3511,15.0,,256 GB,Core i5,32,Windows 11 Home,,Integrated,Intel UHD Graphics,1 GHz,,714.34,$,256.0
dell,Dell 5000,14.0,Platinum Silver,2 TB,Core i7 Family,64,Windows 11 Pro,"Backlit Keyboard,Fingerprint",Dedicated,,,,1406.04,$,2048.0
rokc,,14.0,Blue,1000 GB,Intel Core i7,8,Windows 11,,Integrated,Intel,1.2 GHz,,589.99,$,1000.0
acer,CB3-111,11.0,Moonstone White,16 GB,Celeron,16,Chrome OS,,Integrated,Intel HD Graphics,,4.4,159.95,$,16.0
dell,Latitude 5420,14.0,Gray,2 TB,Core i5 Family,64,Windows 11 Pro,Backlit Keyboard,Integrated,,,4.7,1419.92,$,2048.0
msi,Raider GE76 12UHS-255,17.0,Titanium Blue,1 TB,Core i7,32,Windows 11 Home,Anti-glare Screen,Dedicated,,,3.8,3599.0,$,1024.0
dell,Dell Inspiron 15 3520,15.0,Black,512 GB,Core i7,16,Windows 11 Home,,Integrated,Intel Iris Xe Graphics,,4.0,809.0,$,512.0
rokc,,15.0,Blue,1152 GB,Pentium,20,Windows 11,,Integrated,Intel,1.1 GHz,5.0,389.99,$,1152.0
hp,,14.0,Rose Gold,64 GB,Celeron N4000,16,Windows 11,,Integrated,Intel,1.1 GHz,4.7,389.99,$,64.0
hp,,15.0,Black,1000 GB,Pentium N5000,16,Windows 11,,Integrated,Intel,1.1 GHz,4.4,459.99,$,1000.0
hp,HP Chromebook,14.0,Blue,64 MB,Celeron N4020,4,Windows 10 S,,Integrated,Intel UHD Graphics 600,,4.3,228.0,$,64.0
rokc,,14.0,Blue,1000 GB,Intel Core i7,8,Windows 11,,Integrated,Intel,1.2 GHz,,589.99,$,1000.0
hp,HP Envy,13.0,Natural Silver,1 TB,Intel Core i7-1165G7,16,Windows 10 Pro,"Backlit Keyboard,Fingerprint Reader",Integrated,,,3.8,1499.0,$,1024.0
dell,Precision 3000,15.0,,512 GB,Core i7,16,Windows 11,Microphone,RTX A500,NVIDIA RTX A500,,5.0,1734.21,$,512.0
dell,Latitude,15.0,Black,512 GB,Core i7 Family,16,Windows 11 Pro,,Integrated,Intel Iris Xe Graphics,,5.0,873.93,$,512.0
dell,Latitude E6400,14.0,Silver,160 GB,Core 2 Duo,,Windows 7 Professional,,Dedicated,,2.53 GHz,3.8,89.99,$,160.0
rokc,,15.0,Blue,1152 GB,Pentium,20,Windows 11,,Integrated,Intel,1.1 GHz,5.0,389.99,$,1152.0
hp,,14.0,Rose Gold,64 GB,Celeron N4000,16,Windows 11,,Integrated,Intel,1.1 GHz,4.7,389.99,$,64.0
hp,,15.0,Black,1000 GB,Pentium N5000,16,Windows 11,,Integrated,Intel,1.1 GHz,4.4,459.99,$,1000.0
dell,Precision 7670 Laptop,16.0,Silver,512 GB,Core i7,32,Windows 11 Pro,,Dedicated,Nvidia RTX A1000,,,1385.98,$,512.0
lg,17Z95P-K.AAB9U1,17.0,Black,2 TB,Core i7 Family,16,Windows 11,Alexa,Integrated,,,4.4,1515.03,$,2048.0
rokc,,14.0,Blue,1000 GB,Intel Core i7,8,Windows 11,,Integrated,Intel,1.2 GHz,,589.99,$,1000.0
dell,Dell Precision,13.0,,1 TB,Core i7 Family,16,Windows 10 Pro,Fingerprint,Integrated,XPS9300-7909SLV-PUS,,4.7,1101.34,$,1024.0
dell,VXDV2,14.0,,256 GB,Intel Core i5,16,Windows 10 Pro,,Integrated,Intel UHD Graphics,2.6 GHz,,1699.0,$,256.0
dell,Latitude 5000,14.0,Carbon Fiber,128 GB,Celeron,4,Chrome OS,Anti-glare Screen,UHD Graphics 610,,,4.5,361.65,$,128.0
hp,EliteBook 840 G8,14.0,,256 GB,Core i7,16,Windows 11 Pro,"Anti-glare Screen, Miracast Technology",Iris Xe Graphics,Intel Iris Xe Graphics,,,1659.99,$,256.0
rokc,,15.0,Blue,1152 GB,Pentium,20,Windows 11,,Integrated,Intel,1.1 GHz,5.0,389.99,$,1152.0
hp,,14.0,Rose Gold,64 GB,Celeron N4000,16,Windows 11,,Integrated,Intel,1.1 GHz,4.7,389.99,$,64.0
hp,,15.0,Black,1000 GB,Pentium N5000,16,Windows 11,,Integrated,Intel,1.1 GHz,4.4,459.99,$,1000.0
dell,Latitude 5530 Laptop,15.0,Black,512 GB,Core i7,16,Windows 11 Pro,Backlit Keyboard,Integrated,,,,879.0,$,512.0
dell,Precision 3550,13.0,,512 GB,Core i7,,Windows 10 Pro (English/French/Spanish),,Integrated,Intel HD Graphics 520,1.8 GHz,,1399.81,$,512.0
hp,EliteBook 1040 G9,14.0,,512 GB,Core i7,16,Windows 11 Pro,Anti-glare Screen,Iris Xe Graphics,Intel Iris Xe Graphics,,,1963.3,$,512.0
dell,Dell Inspiron,11.0,Gray,32 GB,AMD A Series,4,Windows 10,,Dedicated,AMD Radeon R4,,3.7,289.0,$,32.0
lg,14T90P-K.AAG9U1,14.0,Green,1 TB,Core i7 Family,16,Windows 11 Home,Pen,Intel XE,,,4.5,1699.99,$,1024.0
lenovo,Lenovo Legion 5,17.0,Black,1 TB,Ryzen 7 5800H,64,Windows 11 Home,"Anti-glare,Backlit Kb",Dedicated,,,3.8,2899.0,$,1024.0
dell,Latitude 9000,15.0,Anodized Titan Gray,256 GB,Core i5 Family,16,Windows 10 Pro,"Corning Gorilla Glass 6, Anti-reflection, Anti-smudge",Iris Xe Graphics,,,,1523.03,$,256.0
hp,,15.0,Silver,1000 GB,Intel Core i5,64,Windows 11 Pro,Backlit Keyboard,Integrated,Intel,,4.5,999.99,$,1000.0
rokc,Ideapad 3,15.0,Gray,1000 GB,Intel Core i5,20,Windows 11,,Integrated,Intel,,,639.99,$,1000.0
dell,Inspiron,16.0,Silver,1000 GB,Intel Core i5,32,Windows 11,,Integrated,Intel,,,899.99,$,1000.0
rokc,,14.0,Blue,1000 GB,Intel Core i7,8,Windows 11,,Integrated,Intel,1.2 GHz,,589.99,$,1000.0
dell,Dell Latitude,13.0,,256 GB,Core i5,8,Windows 10 Pro,,Integrated,,2.6 GHz,5.0,545.0,$,256.0
acer,Chromebook Spin 511 R753T,11.0,Shale Black,64 GB,Celeron,8,Chrome OS,,UHD Graphics,Intel UHD Graphics,,2.9,485.99,$,64.0
dell,Dell Precision,17.0,,512 GB,Core i7 Family,16,Windows 10 Pro,,Dedicated,,2.6 GHz,5.0,1998.77,$,512.0
lenovo,Lenovo ThinkPad X1 Yoga I5,14.0,Gray,256 GB,Core i5,8,Windows 10 Pro,"Fingerprint,Pen",Integrated,,,5.0,844.65,$,256.0
dell,Precision 5470 Laptop,14.0,Silver,2000 GB,Core i7,32,Windows 11 Pro,,Integrated,Nvidia RTX A1000,,,2668.91,$,2000.0
dell,Latitude 7000,14.0,Carbon Fiber,256 GB,Core i5,8,Windows 10 Pro,Anti-glare Screen,Iris Xe Graphics,,,,569.77,$,256.0
dell,Precision 3000,15.0,Titan Gray,512 GB,Core i7,16,Windows 10 Pro,Anti-glare Screen,T550,,,,1599.77,$,512.0
rokc,,15.0,Blue,1152 GB,Pentium,20,Windows 11,,Integrated,Intel,1.1 GHz,5.0,389.99,$,1152.0
hp,,14.0,Rose Gold,64 GB,Celeron N4000,16,Windows 11,,Integrated,Intel,1.1 GHz,4.7,389.99,$,64.0
hp,,15.0,Black,1000 GB,Pentium N5000,16,Windows 11,,Integrated,Intel,1.1 GHz,4.4,459.99,$,1000.0
rokc,,14.0,Blue,1000 GB,Intel Core i7,8,Windows 11,,Integrated,Intel,1.2 GHz,,589.99,$,1000.0
dell,Latitude,13.0,,256 GB,Core i5,8,Windows 11 Pro,Information Not Available,Integrated,,,,1129.99,$,256.0
hp,EliteBook 630 G10,13.0,,256 GB,Core i3,8,Windows 11 Pro,Anti-glare Screen,UHD Graphics,Intel UHD Graphics,,,905.27,$,256.0
dell,XPS 9530 Laptop,15.0,Platinum Silver,2000 GB,Core i9,64,Windows 11 Home,,Dedicated,NVIDIA GeForce RTX 4070,,,3245.46,$,2000.0
dell,Laitude E6540,15.0,Silver,500 GB,Core i5-4200M,8,Win 10 Pro 64 Bit Multi-Language Support English/French/Spanish(Renewed),,Integrated,Integrated Graphics,,,266.98,$,500.0
rokc,,15.0,Blue,1152 GB,Pentium,20,Windows 11,,Integrated,Intel,1.1 GHz,5.0,389.99,$,1152.0
hp,,14.0,Rose Gold,64 GB,Celeron N4000,16,Windows 11,,Integrated,Intel,1.1 GHz,4.7,389.99,$,64.0
hp,,15.0,Black,1000 GB,Pentium N5000,16,Windows 11,,Integrated,Intel,1.1 GHz,4.4,459.99,$,1000.0
dell,Precision 7670 Laptop,16.0,Silver,1000 GB,Core i7,32,Windows 11 Pro,,Dedicated,Nvidia RTX A1000,,,1269.99,$,1000.0
hp,,15.0,Silver,1000 GB,Intel Core i5,64,Windows 11 Pro,Backlit Keyboard,Integrated,Intel,,4.5,999.99,$,1000.0
rokc,Ideapad 3,15.0,Gray,1000 GB,Intel Core i5,20,Windows 11,,Integrated,Intel,,,639.99,$,1000.0
dell,Inspiron,16.0,Silver,1000 GB,Intel Core i5,32,Windows 11,,Integrated,Intel,,,899.99,$,1000.0
rokc,,14.0,Blue,1000 GB,Intel Core i7,8,Windows 11,,Integrated,Intel,1.2 GHz,,589.99,$,1000.0
rokc,,14.0,Blue,1000 GB,Intel Core i7,8,Windows 11,,Integrated,Intel,1.2 GHz,,589.99,$,1000.0
dell,Vostro 5410 Laptop,14.0,Black,256 GB,Core i5,8,Windows 10 Pro,Wifi & Bluetooth,Integrated,,,,696.99,$,256.0
dell,Inspiron,14.0,Silver,1 TB,Core i7 Family,32,Windows 11 Home,Backlit Kb,Integrated,,,4.5,880.62,$,1024.0
rokc,Ideapad 3,15.0,Gray,1000 GB,Intel Core i5,20,Windows 11,,Integrated,Intel,,,639.99,$,1000.0
hp,HP EliteBook,15.0,,500 GB,Core i5,,Windows 7 Professional,,Integrated,Intel HD Graphics 4000,2.6 GHz,3.6,289.95,$,500.0
rokc,,15.0,Blue,1152 GB,Pentium,20,Windows 11,,Integrated,Intel,1.1 GHz,5.0,389.99,$,1152.0
hp,,14.0,Rose Gold,64 GB,Celeron N4000,16,Windows 11,,Integrated,Intel,1.1 GHz,4.7,389.99,$,64.0
hp,,15.0,Black,1000 GB,Pentium N5000,16,Windows 11,,Integrated,Intel,1.1 GHz,4.4,459.99,$,1000.0
razer,Blade 17,17.0,Black,1 TB,Intel Core i9,32,Windows 11,,RTX 3080 Ti,,5 GHz,3.7,5599.0,$,1024.0
lenovo,Lenovo Thinkpad,14.0,,256 GB,,8,Windows 10 Pro,,Integrated,AMD Radeon Graphics 5,2.1 GHz,3.5,616.99,$,256.0
asus,ASUS VivoBook Go 14,14.0,Quiet Blue,128 GB,Celeron,4,Windows 11 Home S,Fingerprint,Integrated,,,5.0,432.99,$,128.0
dell,XPS 9315 Laptop,13.0,Platinum Silver,1000 GB,Core i7,32,Windows 11 Pro,,Integrated,Intel Integrated Graphics,,,1150.99,$,1000.0
acer,CB315-2H-25TX,15.0,"Silver,Black",32 GB,AMD A4,4,Chrome OS,,"Integrated, Dedicated",AMD Radeon R4,,4.3,344.0,$,32.0
msi,Prestige 14 EVO A11M-221,14.0,Carbon Gray,512 GB,Core i5,16,Windows 10,,Integrated,Intel Iris Xe Graphics,,3.6,1025.01,$,512.0
dell,Dell XPS 13 9305,13.0,Silver,256 GB,Intel Core i5,8,Windows 10 Pro,Space Saving,Integrated,,,,655.99,$,256.0
asus,ASUS TUF Dash F15,15.0,Off Black,1 TB,Core i7 Family,32,Windows 11 Pro,"HD Audio, Backlit Keyboard, Anti Glare Coating, Numeric Keypad",Dedicated,,,,1789.0,$,1024.0
hp,,15.0,Silver,1000 GB,Intel Core i5,64,Windows 11 Pro,Backlit Keyboard,Integrated,Intel,,4.5,999.99,$,1000.0
rokc,Ideapad 3,15.0,Gray,1000 GB,Intel Core i5,20,Windows 11,,Integrated,Intel,,,639.99,$,1000.0
dell,Inspiron,16.0,Silver,1000 GB,Intel Core i5,32,Windows 11,,Integrated,Intel,,,899.99,$,1000.0
rokc,,14.0,Blue,1000 GB,Intel Core i7,8,Windows 11,,Integrated,Intel,1.2 GHz,,589.99,$,1000.0
dell,Latitude 7420 Laptop,14.0,,512 GB,Core i7,16,Windows 11 Pro,,Integrated,Intel Integrated Graphics,1.2 GHz,5.0,879.84,$,512.0
hp,,14.0,,512 GB,Core i7,16,Windows 10 Pro,,Dedicated,Intel Iris X,,5.0,791.79,$,512.0
dell,Dell G15 Gaming,15.0,Obsidian Black,2 TB,Intel Core i9,64,Windows 11,"Fingerprint Reader, High Definition Audio, Anti Glare Coating",Dedicated,,,,2175.86,$,2048.0
rokc,,14.0,Blue,1000 GB,Intel Core i7,8,Windows 11,,Integrated,Intel,1.2 GHz,,589.99,$,1000.0
lenovo,ThinkPad X1,14.0,,512 GB,Intel Core i7,16,Windows 10 Pro (64-Bit),Speakers,Integrated,Intel HD Graphics 620,,3.5,1470.77,$,512.0
dell,Latitude 5000,15.0,Gray,256 GB,Core i7,8,Windows 10 Pro,Anti-glare Screen,Iris Xe Graphics,,,,1531.28,$,256.0
rokc,,15.0,Blue,1152 GB,Pentium,20,Windows 11,,Integrated,Intel,1.1 GHz,5.0,389.99,$,1152.0
hp,,14.0,Rose Gold,64 GB,Celeron N4000,16,Windows 11,,Integrated,Intel,1.1 GHz,4.7,389.99,$,64.0
hp,,15.0,Black,1000 GB,Pentium N5000,16,Windows 11,,Integrated,Intel,1.1 GHz,4.4,459.99,$,1000.0
acer,Aspire One,14.0,Obsidian Black,32 GB,Celeron,4,Windows 10,,Integrated,Intel HD Graphics 500,,3.8,275.0,$,32.0
msi,VECTORGP6612066,17.0,,2 TB,Intel Core i7,32,Windows 11 Pro,,Dedicated,NVIDIA GeForce RTX 3080 Ti,4.8 GHz,,1666.47,$,2048.0
lg,17Z95P-K.AAS9U1,17.0,Silver,2 TB,Core i7 Family,16,Windows 11,Alexa,Integrated,,,4.7,1850.52,$,2048.0
dell,Precision 3000,14.0,,512 GB,Core i7,16,Windows 11 Pro,Anti-glare Screen,RTX A500,NVIDIA RTX A500,,,1626.18,$,512.0
dell,Alienware m18 Laptop,18.0,Black,1000 GB,Core i9,32,Windows 11 Home,,Integrated,NVIDIA GeForce RTX 4080,,,3098.97,$,1000.0
dell,Precision 7770,17.0,,512 GB,Core i7,64,Windows 11 Pro,,Dedicated,NVIDIA RTX A4500 16GB GDDR6 (4DP),4.8 GHz,5.0,3498.77,$,512.0
hp,,15.0,Silver,1000 GB,Intel Core i5,64,Windows 11 Pro,Backlit Keyboard,Integrated,Intel,,4.5,999.99,$,1000.0
rokc,Ideapad 3,15.0,Gray,1000 GB,Intel Core i5,20,Windows 11,,Integrated,Intel,,,639.99,$,1000.0
dell,Inspiron,16.0,Silver,1000 GB,Intel Core i5,32,Windows 11,,Integrated,Intel,,,899.99,$,1000.0
rokc,,14.0,Blue,1000 GB,Intel Core i7,8,Windows 11,,Integrated,Intel,1.2 GHz,,589.99,$,1000.0
dell,N8P7J,15.0,,512 GB,Intel Core i5,16,Windows 10 Pro,,Integrated,Intel UHD Graphics 620,1.7 GHz,5.0,890.77,$,512.0
dell,Dell Inspiron 15 3000 3525 Laptop,15.0,Carbon Black,1 TB,AMD R Series,32,Windows 11,Anti-glare,Integrated,,,,835.57,$,1024.0
dell,Alienware X17 R2 Laptop,17.0,Lunar Light,2000 GB,Core i9,64,Windows 11 Home,,Integrated,NVIDIA GeForce RTX 3080,,3.4,3273.54,$,2000.0
acer,,14.0,,512 GB,,16,Windows 11 Home,,Integrated,,,,1099.99,$,512.0
lenovo,ThinkPad X1 Nano Gen1 Ultrabook,14.0,Black,512 GB,Intel Core i5-1135G7,16,Windows 10,Backlit Keyboard,Integrated,,,2.8,1379.99,$,512.0
lenovo,IdeaPad,14.0,Black,512 GB,Core i7 Family,16,Windows 11 Pro,Backlit Kb,Integrated,,,3.9,999.0,$,512.0
dell,,16.0,,512 GB,,32,Windows 11,,Integrated,NVIDIA GeForce RTX A2000,,,2199.99,$,512.0
rokc,,15.0,Blue,1152 GB,Pentium,20,Windows 11,,Integrated,Intel,1.1 GHz,5.0,389.99,$,1152.0
hp,,14.0,Rose Gold,64 GB,Celeron N4000,16,Windows 11,,Integrated,Intel,1.1 GHz,4.7,389.99,$,64.0
hp,,15.0,Black,1000 GB,Pentium N5000,16,Windows 11,,Integrated,Intel,1.1 GHz,4.4,459.99,$,1000.0
lenovo,ThinkPad P14s Gen 2,14.0,Black,256 GB,1.2GHz Cortex A13 Processor,16,Windows 11 Pro,Anti-glare Screen,Radeon Graphics,,,,743.92,$,256.0
rokc,,14.0,Blue,1000 GB,Intel Core i7,8,Windows 11,,Integrated,Intel,1.2 GHz,,589.99,$,1000.0
dell,Latitude,15.0,,256 GB,Core i3,8,Windows 11 Pro,Anti-glare Screen,UHD Graphics,Intel UHD Graphics,,,739.41,$,256.0
dell,Latitude 7440 Laptop,14.0,Black,1000 GB,Core i5,16,Windows 11 Pro,,Integrated,Intel Integrated Graphics,,,1264.99,$,1000.0
rokc,,14.0,Blue,1000 GB,Intel Core i7,8,Windows 11,,Integrated,Intel,1.2 GHz,,589.99,$,1000.0
dell,Dell Xps,13.0,Rose Gold,128 GB,Core i5,8,Windows 10 Home,,Integrated,Intel UHD Graphics 620,,3.8,999.0,$,128.0
lenovo,ThinkPad L14 Gen 3,14.0,,256 GB,Core i5,8,Windows 11,Anti-glare Screen,UHD Graphics,Intel UHD Graphics,,,1188.25,$,256.0
dell,XPS 13 9320,13.0,Platinum,2 TB,Core i7,16,Windows 11 Pro,"Backlit Kb,Fingerprint",Integrated,,,,1351.34,$,2048.0
dell,Latitude Rugged 5430 Laptop,14.0,Silver,512 GB,Core i7,16,Windows 11 Pro,,Integrated,Intel Integrated Graphics,,,1399.99,$,512.0
rokc,,15.0,Blue,1152 GB,Pentium,20,Windows 11,,Integrated,Intel,1.1 GHz,5.0,389.99,$,1152.0
hp,,14.0,Rose Gold,64 GB,Celeron N4000,16,Windows 11,,Integrated,Intel,1.1 GHz,4.7,389.99,$,64.0
hp,,15.0,Black,1000 GB,Pentium N5000,16,Windows 11,,Integrated,Intel,1.1 GHz,4.4,459.99,$,1000.0
dell,Precision 3000,14.0,,512 GB,Core i7,16,Windows 10 Pro,Information Not Available,T550,NVIDIA T550,,,1817.07,$,512.0
hp,Elitebook 840 G5 Commercial Notebook PC,14.0,Silver,512 GB,Core i7 8550U,16,Windows 10 Pro,Fingerprint,Integrated,,,4.0,1699.0,$,512.0
hp,,15.0,Silver,1000 GB,Intel Core i5,64,Windows 11 Pro,Backlit Keyboard,Integrated,Intel,,4.5,999.99,$,1000.0
rokc,Ideapad 3,15.0,Gray,1000 GB,Intel Core i5,20,Windows 11,,Integrated,Intel,,,639.99,$,1000.0
dell,Inspiron,16.0,Silver,1000 GB,Intel Core i5,32,Windows 11,,Integrated,Intel,,,899.99,$,1000.0
rokc,,14.0,Blue,1000 GB,Intel Core i7,8,Windows 11,,Integrated,Intel,1.2 GHz,,589.99,$,1000.0
lenovo,IdeaPad 3 15IML05,15.0,Almond,1 TB,Unknown,4,Windows 10 Home,Anti-glare Screen,UHD Graphics,,,2.9,324.86,$,1024.0
dell,Latitude 5000,15.0,Gray,512 GB,Core i7,16,Windows 10 Pro,Anti-glare Screen,Iris Xe Graphics,,,,1659.96,$,512.0
dell,Latitude 5000,13.0,Gray,256 GB,Core i5,16,Windows 10 Pro,Anti-glare Screen,Iris Xe Graphics,,,,1376.99,$,256.0
hp,EliteBook 655 G9,15.0,,512 GB,Ryzen 7,16,Windows 10 Pro,Anti-glare Screen,Radeon Graphics,AMD Radeon Graphics,,,1147.99,$,512.0
rokc,,14.0,Blue,1000 GB,Intel Core i7,8,Windows 11,,Integrated,Intel,1.2 GHz,,589.99,$,1000.0
lg,16Z90P-K.AAB7U1,16.0,Black,256 GB,Core i7 Family,16,Windows 11 Home,Alexa,Integrated,,,4.1,999.0,$,256.0
rokc,,14.0,Blue,1000 GB,Intel Core i7,8,Windows 11,,Integrated,Intel,1.2 GHz,,589.99,$,1000.0
rokc,,14.0,Blue,1000 GB,Intel Core i7,8,Windows 11,,Integrated,Intel,1.2 GHz,,589.99,$,1000.0
dell,Y68F1,14.0,,256 GB,Intel Core i5,16,Windows 10 Pro,Speakers,Integrated,Intel UHD Graphics 620,,2.0,1899.0,$,256.0
dell,Precision 3000,14.0,,512 GB,Core i7,32,Windows 11,Anti-glare Screen,RTX A500,NVIDIA RTX A500,,,2070.75,$,512.0
rokc,,14.0,Blue,1000 GB,Intel Core i7,8,Windows 11,,Integrated,Intel,1.2 GHz,,589.99,$,1000.0
lenovo,TP X140E A4/1.5 11.6 4GB 500GB W7P-W8P64,11.0,Cover: RED ; Inner/keyboard: BLACK,500 GB,AMD A Series,4,Windows 7 Professional,,Dedicated,AMD Radeon Hd 8330,,3.6,298.95,$,500.0
msi,GS76 Stealth 11UE-623,17.0,Core Black,512 GB,Core i7,16,Microsoft Windows 10 Professional (64bit),"Killer WiFi 6E AX1675 (2x2 ), Steel Series per-Key RGB with Anti-Ghost key (84 Key)",Dedicated,,,5.0,1989.33,$,512.0
asus,Vivobook 15 F512DA,15.0,Slate Gray,128 GB,Ryzen 3 3200U,8,Windows 10 Home,"Fingerprint Sensor,Nanoedge Bezel",Integrated,,,4.3,419.99,$,128.0
rokc,,15.0,Blue,1152 GB,Pentium,20,Windows 11,,Integrated,Intel,1.1 GHz,5.0,389.99,$,1152.0
hp,,14.0,Rose Gold,64 GB,Celeron N4000,16,Windows 11,,Integrated,Intel,1.1 GHz,4.7,389.99,$,64.0
hp,,15.0,Black,1000 GB,Pentium N5000,16,Windows 11,,Integrated,Intel,1.1 GHz,4.4,459.99,$,1000.0
hp,EliteBook 865 G9,16.0,,512 GB,Ryzen 7,16,Windows 11 Pro,Anti-glare Screen,Radeon 680M Graphics,AMD Radeon 680M Graphics,,,2152.78,$,512.0
dell,Precision 7000,17.0,Gray,512 GB,Core i7 Family,32,Windows 10 Pro,Anti-glare Screen,RTX A3000,,,,1245.49,$,512.0
dell,Latitude 5320 Laptop,13.0,Black,256 GB,Core i5,8,Windows 10 Pro,Wifi & Bluetooth,Integrated,,,5.0,740.98,$,256.0
rokc,,14.0,Blue,1000 GB,Intel Core i7,8,Windows 11,,Integrated,Intel,1.2 GHz,,589.99,$,1000.0
rokc,,14.0,Blue,1000 GB,Intel Core i7,8,Windows 11,,Integrated,Intel,1.2 GHz,,589.99,$,1000.0
dell,XPS 15-9520,15.0,Silver,2 TB,Core i7 Family,,Windows 11 Home,"Backlit Kb,Fingerprint Reader",Dedicated,NVIDIA GeForce 3050,,,1827.69,$,2048.0
acer,E5-575,15.0,Obsidian Black,1000 GB,Core i3,4,Windows 10,,Integrated,Intel HD Graphics 620,,3.9,449.99,$,1000.0
asus,X555QA-CBA12A,15.0,,128 GB,A-Series,8,Windows 10,,Dedicated,AMD Radeon R7,2.7 GHz,4.0,399.99,$,128.0
rokc,,15.0,Blue,1152 GB,Pentium,20,Windows 11,,Integrated,Intel,1.1 GHz,5.0,389.99,$,1152.0
hp,,14.0,Rose Gold,64 GB,Celeron N4000,16,Windows 11,,Integrated,Intel,1.1 GHz,4.7,389.99,$,64.0
hp,,15.0,Black,1000 GB,Pentium N5000,16,Windows 11,,Integrated,Intel,1.1 GHz,4.4,459.99,$,1000.0
dell,Dell Inspiron 15 Laptop,15.0,Black,2 TB,Ryzen 7,64,Windows 11 Home,,Integrated,AMD Radeon,,4.1,971.04,$,2048.0
dell,XPS 9720 Laptop,17.0,Platinum Silver,1000 GB,Core i7,32,Windows 11 Home,,Dedicated,NVIDIA GeForce RTX 3060,,2.6,1589.0,$,1000.0
lenovo,ThinkBook 15 G4 IAP,15.0,Gray,512 GB,Core i7,8,Windows 11,Anti-glare Screen,Iris Xe Graphics,,,,1002.26,$,512.0
hp,,15.0,Silver,1000 GB,Intel Core i5,64,Windows 11 Pro,Backlit Keyboard,Integrated,Intel,,4.5,999.99,$,1000.0
rokc,Ideapad 3,15.0,Gray,1000 GB,Intel Core i5,20,Windows 11,,Integrated,Intel,,,639.99,$,1000.0
dell,Inspiron,16.0,Silver,1000 GB,Intel Core i5,32,Windows 11,,Integrated,Intel,,,899.99,$,1000.0
rokc,,14.0,Blue,1000 GB,Intel Core i7,8,Windows 11,,Integrated,Intel,1.2 GHz,,589.99,$,1000.0
dell,LATITUDE E6540,15.0,Silver,512 GB,Core i7,16,Windows 10 Pro 64 Bit-Multi-Language Support English/French/Spanish.,,Integrated,Integrated Graphics,,,310.98,$,512.0
dell,Alienware m16 Laptop,16.0,Black,2000 GB,Core i9,64,Windows 11 Pro,,Integrated,NVIDIA GeForce RTX 4090,,,4277.34,$,2000.0
asus,,14.0,,128 GB,Intel Core M-5Y10 Processor,4,Chrome OS,Anti-glare,Integrated,Integrated Intel® UHD 600 Graphics,2 Hz,4.5,135.49,$,128.0
dell,Latitude 7330 Laptop,13.0,Black,512 GB,Core i7,16,Windows 10 Home,,Integrated,Intel Integrated Graphics,,,1099.99,$,512.0
acer,SF714-51T-M9H0,14.0,Obsidian Black,256 GB,Core i7,8,Windows 10 Home,,Integrated,Intel HD Graphics 615,,3.9,1518.88,$,256.0
hp,HP Envy,15.0,Silver,512 GB,Core i7,16,Windows 11 Home,,Integrated,Intel Iris Xe Graphics,,4.6,849.49,$,512.0
acer,Acer Chromebook Spin 511,11.0,Black,8 GB,Celeron,8,Chrome OS,,Integrated,,,,379.99,$,8.0
rokc,,15.0,Blue,1152 GB,Pentium,20,Windows 11,,Integrated,Intel,1.1 GHz,5.0,389.99,$,1152.0
hp,,14.0,Rose Gold,64 GB,Celeron N4000,16,Windows 11,,Integrated,Intel,1.1 GHz,4.7,389.99,$,64.0
hp,,15.0,Black,1000 GB,Pentium N5000,16,Windows 11,,Integrated,Intel,1.1 GHz,4.4,459.99,$,1000.0
lenovo,Yoga 6,13.0,Dark Teal,256 GB,Ryzen 5,8,Windows 11 Home,"Fingerprint Reader, HD Audio, Backlit Keyboard, Memory Card Slot",Integrated,,,,649.49,$,256.0
dell,Alienware m15 R4,15.0,White,1 TB,Core i7,16,Windows 10 Home,,NVIDIA RTX3070,NVIDIA GeForce RTX 3070,,4.4,1598.0,$,1024.0
dell,Dell Latitude,13.0,Black,512 GB,Core i7,16,Windows 10 Pro,Backlit Keyboard,Integrated,,,4.2,1239.77,$,512.0
acer,SFX16-52G-73U6,16.0,Gray,512 GB,Core i7,16,Windows 11 Home,,Dedicated,,4.7 GHz,4.8,1249.0,$,512.0
dell,Alienware m18 Laptop,18.0,Black,1000 GB,Core i9,64,Windows 11 Pro,,Integrated,NVIDIA GeForce RTX 4070,,,2951.99,$,1000.0
hp,,15.0,Silver,1000 GB,Intel Core i5,64,Windows 11 Pro,Backlit Keyboard,Integrated,Intel,,4.5,999.99,$,1000.0
rokc,Ideapad 3,15.0,Gray,1000 GB,Intel Core i5,20,Windows 11,,Integrated,Intel,,,639.99,$,1000.0
dell,Inspiron,16.0,Silver,1000 GB,Intel Core i5,32,Windows 11,,Integrated,Intel,,,899.99,$,1000.0
rokc,,14.0,Blue,1000 GB,Intel Core i7,8,Windows 11,,Integrated,Intel,1.2 GHz,,589.99,$,1000.0
alienware,17 R5,17.0,,512 GB,Core i7,32,Windows 10 Home,,Dedicated,NVIDIA GeForce GTX 1070 OC with 8GB GDDR5,2.2 GHz,5.0,1594.95,$,512.0
rokc,,15.0,Blue,1152 GB,Pentium,20,Windows 11,,Integrated,Intel,1.1 GHz,5.0,389.99,$,1152.0
hp,,14.0,Rose Gold,64 GB,Celeron N4000,16,Windows 11,,Integrated,Intel,1.1 GHz,4.7,389.99,$,64.0
hp,,15.0,Black,1000 GB,Pentium N5000,16,Windows 11,,Integrated,Intel,1.1 GHz,4.4,459.99,$,1000.0
dell,Latitude Rugged 5430 Laptop,14.0,Black,2000 GB,Core i5,16,Windows 11 Pro,,Integrated,Intel Integrated Graphics,,5.0,1659.67,$,2000.0
acer,Acer Chromebook 715,15.0,grey,128 GB,Core i3 8130U,4,Chrome OS,,Integrated,Intel UHD Graphics 620,,4.3,429.99,$,128.0
hp,HP Pavilion Gaming 17 Laptop,17.0,Shadow Black,256 GB,Core i7,16,Windows 10 Home,Anti-glare,Dedicated,,,4.6,2299.0,$,256.0
hp,,15.0,Silver,1000 GB,Intel Core i5,64,Windows 11 Pro,Backlit Keyboard,Integrated,Intel,,4.5,999.99,$,1000.0
rokc,Ideapad 3,15.0,Gray,1000 GB,Intel Core i5,20,Windows 11,,Integrated,Intel,,,639.99,$,1000.0
dell,Inspiron,16.0,Silver,1000 GB,Intel Core i5,32,Windows 11,,Integrated,Intel,,,899.99,$,1000.0
rokc,,14.0,Blue,1000 GB,Intel Core i7,8,Windows 11,,Integrated,Intel,1.2 GHz,,589.99,$,1000.0
samsung,Samsung Galaxy Book Pro,15.0,Mystic Blue,512 GB,Core i7,16,Windows 10 Home,,Integrated,Intel Iris Xe Graphics,,4.6,1299.0,$,512.0
dell,Alienware m18 Laptop,18.0,Black,1000 GB,Core i7,32,Windows 11 Pro,,Integrated,NVIDIA GeForce RTX 4060,,,2629.98,$,1000.0
dell,MGNDK,15.0,,256 GB,Intel Core i7,16,Windows 10 Pro,,Integrated,,2.7 GHz,,2399.0,$,256.0
dell,G15 5521,15.0,Obsidian Black,1 TB,Intel Core i9,32,Windows 11 Pro,Backlit Keyboard,Dedicated,,,,2000.98,$,1024.0
rokc,,14.0,Blue,1000 GB,Intel Core i7,8,Windows 11,,Integrated,Intel,1.2 GHz,,589.99,$,1000.0
acer,,15.0,,256 GB,,8,Windows 11 Home,,Dedicated,,,4.6,519.0,$,256.0
dell,Latitude 3410,14.0,Black,256 GB,Core i5-10210U,8,Windows 10 Pro,Anti Glare Coating,Integrated,,,3.7,600.49,$,256.0
dell,XPS 9320 Laptop,13.0,Gray,1000 GB,Core i7,32,Windows 11 Pro,,Integrated,Intel Integrated Graphics,,,1895.92,$,1000.0
rokc,,15.0,Blue,1152 GB,Pentium,20,Windows 11,,Integrated,Intel,1.1 GHz,5.0,389.99,$,1152.0
hp,,14.0,Rose Gold,64 GB,Celeron N4000,16,Windows 11,,Integrated,Intel,1.1 GHz,4.7,389.99,$,64.0
rokc,,14.0,Blue,1000 GB,Intel Core i7,8,Windows 11,,Integrated,Intel,1.2 GHz,,589.99,$,1000.0
toughbook,CF-53 MK4,14.0,Silver,1 TB,Core i5,16,Windows 10 Pro,Fingerprint,Integrated,,,,737.99,$,1024.0
hp,ZBook Firefly 14 G9,14.0,,256 GB,Core i5,16,Windows 11 Pro,Anti-glare Screen,Iris Xe Graphics,Intel Iris Xe Graphics,,,1237.1,$,256.0
rokc,,15.0,Blue,1152 GB,Pentium,20,Windows 11,,Integrated,Intel,1.1 GHz,5.0,389.99,$,1152.0
hp,,14.0,Rose Gold,64 GB,Celeron N4000,16,Windows 11,,Integrated,Intel,1.1 GHz,4.7,389.99,$,64.0
hp,,15.0,Black,1000 GB,Pentium N5000,16,Windows 11,,Integrated,Intel,1.1 GHz,4.4,459.99,$,1000.0
dell,G15 5520 Laptop,15.0,Grey,1000 GB,Core i7,16,Windows 11 Home,,Dedicated,NVIDIA GeForce RTX 3060,,,1271.26,$,1000.0
dell,Latitude,15.0,Silver,512 GB,Core i5 Family,16,Windows 11 Pro,Backlit Kb,Integrated,,,,1673.48,$,512.0
hp,,15.0,Silver,1000 GB,Intel Core i5,64,Windows 11 Pro,Backlit Keyboard,Integrated,Intel,,4.5,999.99,$,1000.0
rokc,Ideapad 3,15.0,Gray,1000 GB,Intel Core i5,20,Windows 11,,Integrated,Intel,,,639.99,$,1000.0
dell,Inspiron,16.0,Silver,1000 GB,Intel Core i5,32,Windows 11,,Integrated,Intel,,,899.99,$,1000.0
rokc,,14.0,Blue,1000 GB,Intel Core i7,8,Windows 11,,Integrated,Intel,1.2 GHz,,589.99,$,1000.0
rokc,,14.0,Blue,1000 GB,Intel Core i7,8,Windows 11,,Integrated,Intel,1.2 GHz,,589.99,$,1000.0
asus,ASUS VivoBook S 15,15.0,Indie Black,512 GB,Ryzen 7,8,Windows 11 Home,Fingerprint Reader,AMD Radeon,,,5.0,848.88,$,512.0
msi,Vector GP66 12UHSO-673,15.0,Black,1 TB,Core i9,32,Windows 11 Home,Anti-glare,Dedicated,,,4.2,2591.48,$,1024.0
lenovo,C470-14,14.0,Silver,256 GB,Core i5-10210U,8,Windows 10 Home,"Anti-glare,Backlit Keyboard",Integrated,,,4.4,739.99,$,256.0
dell,Dell Latitude 7410,14.0,,256 GB,Unknown,16,Windows 10 Pro,Anti-glare,Integrated,Intel,,,1432.8,$,256.0
rokc,,15.0,Blue,1152 GB,Pentium,20,Windows 11,,Integrated,Intel,1.1 GHz,5.0,389.99,$,1152.0
hp,,14.0,Rose Gold,64 GB,Celeron N4000,16,Windows 11,,Integrated,Intel,1.1 GHz,4.7,389.99,$,64.0
hp,,15.0,Black,1000 GB,Pentium N5000,16,Windows 11,,Integrated,Intel,1.1 GHz,4.4,459.99,$,1000.0
hp,,15.0,,512 GB,Core i7,16,Windows 10 Pro,,Integrated,,2.6 GHz,,2999.0,$,512.0
dell,Latitude 7210,12.0,,256 GB,Core i7,16,Windows 10 Pro,Anti-glare,Integrated,Intel UHD Graphics 620,,,999.0,$,256.0
hp,ZBook Firefly 14 G8,14.0,Gray,256 GB,Intel Core i5-1135G7,16,Windows 11 Pro,"Anti-glare Screen, Miracast Technology",Iris Xe Graphics,,,,778.0,$,256.0
dell,Dell Latitude,14.0,,500 GB,Core i5,4,Windows 8,,Integrated,NVIDIA GeForce GT 720M,1.7 GHz,,180.0,$,500.0
lenovo,ThinkPad T14 Gen 3,14.0,Black,512 GB,Core i5,16,Windows 11,Anti-glare Screen,Iris Xe Graphics,,,,1467.99,$,512.0
dell,Latitude 3000,15.0,Black,256 GB,Intel Core i5-1135G7,8,Windows 11 Pro,Anti-glare Screen,Iris Xe Graphics,,,,784.09,$,256.0
hp,,15.0,Silver,1000 GB,Intel Core i5,64,Windows 11 Pro,Backlit Keyboard,Integrated,Intel,,4.5,999.99,$,1000.0
rokc,Ideapad 3,15.0,Gray,1000 GB,Intel Core i5,20,Windows 11,,Integrated,Intel,,,639.99,$,1000.0
dell,Inspiron,16.0,Silver,1000 GB,Intel Core i5,32,Windows 11,,Integrated,Intel,,,899.99,$,1000.0
rokc,,14.0,Blue,1000 GB,Intel Core i7,8,Windows 11,,Integrated,Intel,1.2 GHz,,589.99,$,1000.0
dell,Latitude 5410,14.0,,2 TB,Core i7,64,Windows 10 Pro,,Integrated,Intel UHD Graphics,1.8 GHz,,1616.96,$,2048.0
dell,Dell Precision 7760 Laptop,17.0,Silver,1 TB,Intel Core i7,32,Windows 10 Pro,,Dedicated,NVIDIA RTX A4000 8GB GDDR6,,,1999.95,$,1024.0
hp,659K2UT#ABA,14.0,,8 GB,Intel Pentium 4,8,Chrome OS,,Integrated,Intel HD Graphics 400,3.3 GHz,,730.11,$,8.0
msi,Raider GE76,17.0,Titanium Blue,2 TB,Intel Core i9,32,Windows 11 Pro,"HD Audio, Anti-Ghost key, Backlit Keyboard, Memory Card Slot, Numeric Keypad",Dedicated,,,5.0,1997.1,$,2048.0
rokc,,15.0,Blue,1152 GB,Pentium,20,Windows 11,,Integrated,Intel,1.1 GHz,5.0,389.99,$,1152.0
hp,,14.0,Rose Gold,64 GB,Celeron N4000,16,Windows 11,,Integrated,Intel,1.1 GHz,4.7,389.99,$,64.0
hp,,15.0,Black,1000 GB,Pentium N5000,16,Windows 11,,Integrated,Intel,1.1 GHz,4.4,459.99,$,1000.0
lenovo,ThinkPad L13 Yoga Gen 3,13.0,,256 GB,Core i7,16,Windows 11,Information Not Available,Iris Xe Graphics,Intel Iris Xe Graphics,,,1419.99,$,256.0
dell,Dell Inspiron 14 5000 5406,14.0,Dune,256 GB,Core i5,8,Windows 10,"Backlit Keyboard,Fingerprint",Integrated,,,5.0,699.0,$,256.0
dell,Precision 3000,14.0,,512 GB,Core i7,32,Windows 11 Pro,Anti-glare Screen,Iris Xe Graphics,Intel Iris Xe Graphics,,,1668.53,$,512.0
acer,AN515-55-56AP,15.0,Obsidian Black,512 GB,Core i5,32,Windows 10 Home,,Dedicated,NVIDIA GeForce RTX 3050,,,859.0,$,512.0
hp,,15.0,Silver,1000 GB,Intel Core i5,64,Windows 11 Pro,Backlit Keyboard,Integrated,Intel,,4.5,999.99,$,1000.0
rokc,Ideapad 3,15.0,Gray,1000 GB,Intel Core i5,20,Windows 11,,Integrated,Intel,,,639.99,$,1000.0
dell,Inspiron,16.0,Silver,1000 GB,Intel Core i5,32,Windows 11,,Integrated,Intel,,,899.99,$,1000.0
rokc,,14.0,Blue,1000 GB,Intel Core i7,8,Windows 11,,Integrated,Intel,1.2 GHz,,589.99,$,1000.0
dell,Precision 3000,15.0,Titan Gray,256 GB,Core i5,16,Windows 10 Pro,Anti-glare Screen,T550,,,,1100.72,$,256.0
dell,Latitude 9420 Laptop,14.0,Black,256 GB,Core i7,16,Windows 11 Pro,Wifi & Bluetooth,Integrated,,,,692.99,$,256.0
dell,Alienware m18 Laptop,18.0,Black,1000 GB,Core i7,16,Windows 11 Home,,Dedicated,NVIDIA GeForce RTX 4050,,,2298.34,$,1000.0
rokc,,14.0,Blue,1000 GB,Intel Core i7,8,Windows 11,,Integrated,Intel,1.2 GHz,,589.99,$,1000.0
lenovo,Lenovo,14.0,Black,500 GB,Core i5,,Windows 8 Pro,Fingerprint Reader,Integrated,Intel HD Graphics 4400,,4.4,379.0,$,500.0
dell,Vostro 7620 Laptop,16.0,Black,512 GB,Core i7,16,Windows 11 Pro,,Dedicated,NVIDIA GeForce RTX 3050,,,1161.11,$,512.0
dell,XPS 15 9520,15.0,Platinum Silver,1 TB,Core i7 Family,16,Windows 11 Pro,"Fingerprint Reader, HD Audio, Backlit Keyboard, Anti Glare Coating, Memory Card Slot",Dedicated,,,,2370.07,$,1024.0
rokc,,15.0,Blue,1152 GB,Pentium,20,Windows 11,,Integrated,Intel,1.1 GHz,5.0,389.99,$,1152.0
hp,,14.0,Rose Gold,64 GB,Celeron N4000,16,Windows 11,,Integrated,Intel,1.1 GHz,4.7,389.99,$,64.0
hp,,15.0,Black,1000 GB,Pentium N5000,16,Windows 11,,Integrated,Intel,1.1 GHz,4.4,459.99,$,1000.0
asus,ASUS ZenBook,13.0,Burgundy Red,256 GB,Core i7,8,Windows 10 Pro,,Integrated,Intel HD,,3.8,1143.73,$,256.0
lenovo,ThinkPad E14 Gen 4,14.0,,256 GB,Ryzen 5,8,Windows 11,Anti-glare Screen,Radeon Graphics,AMD Radeon Graphics,,,781.99,$,256.0
lenovo,P15,15.0,Black,1 TB,Core i7,16,Windows 10 Pro,"Anti-glare,Fingerprint",Integrated,,,3.4,1539.77,$,1024.0
dell,Inspiron 7000,16.0,Platinum Silver,512 GB,Core i5 Family,16,Windows 10 Pro,"Fingerprint Reader, HD Audio, Backlit Keyboard, Support Stylus, Memory Card Slot",Integrated,,,,1099.99,$,512.0
lenovo,Yoga 3 80JH0025US,14.0,Black,256 GB,Core i5,8,Windows 8.1,,"Integrated, Dedicated",Intel HD Graphics 5500,,3.0,699.0,$,256.0
hp,,15.0,Silver,1000 GB,Intel Core i5,64,Windows 11 Pro,Backlit Keyboard,Integrated,Intel,,4.5,999.99,$,1000.0
rokc,Ideapad 3,15.0,Gray,1000 GB,Intel Core i5,20,Windows 11,,Integrated,Intel,,,639.99,$,1000.0
dell,Inspiron,16.0,Silver,1000 GB,Intel Core i5,32,Windows 11,,Integrated,Intel,,,899.99,$,1000.0
rokc,,14.0,Blue,1000 GB,Intel Core i7,8,Windows 11,,Integrated,Intel,1.2 GHz,,589.99,$,1000.0
dell,Dell Latitude,14.0,,256 GB,Core i7,,Windows 7,,Integrated,Intel HD Graphics,1.7 GHz,,1195.94,$,256.0
dell,Latitude 5430 Laptop,14.0,Black,1000 GB,Core i7,16,Windows 11 Pro,,Integrated,Intel Integrated Graphics,,,1096.99,$,1000.0
lenovo,ThinkPad X1 Carbon Gen 10,14.0,,512 GB,Core i7,16,Windows 11,Anti-glare Screen,Iris Xe Graphics,Intel Iris Xe Graphics,,,2242.99,$,512.0
rokc,,15.0,Blue,1152 GB,Pentium,20,Windows 11,,Integrated,Intel,1.1 GHz,5.0,389.99,$,1152.0
hp,,14.0,Rose Gold,64 GB,Celeron N4000,16,Windows 11,,Integrated,Intel,1.1 GHz,4.7,389.99,$,64.0
hp,,15.0,Black,1000 GB,Pentium N5000,16,Windows 11,,Integrated,Intel,1.1 GHz,4.4,459.99,$,1000.0
dell,Latitude,14.0,Silver,256 GB,Core i5,16,Windows 11 Pro,Anti-glare Screen,Integrated,,,,1026.13,$,256.0
asus,ProArt StudioBook 17,17.0,Star gray,512 GB,Intel Core i7,32,Windows 10 Pro,Nanoedge Bezel,RTX 2060,,,4.5,2799.0,$,512.0
hp,,15.0,Silver,1000 GB,Intel Core i5,64,Windows 11 Pro,Backlit Keyboard,Integrated,Intel,,4.5,999.99,$,1000.0
rokc,Ideapad 3,15.0,Gray,1000 GB,Intel Core i5,20,Windows 11,,Integrated,Intel,,,639.99,$,1000.0
dell,Inspiron,16.0,Silver,1000 GB,Intel Core i5,32,Windows 11,,Integrated,Intel,,,899.99,$,1000.0
rokc,,14.0,Blue,1000 GB,Intel Core i7,8,Windows 11,,Integrated,Intel,1.2 GHz,,589.99,$,1000.0
dell,Latitude 7320 Detachable 2-in-1,13.0,Black,256 GB,Core i5,16,Windows 11 Home,Wifi & Bluetooth,Integrated,,,,750.74,$,256.0
dell,XPS 9305 Laptop,13.0,Platinum Silver,512 GB,Core i5,8,Windows 11 Home,Wifi & Bluetooth,Integrated,,,4.0,798.94,$,512.0
dell,Precision 7000,15.0,Anodized Titan Gray,512 GB,Core i7 Family,32,Windows 10 Pro,Anti-glare Screen,T1200,,,3.9,1769.77,$,512.0
acer,TMP414-51-506U,14.0,Black,512 GB,Intel Core i5,8,Windows 10 Pro,Fingerprint Reader,Integrated,,,2.1,699.8,$,512.0
dell,Latitude 3000,15.0,Black,256 GB,Core i3,8,Windows 11 Pro,,UHD Graphics,Intel UHD Graphics,,5.0,727.53,$,256.0
rokc,,15.0,Blue,1152 GB,Pentium,20,Windows 11,,Integrated,Intel,1.1 GHz,5.0,389.99,$,1152.0
hp,,14.0,Rose Gold,64 GB,Celeron N4000,16,Windows 11,,Integrated,Intel,1.1 GHz,4.7,389.99,$,64.0
hp,,15.0,Black,1000 GB,Pentium N5000,16,Windows 11,,Integrated,Intel,1.1 GHz,4.4,459.99,$,1000.0
dell,3540,15.0,,1 TB,Core i7 Family,32,Windows 10 Pro,,"Integrated, Dedicated",Intel HD Graphics 400,1.8 GHz,,1449.81,$,1024.0
dell,Dell Latitude,14.0,,256 GB,Core i7,16,Windows 10 Pro,,Integrated,Intel,1.8 GHz,,1734.85,$,256.0
dell,Dell Latitude,13.0,,256 GB,Core i7,16,Windows 10 Pro,,Integrated,,,,972.45,$,256.0
dell,Inspiron,15.0,Mist Blue,1 TB,AMD Ryzen 5 5500U,16,Windows 10 Home,"Backlit Keyboard,Fingerprint Reader",Integrated,,,3.9,1199.0,$,1024.0
lenovo,ThinkPad T14 Gen 3,14.0,,512 GB,Core i7,16,Windows 11,Anti-glare Screen,Iris Xe Graphics,Intel Iris Xe Graphics,,,1455.66,$,512.0
dell,Latitude,14.0,Gray,256 GB,Core i7,16,Windows 11 Pro,Anti-glare Screen,Integrated,,,1.0,1065.99,$,256.0
lenovo,Lenovo Thinkpad,14.0,Black,256 GB,Core i5,8,Windows 10 Pro,Spill resistant,Integrated,,,5.0,895.3,$,256.0
hp,,15.0,Silver,1000 GB,Intel Core i5,64,Windows 11 Pro,Backlit Keyboard,Integrated,Intel,,4.5,999.99,$,1000.0
rokc,Ideapad 3,15.0,Gray,1000 GB,Intel Core i5,20,Windows 11,,Integrated,Intel,,,639.99,$,1000.0
dell,Inspiron,16.0,Silver,1000 GB,Intel Core i5,32,Windows 11,,Integrated,Intel,,,899.99,$,1000.0
rokc,,14.0,Blue,1000 GB,Intel Core i7,8,Windows 11,,Integrated,Intel,1.2 GHz,,589.99,$,1000.0
lenovo,T460,14.0,,512 GB,Core i7,8,Windows 10,Speakers,Integrated,Intel HD Graphics 520,,4.0,449.0,$,512.0
msi,GS66 Stealth,15.0,,1 TB,Core i7,32,Windows 10 Pro,,Dedicated,NVIDIA GeForce RTX 3080,2.3 GHz,,3599.0,$,1024.0
rokc,,15.0,Blue,1152 GB,Pentium,20,Windows 11,,Integrated,Intel,1.1 GHz,5.0,389.99,$,1152.0
hp,,14.0,Rose Gold,64 GB,Celeron N4000,16,Windows 11,,Integrated,Intel,1.1 GHz,4.7,389.99,$,64.0
hp,,15.0,Black,1000 GB,Pentium N5000,16,Windows 11,,Integrated,Intel,1.1 GHz,4.4,459.99,$,1000.0
lenovo,"IdeaPad 1 14ADA05 82GW009WUS 14"" Notebook",14.0,,128 GB,Athlon,4,Windows 11 Home,,Dedicated,AMD Athlon Silver,1.4 GHz,,244.0,$,128.0
lenovo,Lenovo Thinkpad,14.0,,256 GB,Core i5 Family,8,Windows 10 Pro,Fingerprint Reader,Integrated,Intel HD Graphics 620,,3.1,284.97,$,256.0
dell,XPS 15 9520,15.0,Platinum Silver,1 TB,Core i7 Family,32,Windows 10 Pro,"Fingerprint Reader, HD Audio, Backlit Keyboard, Anti Glare Coating, Memory Card Slot",Dedicated,,,,2579.36,$,1024.0
hp,,15.0,Silver,1000 GB,Intel Core i5,64,Windows 11 Pro,Backlit Keyboard,Integrated,Intel,,4.5,999.99,$,1000.0
rokc,Ideapad 3,15.0,Gray,1000 GB,Intel Core i5,20,Windows 11,,Integrated,Intel,,,639.99,$,1000.0
dell,Inspiron,16.0,Silver,1000 GB,Intel Core i5,32,Windows 11,,Integrated,Intel,,,899.99,$,1000.0
rokc,,14.0,Blue,1000 GB,Intel Core i7,8,Windows 11,,Integrated,Intel,1.2 GHz,,589.99,$,1000.0
hp,HP EliteBook,14.0,Silver,320 GB,Core i5-3320M,4,Windows 10 Pro,,Integrated,Intel,,4.4,109.0,$,320.0
lenovo,81WE00EPUS,15.0,Almond,256 GB,Core i5-1035G1,8,Windows 10,"Dolby,Full Hd Anti-glare",Integrated,,,4.7,545.0,$,256.0
asus,VivoBook S15,15.0,Transparent Silver,1 TB,Intel Core i7,16,Windows 10 Home,Nanoedge Bezel,Dedicated,,,3.7,933.45,$,1024.0
rokc,,15.0,Blue,1152 GB,Pentium,20,Windows 11,,Integrated,Intel,1.1 GHz,5.0,389.99,$,1152.0
hp,,14.0,Rose Gold,64 GB,Celeron N4000,16,Windows 11,,Integrated,Intel,1.1 GHz,4.7,389.99,$,64.0
hp,,15.0,Black,1000 GB,Pentium N5000,16,Windows 11,,Integrated,Intel,1.1 GHz,4.4,459.99,$,1000.0
hp,Elitebook 845 G9,14.0,Natural Silver,2 TB,Ryzen 7,64,Windows 11 Pro,"Fingerprint Reader, Spill resistant, High Definition Audio, Backlit Keyboard, Anti Glare Coating",Integrated,,,1.0,1999.0,$,2048.0
hp,Spectre 14T x360,13.0,Nightfall Black,1 TB,Core i7 Family,16,Windows 11 Pro,"Fingerprint,Pen",Integrated,,,4.9,2399.0,$,1024.0
dell,Alienware X17 R2 Laptop,17.0,Lunar Light,2000 GB,Core i7,64,Windows 11 Home,,Dedicated,NVIDIA GeForce RTX 3080 Ti,,,3119.23,$,2000.0
lenovo,ThinkPad L14 Gen 3,14.0,,256 GB,Core i7,16,Windows 11 Pro,Anti-glare Screen,UHD Graphics,Intel UHD Graphics,,,811.39,$,256.0
hp,,15.0,Silver,1000 GB,Intel Core i5,64,Windows 11 Pro,Backlit Keyboard,Integrated,Intel,,4.5,999.99,$,1000.0
rokc,Ideapad 3,15.0,Gray,1000 GB,Intel Core i5,20,Windows 11,,Integrated,Intel,,,639.99,$,1000.0
dell,Inspiron,16.0,Silver,1000 GB,Intel Core i5,32,Windows 11,,Integrated,Intel,,,899.99,$,1000.0
rokc,,14.0,Blue,1000 GB,Intel Core i7,8,Windows 11,,Integrated,Intel,1.2 GHz,,589.99,$,1000.0
acer,CB5-132T,11.0,White,32 GB,Celeron,4,Chrome OS,,Integrated,Intel HD Graphics,,4.5,229.0,$,32.0
dell,Latitude 5310 Laptop,13.0,Black,1000 GB,Core i7,16,Windows 10 Pro,Wifi & Bluetooth,Integrated,,,4.0,897.52,$,1000.0
dell,Latitude 7330 Laptop,13.0,Black,1000 GB,Core i7,16,Windows 11 Pro,,Integrated,Intel Integrated Graphics,,,911.02,$,1000.0
rokc,,15.0,Blue,1152 GB,Pentium,20,Windows 11,,Integrated,Intel,1.1 GHz,5.0,389.99,$,1152.0
hp,,14.0,Rose Gold,64 GB,Celeron N4000,16,Windows 11,,Integrated,Intel,1.1 GHz,4.7,389.99,$,64.0
hp,,15.0,Black,1000 GB,Pentium N5000,16,Windows 11,,Integrated,Intel,1.1 GHz,4.4,459.99,$,1000.0
dell,T1CFT,15.0,,512 GB,Core i7,16,Windows 10 Pro (English/French/Spanish),,Integrated,Intel UHD Graphics,1.1 GHz,4.0,2799.0,$,512.0
lenovo,Lenovo Ideapad,15.0,,256 GB,Core i5,8,Windows 10 Home,Dolby,Integrated,Intel UHD Graphics,,4.7,559.41,$,256.0
dell,Dell XPS,15.0,Silver,512 GB,Core i7,16,Windows 10 Home,Anti Glare,"Integrated, Dedicated",,,3.9,1036.82,$,512.0
msi,,15.0,,512 GB,Core i7,16,Windows 10,Backlit Keyboard,Dedicated,NVIDIA GeForce RTX 3060,4.6 GHz,3.3,1899.0,$,512.0
dell,Latitude 5430 Laptop,14.0,Black,512 GB,Core i7,16,Windows 11 Pro,,Integrated,Intel Integrated Graphics,,,931.99,$,512.0
dell,XPS9500,15.0,Silver,1 TB,Core i7 Family,32,Windows 10,"Backlit Keyboard,Fingerprint Reader",Dedicated,,,3.7,1779.95,$,1024.0
hp,,15.0,Silver,1000 GB,Intel Core i5,64,Windows 11 Pro,Backlit Keyboard,Integrated,Intel,,4.5,999.99,$,1000.0
rokc,Ideapad 3,15.0,Gray,1000 GB,Intel Core i5,20,Windows 11,,Integrated,Intel,,,639.99,$,1000.0
dell,Inspiron,16.0,Silver,1000 GB,Intel Core i5,32,Windows 11,,Integrated,Intel,,,899.99,$,1000.0
rokc,,14.0,Blue,1000 GB,Intel Core i7,8,Windows 11,,Integrated,Intel,1.2 GHz,,589.99,$,1000.0
msi,Modern 14 B11MOU-1024,14.0,Carbon Gray,512 GB,Core i5,8,Win 11 Multi-Home,Thin Bezel,Integrated,,,5.0,589.99,$,512.0
dell,Precision,15.0,,512 GB,Core i7 Family,16,Windows 10 Pro,,Dedicated,Quadro P1000,2.6 GHz,3.5,1239.81,$,512.0
dell,XPS 9500 Laptop,15.0,White,1000 GB,Core i9,64,Windows 10 Pro,Wifi & Bluetooth,Nvidia GeForce GTX 1650 Ti,,,,1999.0,$,1000.0
dell,Inspiron,15.0,Black,1 TB,Core i5 Family,32,Windows 11 Home,,Integrated,Intel Iris Xe Graphics,,,740.6,$,1024.0
msi,CREATORZ17046,17.0,Gray,2 TB,Core i9,32,Windows 11 Pro,,Integrated,NVIDIA GeForce RTX 3080 Ti,,4.6,5499.0,$,2048.0
hp,ZBook Firefly 16 G9,16.0,,512 GB,Core i7,16,Windows 11 Pro,Anti-glare Screen,"T500,HD Graphics, Dedicated",NVIDIA GeForce GTX 1050,,,2098.99,$,512.0
dell,Latitude 5430 Laptop,14.0,Black,512 GB,Core i7,16,Windows 11 Pro,,Integrated,Intel Integrated Graphics,,,931.99,$,512.0
rokc,,15.0,Blue,1152 GB,Pentium,20,Windows 11,,Integrated,Intel,1.1 GHz,5.0,389.99,$,1152.0
hp,,14.0,Rose Gold,64 GB,Celeron N4000,16,Windows 11,,Integrated,Intel,1.1 GHz,4.7,389.99,$,64.0
rokc,,14.0,Blue,1000 GB,Intel Core i7,8,Windows 11,,Integrated,Intel,1.2 GHz,,589.99,$,1000.0
dell,E7440,14.0,,256 GB,Core i7,8,Windows 7,Anti-glare,Integrated,Intel HD Graphics,,3.9,188.0,$,256.0
dell,Inspiron,17.0,Platinum Silver,512 GB,Core i7,16,Windows 11,Backlit Kb,Dedicated,,,3.1,1299.0,$,512.0
lenovo,Lenovo Thinkpad,14.0,,512 GB,Core i5,16,Windows 10 Pro,TrackPoint,Integrated,Intel Iris Xe Graphics,,2.9,1279.99,$,512.0
lenovo,Lenovo Thinkpad,14.0,Black,320 GB,Core i5,8,Windows 10,HD Audio,Integrated,,,3.9,138.0,$,320.0
rokc,,15.0,Blue,1152 GB,Pentium,20,Windows 11,,Integrated,Intel,1.1 GHz,5.0,389.99,$,1152.0
hp,,14.0,Rose Gold,64 GB,Celeron N4000,16,Windows 11,,Integrated,Intel,1.1 GHz,4.7,389.99,$,64.0
hp,,15.0,Black,1000 GB,Pentium N5000,16,Windows 11,,Integrated,Intel,1.1 GHz,4.4,459.99,$,1000.0
dell,Alienware X14 Laptop,14.0,Lunar Light,512 GB,Core i7,32,Windows 11 Home,,Dedicated,NVIDIA GeForce RTX 3060,,,2110.35,$,512.0
lenovo,ThinkPad W540,15.0,Black,256 GB,Core i7,8,Windows 7 Professional,Backlit Keyboard,Dedicated,,,3.4,599.95,$,256.0
lenovo,Lenovo Ideapad,15.0,Grey,1000 GB,Celeron,6,Windows 10 Home,,Integrated,,2.7 GHz,4.1,528.18,$,1000.0
dell,Dell Latitude 9420,14.0,Silver,256 GB,Core i7,16,Windows 10 Pro,,Integrated,Intel Iris Xe Graphics,,5.0,779.62,$,256.0
dell,Precision 7670 Laptop,16.0,Silver,1000 GB,Core i7,32,Windows 11 Pro,,Dedicated,Nvidia RTX A1000,,,1269.99,$,1000.0
hp,,15.0,Silver,1000 GB,Intel Core i5,64,Windows 11 Pro,Backlit Keyboard,Integrated,Intel,,4.5,999.99,$,1000.0
rokc,Ideapad 3,15.0,Gray,1000 GB,Intel Core i5,20,Windows 11,,Integrated,Intel,,,639.99,$,1000.0
dell,Inspiron,16.0,Silver,1000 GB,Intel Core i5,32,Windows 11,,Integrated,Intel,,,899.99,$,1000.0
rokc,,14.0,Blue,1000 GB,Intel Core i7,8,Windows 11,,Integrated,Intel,1.2 GHz,,589.99,$,1000.0
hp,ELITEBOOK 820G2,12.0,Sliver,128 GB,Core i5,8,Windows 10 Pro 64 Bit Multi-Language Support English/French/Spanish,,Integrated,Integrated Graphics,,,212.98,$,128.0
acer,CB514-1WT-33MW,14.0,Gray,128 GB,Core I3 1115G4,8,Chrome OS,Backlit Keyboard,Integrated,,,5.0,719.0,$,128.0
rokc,,15.0,Blue,1152 GB,Pentium,20,Windows 11,,Integrated,Intel,1.1 GHz,5.0,389.99,$,1152.0
hp,,14.0,Rose Gold,64 GB,Celeron N4000,16,Windows 11,,Integrated,Intel,1.1 GHz,4.7,389.99,$,64.0
hp,,15.0,Black,1000 GB,Pentium N5000,16,Windows 11,,Integrated,Intel,1.1 GHz,4.4,459.99,$,1000.0
lenovo,ThinkPad X1 Carbon Gen 9,14.0,Black Paint,256 GB,Core i5 Family,16,Windows 11 Pro,Anti-glare Screen,Iris Xe Graphics,,,5.0,1869.0,$,256.0
dell,Latitude Rugged 5424 Laptop,14.0,Black,512 GB,Core i7,32,Windows 10 Pro,Wifi & Bluetooth,AMD RADEON RX 540,,,,1749.95,$,512.0
dell,XPS 9730 Laptop,17.0,Platinum Silver,1000 GB,Core i7,32,Windows 11 Pro,,Dedicated,NVIDIA GeForce RTX 4050,,,2498.99,$,1000.0
hp,HPI-1Y5Y4UT#ABA,15.0,,512 GB,Core i7,32,Windows 10 Pro,,Integrated,,1.8 GHz,5.0,2799.0,$,512.0
dell,XPS 15 7590,15.0,,1 TB,Core i7 Family,4,Windows 10,,Dedicated,AMD Radeon R5,4.5 GHz,3.4,1999.0,$,1024.0
dell,Latitude 7430,14.0,,256 GB,Core i7 Family,16,Windows 11 Pro,Pen,Integrated,Intel Iris Xe Graphics,,,1450.77,$,256.0
hp,,15.0,Silver,1000 GB,Intel Core i5,64,Windows 11 Pro,Backlit Keyboard,Integrated,Intel,,4.5,999.99,$,1000.0
rokc,Ideapad 3,15.0,Gray,1000 GB,Intel Core i5,20,Windows 11,,Integrated,Intel,,,639.99,$,1000.0
dell,Inspiron,16.0,Silver,1000 GB,Intel Core i5,32,Windows 11,,Integrated,Intel,,,899.99,$,1000.0
rokc,,14.0,Blue,1000 GB,Intel Core i7,8,Windows 11,,Integrated,Intel,1.2 GHz,,589.99,$,1000.0
msi,Summit E14Flip A12MT-016,14.0,Ink Black,1 TB,Core i7,16,Windows 10,Pen,Integrated,,,3.8,1334.95,$,1024.0
dell,G7 7500 Laptop,15.0,Black,1000 GB,Core i7,32,Windows 10 Home,Wifi & Bluetooth,Nvidia GeForce RTX 2070,,,,1789.81,$,1000.0
rokc,,14.0,Blue,1000 GB,Intel Core i7,8,Windows 11,,Integrated,Intel,1.2 GHz,,589.99,$,1000.0
msi,CROSSHAIR1712295,17.0,,512 GB,Core i7 Family,16,Windows 11 Home,Backlight Keyboard,Integrated,NVIDIA GeForce RTX 3070,,,1877.99,$,512.0
dell,Latitude 7330 Laptop,13.0,Carbon Fiber,512 GB,Core i7,16,Windows 11 Pro,,Integrated,Intel Integrated Graphics,,5.0,994.79,$,512.0
dell,XPS 9320 Laptop,13.0,Gray,512 GB,Core i7,16,Windows 11 Home,,Integrated,Intel Integrated Graphics,,,1807.78,$,512.0
lenovo,Lenovo ThinkPad X1 Carbon Gen 11,14.0,Black,2 TB,Core i7 Family,32,Windows 11 Pro,,Integrated,Intel Iris Xe Graphics,,,2207.14,$,2048.0
dell,Precision 5560 Laptop,15.0,Silver,512 GB,Core i5,32,Windows 11 Pro,Wifi & Bluetooth,Integrated,,,,792.78,$,512.0
dell,Dell Latitude 3420,14.0,,512 GB,,16,Windows 10 Pro,,Integrated,Intel HD Graphics 520,,4.6,285.98,$,512.0
rokc,,15.0,Blue,1152 GB,Pentium,20,Windows 11,,Integrated,Intel,1.1 GHz,5.0,389.99,$,1152.0
hp,,14.0,Rose Gold,64 GB,Celeron N4000,16,Windows 11,,Integrated,Intel,1.1 GHz,4.7,389.99,$,64.0
hp,,15.0,Black,1000 GB,Pentium N5000,16,Windows 11,,Integrated,Intel,1.1 GHz,4.4,459.99,$,1000.0
hp,HP Envy,13.0,Natural Silver,512 GB,,8,Windows 10 Pro,,Integrated,Intel Iris,3.9 GHz,4.2,815.0,$,512.0
hp,ProBook 445 G9,14.0,,256 GB,Ryzen 7,16,Windows 10 Pro,Anti-glare Screen,Radeon Graphics,AMD Radeon Graphics,,,971.99,$,256.0
dell,Inspiron,14.0,,2 TB,Intel Core i7,32,Windows 11 Pro,"Anti-glare,Backlit Keyboard",Integrated,Intel Iris Xe Graphics,,,1575.99,$,2048.0
lenovo,ThinkPad X13 Yoga Gen 3,13.0,,256 GB,Core i5,16,Windows 11,Information Not Available,Iris Xe Graphics,Intel Iris Xe Graphics,,,1601.99,$,256.0
lenovo,81F5018EUS,15.0,Blue,128 GB,Core i3,4,Windows 10,HD Audio,Integrated,,,4.4,247.49,$,128.0
dell,Dell 5000,14.0,Platinum Silver,1 TB,Core i7 Family,32,Windows 11 Pro,"Fingerprint Reader, HD Audio, Backlit Keyboard, Anti Glare Coating, Memory Card Slot",Dedicated,,,,1569.99,$,1024.0
dell,Latitude 5520,15.0,,256 GB,Core i5 Family,16,Windows 10 Pro,Anti-glare,Integrated,Integrated Intel Graphics,,,878.37,$,256.0
dell,Latitude 5440,14.0,,512 GB,Intel Core i7,32,Windows 11 Pro,,Integrated,,5 GHz,,997.74,$,512.0
hp,,15.0,Silver,1000 GB,Intel Core i5,64,Windows 11 Pro,Backlit Keyboard,Integrated,Intel,,4.5,999.99,$,1000.0
rokc,Ideapad 3,15.0,Gray,1000 GB,Intel Core i5,20,Windows 11,,Integrated,Intel,,,639.99,$,1000.0
dell,Inspiron,16.0,Silver,1000 GB,Intel Core i5,32,Windows 11,,Integrated,Intel,,,899.99,$,1000.0
rokc,,14.0,Blue,1000 GB,Intel Core i7,8,Windows 11,,Integrated,Intel,1.2 GHz,,589.99,$,1000.0
dell,XPS 15 7590,15.0,Silver,256 GB,Core i7 Family,4,Windows 10,,Dedicated,NVIDIA,,4.1,1999.0,$,256.0
dell,Precision 7560 Laptop,15.0,Silver,1000 GB,Core i7,64,Windows 11 Pro,Wifi & Bluetooth,Nvidia T1200,,,,2425.99,$,1000.0
dell,Precision 5770 Laptop,17.0,Gray,512 GB,Core i7,32,Windows 11 Pro,,Integrated,NVIDIA RTX A2000,,,2930.46,$,512.0
dell,G15 5525 Laptop,15.0,Grey,512 GB,AMD Ryzen 7,16,Windows 11 Home,,Dedicated,NVIDIA GeForce RTX 3050 Ti,,1.0,1159.0,$,512.0
dell,Latitude 5500,15.0,Black,256 GB,Core i7,16,Windows 10 Pro,,Integrated,Intel UHD 620 Graphics,,5.0,1597.77,$,256.0
rokc,,15.0,Blue,1152 GB,Pentium,20,Windows 11,,Integrated,Intel,1.1 GHz,5.0,389.99,$,1152.0
hp,,14.0,Rose Gold,64 GB,Celeron N4000,16,Windows 11,,Integrated,Intel,1.1 GHz,4.7,389.99,$,64.0
hp,,15.0,Black,1000 GB,Pentium N5000,16,Windows 11,,Integrated,Intel,1.1 GHz,4.4,459.99,$,1000.0
hp,HP ProBook,13.0,,256 GB,,16,Windows 10 Pro,,Integrated,AMD Radeon Pro 560,2.6 GHz,,1149.0,$,256.0
msi,WE75001,17.0,,512 GB,Intel Core i7,32,Windows 10 Pro,Thin Bezel,Dedicated,NVIDIA Quadro T2000,,,1699.99,$,512.0
asus,,14.0,,64 GB,Celeron,4,Windows 10,,Integrated,,,4.4,199.99,$,64.0
hp,,13.0,,512 GB,Core i7,16,Windows 10 Pro,,Integrated,Intel HD Graphics 520,3 GHz,1.0,1930.77,$,512.0
hp,,15.0,Silver,1000 GB,Intel Core i5,64,Windows 11 Pro,Backlit Keyboard,Integrated,Intel,,4.5,999.99,$,1000.0
rokc,Ideapad 3,15.0,Gray,1000 GB,Intel Core i5,20,Windows 11,,Integrated,Intel,,,639.99,$,1000.0
dell,Inspiron,16.0,Silver,1000 GB,Intel Core i5,32,Windows 11,,Integrated,Intel,,,899.99,$,1000.0
rokc,,14.0,Blue,1000 GB,Intel Core i7,8,Windows 11,,Integrated,Intel,1.2 GHz,,589.99,$,1000.0
hp,Intel Core i7,15.0,Silver,512 GB,Core i7,8,Windows 11,"Backlit Keyboard,Fingerprint Reader",Integrated,,,4.3,902.98,$,512.0
lenovo,Lenovo Thinkpad,14.0,,512 GB,,16,Windows 10 Pro,,Dedicated,NVIDIA Quadro P520,1.8 GHz,,2599.0,$,512.0
rokc,,15.0,Blue,1152 GB,Pentium,20,Windows 11,,Integrated,Intel,1.1 GHz,5.0,389.99,$,1152.0
hp,,14.0,Rose Gold,64 GB,Celeron N4000,16,Windows 11,,Integrated,Intel,1.1 GHz,4.7,389.99,$,64.0
hp,,15.0,Black,1000 GB,Pentium N5000,16,Windows 11,,Integrated,Intel,1.1 GHz,4.4,459.99,$,1000.0
dell,Alienware X17 R2 Laptop,17.0,Lunar Light,2000 GB,Core i9,64,Windows 11 Home,,Dedicated,NVIDIA GeForce RTX 3080 Ti,,2.0,3274.46,$,2000.0
dell,XPS,15.0,Silver,512 GB,Corei7-10750H,64,Windows 11,Anti-glare,Dedicated,,,2.8,1599.0,$,512.0
dell,Latitude 3320 Laptop,13.0,Black,256 GB,Core i5,8,Windows 11 Pro,Wifi & Bluetooth,Integrated,,,,694.19,$,256.0
lenovo,ThinkPad L15 Gen 3,15.0,,256 GB,Core i5,8,Windows 11,Anti-glare Screen,UHD Graphics,Intel UHD Graphics,,5.0,1090.57,$,256.0
dell,GGHWY,14.0,,512 GB,Intel Core i5,16,Windows 10 Pro,Speakers,Integrated,Intel UHD Graphics 620,,,1899.0,$,512.0
dell,Latitude 7320 Detachable 2-in-1,13.0,Black,512 GB,Core i7,16,Windows 11 Home,Wifi & Bluetooth,Integrated,,,5.0,1031.79,$,512.0
lenovo,,14.0,,160 GB,,,,,Integrated,Mobile Intel 4 Series express,,5.0,109.0,$,160.0
hp,,15.0,Silver,1000 GB,Intel Core i5,64,Windows 11 Pro,Backlit Keyboard,Integrated,Intel,,4.5,999.99,$,1000.0
rokc,Ideapad 3,15.0,Gray,1000 GB,Intel Core i5,20,Windows 11,,Integrated,Intel,,,639.99,$,1000.0
dell,Inspiron,16.0,Silver,1000 GB,Intel Core i5,32,Windows 11,,Integrated,Intel,,,899.99,$,1000.0
rokc,,14.0,Blue,1000 GB,Intel Core i7,8,Windows 11,,Integrated,Intel,1.2 GHz,,589.99,$,1000.0
dell,Dell Latitude,14.0,,128 GB,Core i5,8,Windows 7,,Integrated,Intel HD Graphics 4400 Integrated,1.9 GHz,4.0,529.95,$,128.0
dell,XV1P3,14.0,,512 GB,Intel Core i7,16,Windows 10 Pro,,Integrated,,1.8 GHz,4.0,1472.99,$,512.0
dell,Inspiron 3520 Laptop,15.0,Black,2000 GB,Core i7,64,Windows 11 Pro,,Integrated,Intel Integrated Graphics,,,1030.18,$,2000.0
dell,XPS 9305 Laptop,13.0,Platinum Silver,256 GB,Core i5,8,Windows 10 Pro,Wifi & Bluetooth,Integrated,,,,951.99,$,256.0
dell,Dell 5000,14.0,Platinum Silver,2 TB,Core i7 Family,64,Windows 11 Pro,"Fingerprint Reader, HD Audio, Backlit Keyboard, Anti Glare Coating, Memory Card Slot",Dedicated,,,,1406.04,$,2048.0
rokc,,14.0,Blue,1000 GB,Intel Core i7,8,Windows 11,,Integrated,Intel,1.2 GHz,,589.99,$,1000.0
hp,Pro x360 Fortis G10,11.0,,256 GB,Core i5,8,Windows 10 Pro,Information Not Available,Iris X Graphics,Intel Iris Xe Graphics,,,993.99,$,256.0
lenovo,ThinkPad P14s Gen 3,14.0,Black,512 GB,Core i7,16,Windows 11 Pro,Anti-glare Screen,T550,,,,1455.77,$,512.0
dell,Precision 7670 Laptop,16.0,Silver,512 GB,Core i7,32,Windows 11 Pro,,Dedicated,Nvidia RTX A1000,,,1438.99,$,512.0
msi,Pulse GL66 12UEK-070,15.0,Black,512 GB,Core i7,16,Windows 11 Home,Backlit Keyboard,RTX 3060,,,3.4,1113.87,$,512.0
dell,XPS 9315 Laptop,13.0,Platinum Silver,512 GB,Core i5,8,Windows 11 Home,,Integrated,Intel Integrated Graphics,,,1069.81,$,512.0
dell,Dell Latitude,14.0,,512 GB,,16,Windows 10 Pro,Support Stylus,Integrated,Intel HD Graphics 520,3.4 GHz,2.9,1199.95,$,512.0
lenovo,Lenovo Ideapad,15.0,,128 GB,AMD A Series,8,Windows 10,,Dedicated,AMD Radeon R7,,3.9,599.99,$,128.0
lenovo,ThinkBook 14s Yoga G2 IAP,14.0,,256 GB,Core i5,16,Windows 11,Information Not Available,Iris Xe Graphics,Intel Iris Xe Graphics,,,1149.18,$,256.0
rokc,,15.0,Blue,1152 GB,Pentium,20,Windows 11,,Integrated,Intel,1.1 GHz,5.0,389.99,$,1152.0
hp,,14.0,Rose Gold,64 GB,Celeron N4000,16,Windows 11,,Integrated,Intel,1.1 GHz,4.7,389.99,$,64.0
hp,,15.0,Black,1000 GB,Pentium N5000,16,Windows 11,,Integrated,Intel,1.1 GHz,4.4,459.99,$,1000.0
dell,Laptop Latitude 7320,13.0,Black,2 TB,Core i7,16,Windows 11 Pro,,Integrated,,1.8 GHz,,881.74,$,2048.0
dell,XPS 9720,17.0,Platinum Silver,4 TB,Core i7 Family,64,Windows 11 Pro,"Fingerprint Reader, HD Audio, Backlit Keyboard, Anti Glare Coating, Memory Card Slot",Dedicated,,,,3799.99,$,4096.0
dell,Latitude 5420 Laptop,14.0,Black,256 GB,Core i5,8,Windows 10 Pro,Wifi & Bluetooth,Integrated,,,,765.75,$,256.0
hp,,15.0,Silver,1000 GB,Intel Core i5,64,Windows 11 Pro,Backlit Keyboard,Integrated,Intel,,4.5,999.99,$,1000.0
rokc,Ideapad 3,15.0,Gray,1000 GB,Intel Core i5,20,Windows 11,,Integrated,Intel,,,639.99,$,1000.0
dell,Inspiron,16.0,Silver,1000 GB,Intel Core i5,32,Windows 11,,Integrated,Intel,,,899.99,$,1000.0
rokc,,14.0,Blue,1000 GB,Intel Core i7,8,Windows 11,,Integrated,Intel,1.2 GHz,,589.99,$,1000.0
asus,VivoBook S15,15.0,Resolute Red,512 GB,Intel Core i5-1135G7,8,Windows 11,"Fingerprint Reader, HD Audio, Backlit Keyboard, Memory Card Slot, Anti Glare Coating",,Intel Iris Xe Graphics,,5.0,718.46,$,512.0
dell,Alienware X17 R1 Laptop,17.0,Lunar Light,1000 GB,Core i7,32,Windows 11 Pro,Wifi & Bluetooth,Nvidia GeForce RTX 3070,,,,2402.99,$,1000.0
latitude,Latitude E6410,14.0,Silver,128 GB,Core i3-520M,8,Windows 7 Professional,,Integrated,,2.4 GHz,3.4,111.05,$,128.0
msi,Creator 15 A11UH-631,15.0,Black,1 TB,Core i7,16,Windows 10,Thin Bezel,Dedicated,,,,1399.0,$,1024.0
samsung,Samsung Chromebook,11.0,Black,16 GB,Celeron,2,Chrome OS,Spill Resistant,Integrated,,,4.2,149.95,$,16.0
rokc,,15.0,Blue,1152 GB,Pentium,20,Windows 11,,Integrated,Intel,1.1 GHz,5.0,389.99,$,1152.0
hp,,14.0,Rose Gold,64 GB,Celeron N4000,16,Windows 11,,Integrated,Intel,1.1 GHz,4.7,389.99,$,64.0
hp,,15.0,Black,1000 GB,Pentium N5000,16,Windows 11,,Integrated,Intel,1.1 GHz,4.4,459.99,$,1000.0
dell,Latitude 7000,15.0,Carbon Fiber,512 GB,Core i7,16,Windows 10 Pro,Anti-glare Screen,Iris Xe Graphics,,,,1942.83,$,512.0
dell,Dell 5000,16.0,Platinum Silver,512 GB,Ryzen 5,16,Windows 10 Pro,"Fingerprint Reader, HD Audio, Backlit Keyboard, Anti Glare Coating, Memory Card Slot",Integrated,,,3.0,708.99,$,512.0
dell,Inspiron 3511,15.0,,1 TB,Core i5,16,Windows 10 Pro,,Integrated,Intel UHD Graphics,1 GHz,,620.64,$,1024.0
dell,Latitude 7320 Laptop,13.0,Black,512 GB,Core i5,16,Windows 10 Pro,Wifi & Bluetooth,Integrated,,,,934.67,$,512.0
msi,Prestige 14Evo A12M-011,14.0,Carbon Gray,512 GB,Core i7,16,Windows 10 Pro,,Integrated,Intel Iris Xe Graphics,,,1099.0,$,512.0
dell,Latitude,14.0,Gray,512 GB,Intel Core i5 1145G7,32,Windows 11 Pro,Backlit Keyboard,Integrated,,,5.0,1590.99,$,512.0
hp,,15.0,Silver,1000 GB,Intel Core i5,64,Windows 11 Pro,Backlit Keyboard,Integrated,Intel,,4.5,999.99,$,1000.0
rokc,Ideapad 3,15.0,Gray,1000 GB,Intel Core i5,20,Windows 11,,Integrated,Intel,,,639.99,$,1000.0
dell,Inspiron,16.0,Silver,1000 GB,Intel Core i5,32,Windows 11,,Integrated,Intel,,,899.99,$,1000.0
rokc,,14.0,Blue,1000 GB,Intel Core i7,8,Windows 11,,Integrated,Intel,1.2 GHz,,589.99,$,1000.0
hp,,14.0,,512 GB,Core i7,32,Windows 11 Pro,,Integrated,,,,2427.19,$,512.0
dell,Dell Latitude 5320,14.0,Silver,256 GB,Core i7,16,Windows 10 Pro,,Integrated,Intel Iris Xe Graphics,,,822.06,$,256.0
rokc,,15.0,Blue,1152 GB,Pentium,20,Windows 11,,Integrated,Intel,1.1 GHz,5.0,389.99,$,1152.0
hp,,14.0,Rose Gold,64 GB,Celeron N4000,16,Windows 11,,Integrated,Intel,1.1 GHz,4.7,389.99,$,64.0
hp,,15.0,Black,1000 GB,Pentium N5000,16,Windows 11,,Integrated,Intel,1.1 GHz,4.4,459.99,$,1000.0
asus,ASUS VivoBook,14.0,Silver,64 GB,Celeron,4,Windows 10 Home,Stylus,Integrated,,,3.5,325.0,$,64.0
hp,Omen 17T-CK200,17.0,Shadow Black,8 TB,Intel Core i9,64,Windows 11 Pro,"HD Audio, Backlit Keyboard, Anti Glare Coating, Memory Card Slot",Dedicated,,,,4339.0,$,8192.0
acer,Aspire,13.0,,320 GB,Core i3,,Windows 8,,Integrated,Intel HD Graphics 3000,,3.5,299.88,$,320.0
dell,Vostro 15 5000 5510,15.0,,512 GB,Intel Core i7,16,Windows 10 Pro,"Anti-glare,Backlit Kb,Fingerprint Reader",Integrated,Intel Iris Xe Graphics,,4.4,1499.0,$,512.0
hp,,15.0,Silver,1000 GB,Intel Core i5,64,Windows 11 Pro,Backlit Keyboard,Integrated,Intel,,4.5,999.99,$,1000.0
rokc,Ideapad 3,15.0,Gray,1000 GB,Intel Core i5,20,Windows 11,,Integrated,Intel,,,639.99,$,1000.0
dell,Inspiron,16.0,Silver,1000 GB,Intel Core i5,32,Windows 11,,Integrated,Intel,,,899.99,$,1000.0
rokc,,14.0,Blue,1000 GB,Intel Core i7,8,Windows 11,,Integrated,Intel,1.2 GHz,,589.99,$,1000.0
dell,Precision 5560 Laptop,15.0,Silver,1000 GB,Core i7,64,Windows 10 Pro,Wifi & Bluetooth,Nvidia T1200,,,2.6,1729.95,$,1000.0
lg,17Z90Q-K.AAS6U1,17.0,Black,512 GB,Core i5,16,Windows 11 Home,,Dedicated,Intel Iris Xe Graphics,,4.0,1396.99,$,512.0
dell,5420,14.0,Black,512 GB,Core i5,32,Windows 10 Pro,,Integrated,Intel,,,885.12,$,512.0
hp,16-f0013dx,15.0,Nocturne Blue,512 GB,Core i7,16,Windows 10 Home,,Integrated intel IRIS Xe Plus GPU,Intel Iris Xe Graphics,,3.9,2399.0,$,512.0
lenovo,Legion 7 16IAX7,16.0,Black,2 TB,Core i9,32,Windows 11 Pro,Anti-glare Screen,GeForce RTX 3080 Ti,,,,3619.99,$,2048.0
dell,Latitude Rugged 5420 Laptop,14.0,Black,512 GB,Core i5,16,Windows 10 Pro,Wifi & Bluetooth,Integrated,,,,2399.99,$,512.0
rokc,,15.0,Blue,1152 GB,Pentium,20,Windows 11,,Integrated,Intel,1.1 GHz,5.0,389.99,$,1152.0
hp,,14.0,Rose Gold,64 GB,Celeron N4000,16,Windows 11,,Integrated,Intel,1.1 GHz,4.7,389.99,$,64.0
hp,,15.0,Black,1000 GB,Pentium N5000,16,Windows 11,,Integrated,Intel,1.1 GHz,4.4,459.99,$,1000.0
dell,XPS 9530 Laptop,15.0,Platinum Silver,1000 GB,Core i9,64,Windows 11 Pro,,Integrated,NVIDIA GeForce RTX 4070,,,3351.99,$,1000.0
lenovo,Lenovo Ideapad,15.0,Almond,256 GB,Core i5,8,Windows 10,,Integrated,Intel 620U,,3.0,599.0,$,256.0
asus,Asus ZenBook 13,13.0,Royal blue,512 GB,Intel Core i7,8,Windows 10 Pro,Backlit Kb,Integrated,,,4.4,1399.0,$,512.0
hp,EliteBook 845 G8,14.0,,256 GB,,16,Windows 10 Pro,"Anti-glare Screen, Miracast Technology",Radeon Graphics,AMD Radeon Graphics,2.3 GHz,5.0,519.99,$,256.0
rokc,,14.0,Blue,1000 GB,Intel Core i7,8,Windows 11,,Integrated,Intel,1.2 GHz,,589.99,$,1000.0
dell,Dell XPS 15 9520,15.0,Silver,1 TB,Core i7,64,Windows 11 Pro,,Dedicated,NVIDIA GeForce RTX 3050 Ti,,,1846.99,$,1024.0
dell,M15,15.0,Black,2 TB,Ryzen 9,64,Windows 11,,Dedicated,NVIDIA GeForce RTX 3070,,4.2,2699.0,$,2048.0
dell,Latitude 5000,15.0,Gray,512 GB,Core i5,16,Windows 10 Pro,Anti-glare Screen,Iris Xe Graphics,,,,1550.25,$,512.0
panasonic,CF-31,13.0,Silver,500 GB,Core i5,4,Windows 8,,"Integrated, Dedicated",Intel HD Graphics 5500,,5.0,399.99,$,500.0
hp,16-K000,16.0,Shadow Black,2 TB,Core i7 Family,64,Windows 11 Pro,,Dedicated,NVIDIA GeForce RTX 3050 Ti 6GB,,,2029.99,$,2048.0
rokc,,15.0,Blue,1152 GB,Pentium,20,Windows 11,,Integrated,Intel,1.1 GHz,5.0,389.99,$,1152.0
hp,,14.0,Rose Gold,64 GB,Celeron N4000,16,Windows 11,,Integrated,Intel,1.1 GHz,4.7,389.99,$,64.0
hp,,15.0,Black,1000 GB,Pentium N5000,16,Windows 11,,Integrated,Intel,1.1 GHz,4.4,459.99,$,1000.0
samsung,Samsung Chromebook 11.6,11.0,Black,32 GB,Intel Atom,4,Chrome OS,,Integrated,integrated_graphics,,4.3,298.0,$,32.0
dell,Latitude 7440 2-in-1,14.0,Black,512 GB,Core i7,16,Windows 11 Home,,Integrated,Intel Integrated Graphics,,,1577.98,$,512.0
dell,Dell Latitude,15.0,,256 GB,Core i7,,Windows 7,,Integrated,Intel HD Graphics 3000,,3.9,119.95,$,256.0
dell,Precision 5550,15.0,,256 GB,Core i5,16,Windows 10 Pro,,Dedicated,NVIDIA Quadro T1000,2.6 GHz,,1199.95,$,256.0
hp,,15.0,Silver,1000 GB,Intel Core i5,64,Windows 11 Pro,Backlit Keyboard,Integrated,Intel,,4.5,999.99,$,1000.0
rokc,Ideapad 3,15.0,Gray,1000 GB,Intel Core i5,20,Windows 11,,Integrated,Intel,,,639.99,$,1000.0
dell,Inspiron,16.0,Silver,1000 GB,Intel Core i5,32,Windows 11,,Integrated,Intel,,,899.99,$,1000.0
rokc,,14.0,Blue,1000 GB,Intel Core i7,8,Windows 11,,Integrated,Intel,1.2 GHz,,589.99,$,1000.0
asus,ASUS VivoBook 15,15.0,Slate Grey,512 GB,Intel Core i7,8,Windows 11,"Bezel,Fingerprint",Integrated,,,4.6,772.2,$,512.0
hp,HP Pavilion,15.0,,256 GB,Core i5,8,Windows 11,,Integrated,,4.2 GHz,5.0,849.99,$,256.0
dell,Latitude 3000,11.0,,128 GB,Celeron,4,Windows 11 Pro,Anti-glare Screen,Integrated,,2.8 GHz,,305.39,$,128.0
dell,Latitude 9000,14.0,Graphite,512 GB,Core i7,32,Windows 10 Pro,"Corning Gorilla Glass 6, Anti-reflection, Anti-smudge",Iris Xe Graphics,,,,2418.3,$,512.0
lenovo,,16.0,,1 TB,Core i7,,Windows 11 Home,Anti-glare,Dedicated,NVIDIA GeForce RTX,5 GHz,5.0,1779.49,$,1024.0
apple,MacBook,12.0,Space Gray,512 GB,Intel Core i3,8,Mac OS,,Integrated,Intel HD Graphics 5300,,4.0,779.95,$,512.0
rokc,,15.0,Blue,1152 GB,Pentium,20,Windows 11,,Integrated,Intel,1.1 GHz,5.0,389.99,$,1152.0
hp,,14.0,Rose Gold,64 GB,Celeron N4000,16,Windows 11,,Integrated,Intel,1.1 GHz,4.7,389.99,$,64.0
hp,,15.0,Black,1000 GB,Pentium N5000,16,Windows 11,,Integrated,Intel,1.1 GHz,4.4,459.99,$,1000.0
dell,Alienware m17 Ryzen Edition R5 Laptop,17.0,Dark Side of the Moon,4000 GB,AMD Ryzen 7,64,Windows 11 Pro,,Dedicated,NVIDIA GeForce RTX 3070 Ti,,,2756.99,$,4000.0
lenovo,Lenovo ThinkPad,14.0,,256 GB,Core i5 Family,8,Windows 10 Pro,Fingerprint Reader,Integrated,Intel UHD Graphics 520,,4.6,419.0,$,256.0
lenovo,ThinkPad P15 Gen 1,15.0,Black,1 TB,Core i9,64,Windows 10 Pro,,Integrated,NVIDIA Quadro RTX 4000 with Max-Q Design 8GB GDDR6,,,3999.0,$,1024.0
hp,,15.0,Silver,1000 GB,Intel Core i5,64,Windows 11 Pro,Backlit Keyboard,Integrated,Intel,,4.5,999.99,$,1000.0
rokc,Ideapad 3,15.0,Gray,1000 GB,Intel Core i5,20,Windows 11,,Integrated,Intel,,,639.99,$,1000.0
dell,Inspiron,16.0,Silver,1000 GB,Intel Core i5,32,Windows 11,,Integrated,Intel,,,899.99,$,1000.0
rokc,,14.0,Blue,1000 GB,Intel Core i7,8,Windows 11,,Integrated,Intel,1.2 GHz,,589.99,$,1000.0
acer,Aspire,15.0,Sliver,256 GB,AMD R Series,8,Windows 10,Backlit Keyboard,,AMD Radeon Vega 3,,4.4,449.0,$,256.0
lenovo,ThinkPad X1 Yoga Gen 7,14.0,,512 GB,Core i7,16,Windows 11,Information Not Available,Iris Xe Graphics,Intel Iris Xe Graphics,,,2466.99,$,512.0
alienware,m15 R3,15.0,Black,512 GB,Core i7,16,Windows 10,Backlit Keyboard,Dedicated,,,3.8,1329.95,$,512.0
dell,Latitude 5540 Laptop,15.0,Black,1000 GB,Core i7,32,Windows 11 Pro,,Integrated,Intel Integrated Graphics,,,1550.64,$,1000.0
rokc,,15.0,Blue,1152 GB,Pentium,20,Windows 11,,Integrated,Intel,1.1 GHz,5.0,389.99,$,1152.0
hp,,14.0,Rose Gold,64 GB,Celeron N4000,16,Windows 11,,Integrated,Intel,1.1 GHz,4.7,389.99,$,64.0
hp,,15.0,Black,1000 GB,Pentium N5000,16,Windows 11,,Integrated,Intel,1.1 GHz,4.4,459.99,$,1000.0
lenovo,ThinkPad T470,14.0,Black,256 GB,Core i5 Family,8,Windows 10 Pro,Spill-resistant,Integrated,,,5.0,295.97,$,256.0
hp,ELITEBOOK REVOLVE 810G3,11.0,Silver,128 GB,Core i5,8,Windows 10 Pro 64 Bit-Multi-Language Support English/French/Spanish.,,Integrated,Integrated Graphics,,,229.98,$,128.0
dell,Precision 3470 Laptop,14.0,Black,1000 GB,Core i7,32,Windows 11 Pro,,Integrated,Intel Integrated Graphics,,5.0,1507.16,$,1000.0
dell,Dell XPS 17 9710,17.0,Platinum Silver,4000 GB,Core i7,64,Windows 11 Pro,,Dedicated,NVIDIA GeForce RTX 3050,,5.0,2470.99,$,4000.0
hp,,15.0,Silver,1000 GB,Intel Core i5,64,Windows 11 Pro,Backlit Keyboard,Integrated,Intel,,4.5,999.99,$,1000.0
rokc,Ideapad 3,15.0,Gray,1000 GB,Intel Core i5,20,Windows 11,,Integrated,Intel,,,639.99,$,1000.0
dell,Inspiron,16.0,Silver,1000 GB,Intel Core i5,32,Windows 11,,Integrated,Intel,,,899.99,$,1000.0
rokc,,14.0,Blue,1000 GB,Intel Core i7,8,Windows 11,,Integrated,Intel,1.2 GHz,,589.99,$,1000.0
rokc,,15.0,Blue,1152 GB,Pentium,20,Windows 11,,Integrated,Intel,1.1 GHz,5.0,389.99,$,1152.0
hp,,14.0,Rose Gold,64 GB,Celeron N4000,16,Windows 11,,Integrated,Intel,1.1 GHz,4.7,389.99,$,64.0
hp,,15.0,Black,1000 GB,Pentium N5000,16,Windows 11,,Integrated,Intel,1.1 GHz,4.4,459.99,$,1000.0
hp,Spectre x360 15t 9th OLED Pro McAfee,15.0,Poseidon Blue,1 TB,Core i7,16,Windows 10 Pro,Stylus Pen,Dedicated,,,4.1,2199.0,$,1024.0
dell,Dell XPS 13 9305,13.0,Silver,512 GB,Intel Core i7,16,Windows 10 Pro,,Integrated,Intel Iris Xe Graphics,,,1047.29,$,512.0
dell,Precision M3510,15.0,,1000 GB,Core i7 6700HQ,16,Windows 10 Pro,,Dedicated,Intel HD Graphics 530,2.6 GHz,,949.95,$,1000.0
hp,,15.0,Silver,1000 GB,Intel Core i5,64,Windows 11 Pro,Backlit Keyboard,Integrated,Intel,,4.5,999.99,$,1000.0
rokc,Ideapad 3,15.0,Gray,1000 GB,Intel Core i5,20,Windows 11,,Integrated,Intel,,,639.99,$,1000.0
dell,Inspiron,16.0,Silver,1000 GB,Intel Core i5,32,Windows 11,,Integrated,Intel,,,899.99,$,1000.0
rokc,,14.0,Blue,1000 GB,Intel Core i7,8,Windows 11,,Integrated,Intel,1.2 GHz,,589.99,$,1000.0
rokc,,14.0,Blue,1000 GB,Intel Core i7,8,Windows 11,,Integrated,Intel,1.2 GHz,,589.99,$,1000.0
dell,Alienware X14 Laptop,14.0,Lunar Light,1000 GB,Core i7,32,Windows 11 Pro,,Dedicated,NVIDIA GeForce RTX 3060,,,2293.99,$,1000.0
msi,WF76 11UI-400,17.0,Black,512 GB,Core i7 Family,16,Windows 10 Pro,Fingerprint,Dedicated,,,5.0,1799.0,$,512.0
dell,XPS 9315 2-in-1,13.0,Platinum Silver,512 GB,Core i5,16,Windows 11 Pro,,Integrated,Intel Integrated Graphics,,,1295.53,$,512.0
dell,Precision 7750,17.0,Silver,1 TB,Core i7,32,Windows 10 Pro,Anti-glare,Integrated,,,3.6,1778.99,$,1024.0
rokc,,15.0,Blue,1152 GB,Pentium,20,Windows 11,,Integrated,Intel,1.1 GHz,5.0,389.99,$,1152.0
hp,,14.0,Rose Gold,64 GB,Celeron N4000,16,Windows 11,,Integrated,Intel,1.1 GHz,4.7,389.99,$,64.0
hp,,15.0,Black,1000 GB,Pentium N5000,16,Windows 11,,Integrated,Intel,1.1 GHz,4.4,459.99,$,1000.0
dell,Inspiron 5625 Laptop,16.0,"Gray, Platinum Silver",1000 GB,AMD Ryzen 7,16,Windows 11 Home,,Integrated,AMD Integrated Graphics,,,913.99,$,1000.0
rokc,,14.0,Blue,1000 GB,Intel Core i7,8,Windows 11,,Integrated,Intel,1.2 GHz,,589.99,$,1000.0
dell,Latitude 6330,13.0,Metallic gray,500 GB,Core i5,,Windows 7 Professional,Anti-glare,,Intel HD Graphics 4000,,3.5,289.95,$,500.0
asus,VivoBook S15,15.0,Gaia Green,512 GB,Intel Core i5-1135G7,8,Windows 11,"Fingerprint Reader, HD Audio, Backlit Keyboard, Memory Card Slot, Anti Glare Coating",,Intel Iris Xe Graphics,,3.0,723.16,$,512.0
dell,Latitude 7000,14.0,Carbon Fiber,512 GB,Core i5,16,Windows 10 Pro,Anti-glare Screen,Iris Xe Graphics,,,,1680.46,$,512.0
rokc,,14.0,Blue,1000 GB,Intel Core i7,8,Windows 11,,Integrated,Intel,1.2 GHz,,589.99,$,1000.0
dell,G16 7620 Laptop,16.0,Black,1000 GB,Core i7,16,Windows 11 Home,,Integrated,NVIDIA GeForce RTX 3060,,,1689.0,$,1000.0
dell,Latitude,15.0,Silver,1 TB,Core i5 Family,64,Windows 11 Pro,Backlit Keyboard,Integrated,,,4.0,1085.99,$,1024.0
latitude,Latitude,13.0,Silver,128 GB,Core i5-2520M,8,Windows 7 Professional,,Integrated,Intel HD Graphics 3000,,3.5,289.95,$,128.0
dell,Latitude,14.0,Gray,512 GB,Core i7 Family,32,Windows 11 Pro,,Integrated,UHD Graphics,,2.3,1295.03,$,512.0
asus,ASUS Laptop L410,14.0,Star Black,128 GB,Pentium,4,Windows 10 S,,Integrated,Intel UHD Graphics 605,,4.1,319.99,$,128.0
rokc,,15.0,Blue,1152 GB,Pentium,20,Windows 11,,Integrated,Intel,1.1 GHz,5.0,389.99,$,1152.0
hp,,14.0,Rose Gold,64 GB,Celeron N4000,16,Windows 11,,Integrated,Intel,1.1 GHz,4.7,389.99,$,64.0
hp,,15.0,Black,1000 GB,Pentium N5000,16,Windows 11,,Integrated,Intel,1.1 GHz,4.4,459.99,$,1000.0
dell,XPS,15.0,Silver,4 TB,Core i9,4,Windows 11,Backlit Kb,Dedicated,,,2.0,3271.99,$,4096.0
dell,3540,15.0,Black,256 GB,Core i5 Family,8,Windows 10 Pro,,Dedicated,,,4.5,1099.81,$,256.0
msi,CreatorPro X17 A12UKS-060,17.0,Black,1 TB,Core i7,32,Windows 11,,Dedicated,NVIDIA GeForce GTX 1050,,,3449.0,$,1024.0
dell,Latitude 5420 rugged,14.0,Black,128 GB,Core i5,16,Windows 10,,Integrated,,1.7 GHz,,1099.95,$,128.0
msi,Prestige 15 A11SC-048,15.0,Carbon Gray,512 GB,Core i5 Family,16,Windows 10 Pro,Thin Bezel,Dedicated,,,,1349.0,$,512.0
hp,,15.0,Silver,1000 GB,Intel Core i5,64,Windows 11 Pro,Backlit Keyboard,Integrated,Intel,,4.5,999.99,$,1000.0
rokc,Ideapad 3,15.0,Gray,1000 GB,Intel Core i5,20,Windows 11,,Integrated,Intel,,,639.99,$,1000.0
dell,Inspiron,16.0,Silver,1000 GB,Intel Core i5,32,Windows 11,,Integrated,Intel,,,899.99,$,1000.0
rokc,,14.0,Blue,1000 GB,Intel Core i7,8,Windows 11,,Integrated,Intel,1.2 GHz,,589.99,$,1000.0
dell,Inspiron 7610 Laptop,16.0,Blue,2000 GB,Core i7,32,Windows 10 Pro,Wifi & Bluetooth,Integrated,,,,1091.99,$,2000.0
dell,Vostro 7620 Laptop,16.0,Black,1000 GB,Core i7,16,Windows 11 Pro,,Dedicated,NVIDIA GeForce RTX 3050 Ti,,1.0,1166.97,$,1000.0
dell,G15,15.0,Phantom Grey with speckles,1 TB,AMD R Series,32,Windows 10 Home,Backlit Keyboard,Dedicated,,,4.1,1429.99,$,1024.0
lenovo,Lenovo 15.6,15.0,Blue,256 GB,AMD A Series,8,Windows 10,,Dedicated,AMD Radeon 7 Graphics,,4.1,499.0,$,256.0
lenovo,ThinkPad L480,14.0,Black,256 GB,Core i5 8250U,8,Windows 10 Pro,,Integrated,Intel UHD Graphics 620,,4.0,699.99,$,256.0
dell,XPS9300-7909SLV-PUS,13.0,Silver,512 GB,Core i7-1065G7,16,Windows 10 Pro,,Integrated,,1.3 GHz,4.1,1899.0,$,512.0
rokc,,15.0,Blue,1152 GB,Pentium,20,Windows 11,,Integrated,Intel,1.1 GHz,5.0,389.99,$,1152.0
hp,,14.0,Rose Gold,64 GB,Celeron N4000,16,Windows 11,,Integrated,Intel,1.1 GHz,4.7,389.99,$,64.0
hp,,15.0,Black,1000 GB,Pentium N5000,16,Windows 11,,Integrated,Intel,1.1 GHz,4.4,459.99,$,1000.0
acer,Chromebook Enterprise Spin 514 CP514-3WH,14.0,,256 GB,Ryzen 7,16,Chrome OS,Corning Gorilla Glass,Radeon Graphics,AMD Radeon Graphics,,5.0,999.99,$,256.0
hp,Pavilion,15.0,,256 GB,Pentium,8,Windows 11,Numeric Keypad,Integrated,Intel UHD Graphics 600,,4.4,439.0,$,256.0
dell,Precision 3000,15.0,Titan Gray,256 GB,Core i5,16,Windows 10 Pro,Anti-glare Screen,RTX T600,,,,1094.13,$,256.0
hp,,15.0,Silver,1000 GB,Intel Core i5,64,Windows 11 Pro,Backlit Keyboard,Integrated,Intel,,4.5,999.99,$,1000.0
rokc,Ideapad 3,15.0,Gray,1000 GB,Intel Core i5,20,Windows 11,,Integrated,Intel,,,639.99,$,1000.0
dell,Inspiron,16.0,Silver,1000 GB,Intel Core i5,32,Windows 11,,Integrated,Intel,,,899.99,$,1000.0
rokc,,14.0,Blue,1000 GB,Intel Core i7,8,Windows 11,,Integrated,Intel,1.2 GHz,,589.99,$,1000.0
dell,Precision 3000,15.0,Titan Gray,256 GB,Core i5,16,Windows 10 Pro,Anti-glare Screen,RTX T600,,,,1653.74,$,256.0
dell,Precision 7770 Laptop,17.0,Silver,1000 GB,Core i7,32,Windows 11 Pro,,Dedicated,NVIDIA RTX A3000,,,1688.99,$,1000.0
acer,Acer Chromebook,11.0,pure silver,64 GB,Celeron N4000,4,Chrome OS,,Integrated,Intel UHD Graphics 600,,5.0,246.39,$,64.0
asus,ZenBook Flip 13,13.0,Pine Grey,512 GB,Intel Core i7,16,Windows 10 Pro,Nanoedge Bezel,Integrated,,,4.0,769.99,$,512.0
rokc,,15.0,Blue,1152 GB,Pentium,20,Windows 11,,Integrated,Intel,1.1 GHz,5.0,389.99,$,1152.0
hp,,14.0,Rose Gold,64 GB,Celeron N4000,16,Windows 11,,Integrated,Intel,1.1 GHz,4.7,389.99,$,64.0
hp,,15.0,Black,1000 GB,Pentium N5000,16,Windows 11,,Integrated,Intel,1.1 GHz,4.4,459.99,$,1000.0
dell,Precision 3000,14.0,,256 GB,Core i5,16,Windows 11 Pro,Anti-glare Screen,Iris Xe Graphics,Intel Iris Xe Graphics,,,671.84,$,256.0
dell,Latitude 5420,14.0,,512 GB,Core i5,16,Windows 10 Pro,Anti Glare,Integrated,,2.6 GHz,1.0,610.68,$,512.0
acer,PH315-53-71QX,15.0,,512 GB,Intel Core i7,16,Windows 10 Home,,Dedicated,NVIDIA GeForce RTX 2070,5 GHz,4.4,2299.0,$,512.0
dell,Inspiron,14.0,Silver,1 TB,Core i7 Family,64,Windows 11 Home,Backlit Kb,Integrated,,,4.0,947.06,$,1024.0
lenovo,AMD Athlon,14.0,Gray,128 GB,AMD R Series,4,Windows 11 Home,,Integrated,AMD Radeon Graphics,,4.6,248.0,$,128.0
hp,ELITEBOOK REVOLVE 810G3,11.0,Silver,512 GB,Core i5,8,Windows 10 Pro 64 Bit-Multi-Language Support English/French/Spanish.,,Integrated,Integrated Graphics,,,249.98,$,512.0
dell,Dell XPS,15.0,Silver,1 TB,,32,Windows 10,"Backlit Keyboard,Fingerprint Reader",Dedicated,NVIDIA GeForce GTX 1050 Ti,,3.5,1900.0,$,1024.0
hp,360W3UT#ABA,14.0,Silver,256 GB,Core i7,16,Windows 10 Pro,,Integrated,Intel Iris,,,989.99,$,256.0
hp,,15.0,Silver,1000 GB,Intel Core i5,64,Windows 11 Pro,Backlit Keyboard,Integrated,Intel,,4.5,999.99,$,1000.0
rokc,Ideapad 3,15.0,Gray,1000 GB,Intel Core i5,20,Windows 11,,Integrated,Intel,,,639.99,$,1000.0
dell,Inspiron,16.0,Silver,1000 GB,Intel Core i5,32,Windows 11,,Integrated,Intel,,,899.99,$,1000.0
rokc,,14.0,Blue,1000 GB,Intel Core i7,8,Windows 11,,Integrated,Intel,1.2 GHz,,589.99,$,1000.0
lenovo,,14.0,,512 GB,,16,Windows 10,"Backlit Keyboard,Fingerprint Reader",Integrated,,,4.5,689.99,$,512.0
alienware,AWm15-7806SLV-PUS,15.0,Epic Silver,512 GB,Core i7 Family,16,Windows 10 Home,"Anti Glare,Thin Bezel",Dedicated,,,4.3,1699.95,$,512.0
dell,G15,15.0,Phantom Grey with speckles,512 GB,AMD R Series,16,Windows 10 Home,Backlit Keyboard,Dedicated,,,,1332.99,$,512.0
rokc,,15.0,Blue,1152 GB,Pentium,20,Windows 11,,Integrated,Intel,1.1 GHz,5.0,389.99,$,1152.0
hp,,14.0,Rose Gold,64 GB,Celeron N4000,16,Windows 11,,Integrated,Intel,1.1 GHz,4.7,389.99,$,64.0
hp,,15.0,Black,1000 GB,Pentium N5000,16,Windows 11,,Integrated,Intel,1.1 GHz,4.4,459.99,$,1000.0
lenovo,,14.0,,512 GB,Intel Core i5,16,Windows 10 Pro,Speakers,Integrated,Intel Integrated Graphics,2.6 GHz,3.6,311.6,$,512.0
dell,Latitude 5330 2-in-1,13.0,Black,256 GB,Core i5,16,Windows 11 Pro,,Integrated,Intel Integrated Graphics,,,750.74,$,256.0
dell,Dell XPS 15 9520,15.0,Silver,512 GB,Core i7,32,Windows 11 Home,,Dedicated,NVIDIA GeForce RTX 3050 Ti,,,2389.99,$,512.0
hp,,15.0,Silver,1000 GB,Intel Core i5,64,Windows 11 Pro,Backlit Keyboard,Integrated,Intel,,4.5,999.99,$,1000.0
rokc,Ideapad 3,15.0,Gray,1000 GB,Intel Core i5,20,Windows 11,,Integrated,Intel,,,639.99,$,1000.0
dell,Inspiron,16.0,Silver,1000 GB,Intel Core i5,32,Windows 11,,Integrated,Intel,,,899.99,$,1000.0
rokc,,14.0,Blue,1000 GB,Intel Core i7,8,Windows 11,,Integrated,Intel,1.2 GHz,,589.99,$,1000.0
lenovo,IdeaPad 330,15.0,Silver,500 GB,Celeron N,4,Windows 10,"Anti-glare,Stereo Speakers",Integrated,,,3.7,248.88,$,500.0
dell,Precision 7550,15.0,Gray,512 GB,Corei7-10750H,16,Windows 10 Pro,Anti-glare,Dedicated,,,3.1,1699.95,$,512.0
dell,G3 Gaming,15.0,Black,512 GB,Core i5,8,Windows 10,,Dedicated,NVIDIA GeForce GTX 1660Ti,,3.8,989.0,$,512.0
toughbook,cf-31 hzardour locations,13.0,,500 GB,Core i5-655K,16,Windows 10 Home,,Integrated,Intel HD Graphics,2.3 GHz,5.0,595.97,$,500.0
dell,Precision 7750 Laptop,17.0,Silver,256 GB,Core i7,16,Windows 10 Pro,Wifi & Bluetooth,Nvidia Quadro RTX 3000,,,,1799.95,$,256.0
dell,LATITUDE 3450,14.0,Black,256 GB,Core i5,8,Windows 10 Pro 64 Bit Multi-Language Support English/French/Spanish,,Integrated,Integrated Graphics,,,254.98,$,256.0
rokc,,15.0,Blue,1152 GB,Pentium,20,Windows 11,,Integrated,Intel,1.1 GHz,5.0,389.99,$,1152.0
hp,,14.0,Rose Gold,64 GB,Celeron N4000,16,Windows 11,,Integrated,Intel,1.1 GHz,4.7,389.99,$,64.0
hp,,15.0,Black,1000 GB,Pentium N5000,16,Windows 11,,Integrated,Intel,1.1 GHz,4.4,459.99,$,1000.0
dell,Latitude 5510 Laptop,15.0,Black,512 GB,Core i7,32,Windows 10 Pro,Wifi & Bluetooth,Integrated,,,,1603.27,$,512.0
dell,Precision 5760 Laptop,17.0,Silver,1000 GB,Core i7,64,Windows 11 Pro,Wifi & Bluetooth,Nvidia RTX A2000,,,,2560.59,$,1000.0
dell,Latitude 7320 Detachable 2-in-1,13.0,Black,256 GB,Core i5,8,Windows 11 Home,Wifi & Bluetooth,Integrated,,,,750.74,$,256.0
hp,,15.0,Silver,1000 GB,Intel Core i5,64,Windows 11 Pro,Backlit Keyboard,Integrated,Intel,,4.5,999.99,$,1000.0
rokc,Ideapad 3,15.0,Gray,1000 GB,Intel Core i5,20,Windows 11,,Integrated,Intel,,,639.99,$,1000.0
dell,Inspiron,16.0,Silver,1000 GB,Intel Core i5,32,Windows 11,,Integrated,Intel,,,899.99,$,1000.0
rokc,,14.0,Blue,1000 GB,Intel Core i7,8,Windows 11,,Integrated,Intel,1.2 GHz,,589.99,$,1000.0
dell,Latitude Rugged 5430 Laptop,14.0,Silver,512 GB,Core i7,16,Windows 11 Pro,,Integrated,Intel Integrated Graphics,,,1646.99,$,512.0
dell,G15 5525 Laptop,15.0,Grey,1000 GB,AMD Ryzen 7,16,Windows 11 Pro,,Dedicated,NVIDIA GeForce RTX 3060,,5.0,1488.13,$,1000.0
dell,7400,14.0,,256 GB,Core i7 Family,16,Windows 10 Pro,premium business-class notebook,Integrated,Intel UHD Graphics 620,,3.4,1549.0,$,256.0
hp,,16.0,,1 TB,Core i7,32,Windows 11 Pro,,Integrated,Intel HD Graphics 520,,4.0,2592.06,$,1024.0
dell,Latitude 7320 Detachable 2-in-1,13.0,Black,128 GB,Core i5,8,Windows 11 Pro,Wifi & Bluetooth,Integrated,,,4.6,750.74,$,128.0
rokc,,15.0,Blue,1152 GB,Pentium,20,Windows 11,,Integrated,Intel,1.1 GHz,5.0,389.99,$,1152.0
hp,,14.0,Rose Gold,64 GB,Celeron N4000,16,Windows 11,,Integrated,Intel,1.1 GHz,4.7,389.99,$,64.0
hp,,15.0,Black,1000 GB,Pentium N5000,16,Windows 11,,Integrated,Intel,1.1 GHz,4.4,459.99,$,1000.0
hp,HP Envy,15.0,,512 GB,AMD Ryzen 7,16,Windows 11 Home,"Backlit Keyboard,Stylus Pen",Integrated,AMD Radeon Graphics,,4.1,999.99,$,512.0
dell,Latitude,14.0,Gray,512 GB,Intel Core i5 1145G7,16,Windows 11 Pro,,Integrated,Intel Iris Xe Graphics,,,801.99,$,512.0
dell,Inspiron,15.0,Black,500 GB,Core i3,4,Windows 8.1,,Integrated,Intel HD Graphics 4400,,4.1,259.0,$,500.0
rokc,,14.0,Blue,1000 GB,Intel Core i7,8,Windows 11,,Integrated,Intel,1.2 GHz,,589.99,$,1000.0
dell,LATITUDE 3450,14.0,Black,256 GB,Core i5,16,Windows 10 Pro 64 Bit Multi-Language Support English/French/Spanish,,Integrated,Integrated Graphics,,,276.98,$,256.0
dell,Latitude,14.0,,256 GB,Core i5,16,Windows 10 Pro,,Integrated,Intel Iris Xe Graphics,2.4 GHz,,836.99,$,256.0
dell,LATITUDE E6530,15.0,,256 GB,Core i5-3320M,16,Win 10 Pro 64 Bit Multi-Language Support English/French/Spanish,,Integrated,Integrated Graphics,2.6 GHz,,269.98,$,256.0
lenovo,,14.0,,128 GB,,8,Windows 10 Home,,Integrated,Intel,2.6 GHz,5.0,315.0,$,128.0
dell,Latitude 5540 Laptop,15.0,Black,1000 GB,Core i7,32,Windows 11 Pro,,Integrated,Intel Integrated Graphics,,,1641.99,$,1000.0
rokc,,14.0,Blue,1000 GB,Intel Core i7,8,Windows 11,,Integrated,Intel,1.2 GHz,,589.99,$,1000.0
dell,Vostro 7620 Laptop,16.0,Black,2000 GB,Core i7,,Windows 11 Pro,,Integrated,NVIDIA GeForce RTX 3050 Ti,3.5 GHz,,1359.21,$,2000.0
lenovo,Lenovo Thinkpad,12.0,Black,256 GB,Core i7 4600U,8,Windows 8,Pen,Integrated,,,3.1,469.99,$,256.0
asus,VivoBook S15 S532,15.0,Punk Pink,512 GB,Intel Core i5,8,Windows 10 Home,Nanoedge Bezel,Integrated,,,4.4,1199.0,$,512.0
dell,Latitude 5320 Laptop,13.0,Black,1000 GB,Core i7,16,Windows 11 Pro,Wifi & Bluetooth,Integrated,,,,890.99,$,1000.0
apple,MacBook Pro 13-inch,13.0,Space Gray,128 GB,Core i5,8,Mac OS,,Integrated,integrated_graphics,,4.5,689.95,$,128.0
rokc,,15.0,Blue,1152 GB,Pentium,20,Windows 11,,Integrated,Intel,1.1 GHz,5.0,389.99,$,1152.0
hp,,14.0,Rose Gold,64 GB,Celeron N4000,16,Windows 11,,Integrated,Intel,1.1 GHz,4.7,389.99,$,64.0
hp,,15.0,Black,1000 GB,Pentium N5000,16,Windows 11,,Integrated,Intel,1.1 GHz,4.4,459.99,$,1000.0
dell,XPS 9510 Laptop,15.0,Platinum Silver,512 GB,Core i7,16,Windows 10 Pro,Wifi & Bluetooth,Nvidia GeForce RTX 3050 Ti,,,,2604.98,$,512.0
asus,ROG Strix Scar III G531GV,15.0,,1 TB,Intel Core i7,16,Windows 10 Home,,Dedicated,NVIDIA GeForce RTX 2060,4.5 GHz,4.4,2799.0,$,1024.0
hp,Laptop,17.0,,256 GB,Core i5,8,Windows 11,Anti-glare,Integrated,Intel Iris Xe Graphics,,4.9,589.0,$,256.0
dell,G15 5520 Laptop,15.0,Grey,512 GB,Core i7,16,Windows 11 Home,,Dedicated,NVIDIA GeForce RTX 3050 Ti,,,1094.99,$,512.0
dell,XPS,15.0,Platinum Silver,1 TB,Intel Core i9,32,Windows 10 Home,,Dedicated,NVIDIA GeForce RTX 3050 Ti,,,2193.98,$,1024.0
msi,Modern 14 B11MOU-1212,14.0,Gray,128 GB,Core i3,8,Windows 11 Home,Information Not Available,Integrated,,,5.0,535.88,$,128.0
hp,,15.0,Silver,1000 GB,Intel Core i5,64,Windows 11 Pro,Backlit Keyboard,Integrated,Intel,,4.5,999.99,$,1000.0
rokc,Ideapad 3,15.0,Gray,1000 GB,Intel Core i5,20,Windows 11,,Integrated,Intel,,,639.99,$,1000.0
dell,Inspiron,16.0,Silver,1000 GB,Intel Core i5,32,Windows 11,,Integrated,Intel,,,899.99,$,1000.0
rokc,,14.0,Blue,1000 GB,Intel Core i7,8,Windows 11,,Integrated,Intel,1.2 GHz,,589.99,$,1000.0
lenovo,,15.0,Grey,512 GB,AMD R Series,20,Windows 10,Anti-glare,Integrated,AMD Radeon RX Vega 8,,4.3,585.69,$,512.0
dell,Precision 3000,14.0,,512 GB,Core i7,32,Windows 10 Pro,Anti-glare Screen,T550,NVIDIA T550,,,2220.88,$,512.0
dell,Inspiron 3511,15.0,,1 TB,Core i5,16,Windows 10 Pro,,Integrated,Intel UHD Graphics,1 GHz,,656.85,$,1024.0
rokc,,15.0,Blue,1152 GB,Pentium,20,Windows 11,,Integrated,Intel,1.1 GHz,5.0,389.99,$,1152.0
hp,,14.0,Rose Gold,64 GB,Celeron N4000,16,Windows 11,,Integrated,Intel,1.1 GHz,4.7,389.99,$,64.0
hp,,15.0,Black,1000 GB,Pentium N5000,16,Windows 11,,Integrated,Intel,1.1 GHz,4.4,459.99,$,1000.0
dell,Alienware m18 Laptop,18.0,Black,1000 GB,Core i9,64,Windows 11 Home,,Integrated,NVIDIA GeForce RTX 4080,,,2919.58,$,1000.0
dell,Inspiron,14.0,,512 GB,Core i7,16,Windows 11 Home,Fingerprint,Integrated,,,,861.48,$,512.0
dell,G16 7620 Laptop,16.0,Black,512 GB,Core i7,16,Windows 11 Home,,Integrated,NVIDIA GeForce RTX 3050 Ti,,,1183.99,$,512.0
hp,,15.0,Silver,1000 GB,Intel Core i5,64,Windows 11 Pro,Backlit Keyboard,Integrated,Intel,,4.5,999.99,$,1000.0
rokc,Ideapad 3,15.0,Gray,1000 GB,Intel Core i5,20,Windows 11,,Integrated,Intel,,,639.99,$,1000.0
dell,Inspiron,16.0,Silver,1000 GB,Intel Core i5,32,Windows 11,,Integrated,Intel,,,899.99,$,1000.0
rokc,,14.0,Blue,1000 GB,Intel Core i7,8,Windows 11,,Integrated,Intel,1.2 GHz,,589.99,$,1000.0
lenovo,,11.0,,32 GB,AMD A4,4,Chrome OS,HD Audio,Integrated,AMD Radeon R5,9120 GHz,,199.99,$,32.0
dell,Dell Precision 7750 Laptop,17.0,Black,1 TB,Intel Core i7,32,Windows 10 Pro,,Dedicated,NVIDIA RTX 3000 6GB GDDR6,,,2905.39,$,1024.0
dell,Latitude 3000,11.0,,128 GB,Unknown,4,Windows 11,Anti-glare Screen,UHD Graphics,Intel UHD Graphics,,,525.83,$,128.0
asus,UX363JA-XB71T,13.0,Grey,512 GB,Intel Core i5,1,Windows 10 Pro,"Anti-glare,Nanoedge Bezel",Integrated,,,3.5,1499.0,$,512.0
rokc,,15.0,Blue,1152 GB,Pentium,20,Windows 11,,Integrated,Intel,1.1 GHz,5.0,389.99,$,1152.0
hp,,14.0,Rose Gold,64 GB,Celeron N4000,16,Windows 11,,Integrated,Intel,1.1 GHz,4.7,389.99,$,64.0
hp,,15.0,Black,1000 GB,Pentium N5000,16,Windows 11,,Integrated,Intel,1.1 GHz,4.4,459.99,$,1000.0
dell,Dell Inspiron,15.0,Platinum Silver,256 GB,Core i5,8,Windows 10 Home,Backlit Keyboard,Integrated,,,3.3,660.0,$,256.0
apple,MacBook Pro,14.0,Space Gray,1 TB,Apple M1,32,Mac OS,,Integrated,,3.2 GHz,4.5,2611.35,$,1024.0
dell,XPS 13 9380,13.0,Silver,128 GB,Core i5 Family,8,Windows 10 Home,,Integrated,Intel UHD Graphics 620,,3.7,1179.81,$,128.0
dell,XPS 9520 Laptop,15.0,Platinum Silver,1000 GB,Core i7,64,Windows 11 Pro,,Dedicated,NVIDIA GeForce RTX 3050,,5.0,1788.99,$,1000.0
dell,Alienware X17 R2 Laptop,17.0,Lunar Light,2000 GB,Core i9,32,Windows 11 Home,,Dedicated,NVIDIA GeForce RTX 3080,,,2923.99,$,2000.0
acer,Acer Swift X Laptop,14.0,Safari Gold,1 TB,AMD R Series,16,Windows 10,Fingerprint,Dedicated,,,4.5,999.0,$,1024.0
dell,Dell Latitude 5520 Laptop,15.0,Silver,512 GB,Core i7,16,Windows 10 Pro,,Integrated,Intel Iris Xe Graphics,,5.0,1715.99,$,512.0
asus,ROG Strix SCAR II,17.0,Black,1000 GB,Core i7,16,Windows 10 Home,,Dedicated,NVIDIA GeForce GTX 1060,,4.2,2299.0,$,1000.0
hp,,15.0,Silver,1000 GB,Intel Core i5,64,Windows 11 Pro,Backlit Keyboard,Integrated,Intel,,4.5,999.99,$,1000.0
rokc,Ideapad 3,15.0,Gray,1000 GB,Intel Core i5,20,Windows 11,,Integrated,Intel,,,639.99,$,1000.0
dell,Inspiron,16.0,Silver,1000 GB,Intel Core i5,32,Windows 11,,Integrated,Intel,,,899.99,$,1000.0
rokc,,14.0,Blue,1000 GB,Intel Core i7,8,Windows 11,,Integrated,Intel,1.2 GHz,,589.99,$,1000.0
dell,Dell Latitude,14.0,,512 GB,Core i7 Family,16,Windows 10 Pro,Anti-glare,Integrated,Intel Iris Xe Graphics,,,1457.0,$,512.0
dell,Latitude E6410,14.0,Silver,160 GB,Core i5,4,Windows 7,HD Audio,Integrated,,,4.1,149.95,$,160.0
dell,G16 7620 Laptop,16.0,Black,1000 GB,Core i9,32,Windows 11 Pro,,Integrated,NVIDIA GeForce RTX 3070,,,1887.62,$,1000.0
asus,GM501GM-WS74,15.0,,1256 GB,8032,16,Windows 10 Pro,,"Integrated, Dedicated",NVIDIA GeForce GTX 1060,2.2 GHz,3.7,1999.0,$,1256.0
dell,Latitude 5400,14.0,Black,128 GB,Core i5 Family,8,Chrome OS,Anti-glare,Integrated,,,,286.43,$,128.0
lenovo,ThinkBook 14 G4 ABA,14.0,,256 GB,Ryzen 5,16,Windows 11,Anti-glare Screen,Radeon Graphics,AMD Radeon Graphics,,,849.0,$,256.0
dell,Latitude 5420 Laptop,14.0,Black,512 GB,Core i5,16,Windows 10 Pro,Wifi & Bluetooth,Integrated,,,,808.55,$,512.0
dell,Inspiron 5425,14.0,,512 GB,Ryzen 7,16,Windows 11 Pro,"Backlit Keyboard,Fingerprint Reader",Integrated,,,,799.99,$,512.0
rokc,,15.0,Blue,1152 GB,Pentium,20,Windows 11,,Integrated,Intel,1.1 GHz,5.0,389.99,$,1152.0
hp,,14.0,Rose Gold,64 GB,Celeron N4000,16,Windows 11,,Integrated,Intel,1.1 GHz,4.7,389.99,$,64.0
hp,,15.0,Black,1000 GB,Pentium N5000,16,Windows 11,,Integrated,Intel,1.1 GHz,4.4,459.99,$,1000.0
dell,63P78,14.0,,256 GB,Intel Core i7,16,Windows 10 Pro,,Integrated,,2.7 GHz,3.6,1899.0,$,256.0
dell,Latitude 7000,14.0,Carbon Fiber,512 GB,Core i7,32,Windows 10 Pro,Anti-glare Screen,Iris X Graphics,,,,1225.48,$,512.0
lenovo,Yoga 910,14.0,,256 GB,Core i7 7500U,8,Windows 10,Backlit Keyboard,Integrated,Intel HD Graphics 620,,3.6,1299.0,$,256.0
hp,HP Pavilion x360,14.0,,256 GB,Core i5,8,Windows 10,,Integrated,Intel UHD Graphics,1.6 GHz,4.4,586.14,$,256.0
hp,,15.0,Silver,1000 GB,Intel Core i5,64,Windows 11 Pro,Backlit Keyboard,Integrated,Intel,,4.5,999.99,$,1000.0
rokc,Ideapad 3,15.0,Gray,1000 GB,Intel Core i5,20,Windows 11,,Integrated,Intel,,,639.99,$,1000.0
dell,Inspiron,16.0,Silver,1000 GB,Intel Core i5,32,Windows 11,,Integrated,Intel,,,899.99,$,1000.0
rokc,,14.0,Blue,1000 GB,Intel Core i7,8,Windows 11,,Integrated,Intel,1.2 GHz,,589.99,$,1000.0
dell,Dell Latitude 7310,13.0,Carbon Fiber,256 GB,Core i5-10310Y,16,Windows 10 Pro,"Anti Glare,Fingerprint",Integrated,,,,738.79,$,256.0
dell,Precision 7770 Laptop,17.0,Silver,1000 GB,Core i7,32,Windows 11 Pro,,Dedicated,NVIDIA RTX A3000,,5.0,1689.18,$,1000.0
rokc,,15.0,Blue,1152 GB,Pentium,20,Windows 11,,Integrated,Intel,1.1 GHz,5.0,389.99,$,1152.0
hp,,14.0,Rose Gold,64 GB,Celeron N4000,16,Windows 11,,Integrated,Intel,1.1 GHz,4.7,389.99,$,64.0
hp,,15.0,Black,1000 GB,Pentium N5000,16,Windows 11,,Integrated,Intel,1.1 GHz,4.4,459.99,$,1000.0
lenovo,ThinkBook 14 G4 ABA,14.0,,256 GB,Ryzen 5,8,Windows 11,Anti-glare Screen,Radeon Graphics,AMD Radeon Graphics,,,799.0,$,256.0
dell,Precision 7760 Laptop,17.0,Silver,2000 GB,Core i7,32,Windows 11 Pro,Wifi & Bluetooth,Nvidia RTX A4000,,,5.0,2992.63,$,2000.0
alienware,Dell Alienware Area 51M,17.0,,1512 GB,Unknown,32,Windows 10,Anti-glare,Dedicated,NVIDIA ®,,4.0,3495.0,$,1512.0
hp,ZBook Studio 16 G9,16.0,,1 TB,Core i7,32,Windows 11 Pro,Anti-glare Screen,"GeForce RTX 3070 Ti,Iris Xe Graphics",NVIDIA Intel GeForce RTX 3070 Ti Iris Xe Graphics,,,1548.38,$,1024.0
gigabyte,AERO 17 XE5-73US738HP,17.0,Silver,2 TB,Intel Core i7,16,Windows 11 Pro,,Dedicated,NVIDIA GeForce RTX 3070 Ti,,3.5,2999.0,$,2048.0
dell,Dell XPS 15 7590 Laptop,15.0,Silver,1 TB,Core i7,32,Windows 10 Pro,,Dedicated,NVIDIA GeForce GTX 1650,,3.7,1399.95,$,1024.0
hp,,15.0,Silver,1000 GB,Intel Core i5,64,Windows 11 Pro,Backlit Keyboard,Integrated,Intel,,4.5,999.99,$,1000.0
rokc,Ideapad 3,15.0,Gray,1000 GB,Intel Core i5,20,Windows 11,,Integrated,Intel,,,639.99,$,1000.0
dell,Inspiron,16.0,Silver,1000 GB,Intel Core i5,32,Windows 11,,Integrated,Intel,,,899.99,$,1000.0
rokc,,14.0,Blue,1000 GB,Intel Core i7,8,Windows 11,,Integrated,Intel,1.2 GHz,,589.99,$,1000.0
dell,Alienware X17 R2 Laptop,17.0,Lunar Light,1000 GB,Core i9,32,Windows 11 Home,,Dedicated,NVIDIA GeForce RTX 3080,,,2738.99,$,1000.0
hp,HP Omen,17.0,Shadow Black,2 TB,Core i7 Family,64,Windows 10 Pro,"High Definition Audio, Backlit Keyboard, Anti Glare Coating",Dedicated,,,,2719.0,$,2048.0
lenovo,,15.0,Platinum Gray,1 TB,Core i3,8,Windows 10,,,,2.2 GHz,3.8,587.55,$,1024.0
dell,XPS 9305 Laptop,13.0,Platinum Silver,256 GB,Core i5,8,Windows 10 Home,Wifi & Bluetooth,Integrated,,,,656.52,$,256.0
dell,Latitude 9330 2-in-1,13.0,Black,1000 GB,Core i7,32,Windows 11 Pro,,Integrated,Intel Integrated Graphics,,,1685.69,$,1000.0
rokc,,15.0,Blue,1152 GB,Pentium,20,Windows 11,,Integrated,Intel,1.1 GHz,5.0,389.99,$,1152.0
hp,,14.0,Rose Gold,64 GB,Celeron N4000,16,Windows 11,,Integrated,Intel,1.1 GHz,4.7,389.99,$,64.0
hp,,15.0,Black,1000 GB,Pentium N5000,16,Windows 11,,Integrated,Intel,1.1 GHz,4.4,459.99,$,1000.0
lenovo,T420,14.0,,320 GB,Core i5,4,Windows 7,HD Audio,Integrated,ATI Mobility Radeon 7500,,3.9,119.0,$,320.0
dell,Dell Latitude 5520,15.0,Silver,2 TB,Intel Core i5,32,Windows 11 Home,,Dedicated,Intel Iris Xe Graphics,,4.2,1037.99,$,2048.0
hp,,15.0,Silver,1000 GB,Intel Core i5,64,Windows 11 Pro,Backlit Keyboard,Integrated,Intel,,4.5,999.99,$,1000.0
rokc,Ideapad 3,15.0,Gray,1000 GB,Intel Core i5,20,Windows 11,,Integrated,Intel,,,639.99,$,1000.0
dell,Inspiron,16.0,Silver,1000 GB,Intel Core i5,32,Windows 11,,Integrated,Intel,,,899.99,$,1000.0
rokc,,14.0,Blue,1000 GB,Intel Core i7,8,Windows 11,,Integrated,Intel,1.2 GHz,,589.99,$,1000.0
dell,Vostro 7620 Laptop,16.0,Black,1000 GB,Core i7,24,Windows 10 Pro,,Integrated,NVIDIA GeForce RTX 3050,,,1245.99,$,1000.0
gigabyte,AORUS 15G XC-8US2430SH,15.0,Black,512 GB,Intel Mobile CPU,32,Windows 10 Home,Anti-glare,Dedicated,,,4.1,1199.99,$,512.0
dell,Inspiron 3515 Laptop,15.0,Platinum Silver,256 GB,AMD Ryzen 7,8,Windows 11 Home,,Integrated,AMD Integrated Graphics,,,409.0,$,256.0
lenovo,ThinkPad T15p Gen 3,15.0,Black,512 GB,Core i7,16,Windows 11,Anti-glare Screen,GeForce RTX 3050,,,,2130.16,$,512.0
lenovo,ThinkPad L14 Gen 3,14.0,,512 GB,Core i7,16,Windows 11,Anti-glare Screen,UHD Graphics,Intel UHD Graphics,,,1615.85,$,512.0
asus,ROG Strix G15,15.0,Black,512 GB,Corei7-10750H,16,Windows 10 Home,,Dedicated,NVIDIA ® GeForce RTX™ 2060,,4.4,1229.99,$,512.0
rokc,,15.0,Blue,1152 GB,Pentium,20,Windows 11,,Integrated,Intel,1.1 GHz,5.0,389.99,$,1152.0
hp,,14.0,Rose Gold,64 GB,Celeron N4000,16,Windows 11,,Integrated,Intel,1.1 GHz,4.7,389.99,$,64.0
hp,,15.0,Black,1000 GB,Pentium N5000,16,Windows 11,,Integrated,Intel,1.1 GHz,4.4,459.99,$,1000.0
dell,Dell Latitude,14.0,,512 GB,Core i7,16,Windows 10 Pro,,Integrated,Intel UHD Graphics 620,1.9 GHz,,1274.77,$,512.0
dell,Dell XPS 15 9520,15.0,Silver,512 GB,Core i7,16,Windows 11 Pro,,Dedicated,NVIDIA GeForce RTX 3050 Ti,,,1637.99,$,512.0
hp,HP Omen 16 Gaming Laptop,16.0,Shadow Black,4 TB,Core i7 Family,64,Windows 10 Pro,"HD Audio, Backlit Keyboard, Anti Glare Coating, Memory Card Slot, Numeric Keypad",Dedicated,,,,2229.0,$,4096.0
hp,,15.0,Silver,1000 GB,Intel Core i5,64,Windows 11 Pro,Backlit Keyboard,Integrated,Intel,,4.5,999.99,$,1000.0
rokc,Ideapad 3,15.0,Gray,1000 GB,Intel Core i5,20,Windows 11,,Integrated,Intel,,,639.99,$,1000.0
dell,Inspiron,16.0,Silver,1000 GB,Intel Core i5,32,Windows 11,,Integrated,Intel,,,899.99,$,1000.0
rokc,,14.0,Blue,1000 GB,Intel Core i7,8,Windows 11,,Integrated,Intel,1.2 GHz,,589.99,$,1000.0
lenovo,ThinkPad X1 Yoga Gen 7,14.0,,512 GB,Core i7,16,Windows 11,Information Not Available,Iris Xe Graphics,Intel Iris Xe Graphics,,,2069.66,$,512.0
dell,Dell Precision 7760 Laptop,17.0,Silver,2 TB,Intel Core i9,64,Windows 11 Pro,,Dedicated,NVIDIA RTX A3000 6GB GDDR6,,,3061.62,$,2048.0
latitude,E7440,14.0,,256 GB,Core i5,8,Windows 10,Backlit Keyboard,Integrated,Intel HD Graphics,,2.7,133.55,$,256.0
dell,XPS 15 7590,15.0,,512 GB,,16,Windows 10 Pro,,Dedicated,NVIDIA GeForce GTX 1650,4.5 GHz,3.6,1299.95,$,512.0
dell,XPS 9520 Laptop,15.0,Platinum Silver,2000 GB,Core i9,64,Windows 11 Pro,,Integrated,NVIDIA GeForce RTX 3050 Ti,,,2149.99,$,2000.0
dell,Latitude 3340,13.0,,500 GB,Core i3,4,Windows 7 Professional,Memory Card Slot,Integrated,Intel HD Graphics 4400,,3.3,198.98,$,500.0
lenovo,Lenovo ThinkBook Plus,13.0,Iron Gray,512 GB,Core i7,16,Windows 10 Pro,,Integrated,Intel UHD Graphics,,1.0,999.99,$,512.0
rokc,,15.0,Blue,1152 GB,Pentium,20,Windows 11,,Integrated,Intel,1.1 GHz,5.0,389.99,$,1152.0
hp,,14.0,Rose Gold,64 GB,Celeron N4000,16,Windows 11,,Integrated,Intel,1.1 GHz,4.7,389.99,$,64.0
hp,,15.0,Black,1000 GB,Pentium N5000,16,Windows 11,,Integrated,Intel,1.1 GHz,4.4,459.99,$,1000.0
dell,Latitude 5430 Laptop,14.0,Black,1000 GB,Core i7,32,Windows 11 Pro,,Integrated,Intel Integrated Graphics,,,1046.99,$,1000.0
dell,Latitude 5420,14.0,Gray,1 TB,Core i5 Family,64,Windows 11 Pro,,Integrated,Intel UHD Graphics,,4.5,988.99,$,1024.0
hp,Dragonfly Folio G3,13.0,,512 GB,Core i7,16,Windows 11 Pro,"Corning Gorilla Glass 7, Miracast Technology",Iris Xe Graphics,Intel Iris Xe Graphics,,,2742.99,$,512.0
lenovo,ThinkBook 13s G4 IAP,13.0,,256 GB,Core i5,8,Windows 11 Pro,,Integrated,Intel,1.7 GHz,,1049.0,$,256.0
dell,Latitude 9520,15.0,,512 GB,Core i7 Family,16,Windows 10 Pro,,Integrated,Integrated Iris Xe Graphics,3 GHz,,1046.99,$,512.0
dell,G15 5521 Laptop,15.0,Black,1000 GB,Core i9,16,Windows 11 Home,,Integrated,NVIDIA GeForce RTX 3070 Ti,,,1827.99,$,1000.0
dell,XPS 9530 Laptop,15.0,Platinum Silver,2000 GB,Core i9,32,Windows 11 Home,,Dedicated,NVIDIA GeForce RTX 4070,,,2772.99,$,2000.0
hp,,15.0,Silver,1000 GB,Intel Core i5,64,Windows 11 Pro,Backlit Keyboard,Integrated,Intel,,4.5,999.99,$,1000.0
rokc,Ideapad 3,15.0,Gray,1000 GB,Intel Core i5,20,Windows 11,,Integrated,Intel,,,639.99,$,1000.0
dell,Inspiron,16.0,Silver,1000 GB,Intel Core i5,32,Windows 11,,Integrated,Intel,,,899.99,$,1000.0
rokc,,14.0,Blue,1000 GB,Intel Core i7,8,Windows 11,,Integrated,Intel,1.2 GHz,,589.99,$,1000.0
dell,Precision 7770,17.0,,1.5 TB,Intel Core i7,64,Windows 11 Pro,Anti-glare,Dedicated,NVIDIA GeForce RTX A4500,,,3346.83,$,1024.0
alienware,R1,15.0,Black,512 GB,Core i7 Family,16,Windows 10,Anti-glare,Integrated,,,3.9,2699.0,$,512.0
msi,GS66 Stealth 10UE-498,15.0,Core Black,2 TB,Core i7 Family,32,Windows 10 Home,Anti-glare,Dedicated,,,3.7,2599.0,$,2048.0
dell,Dell Inspiron,14.0,Silver,256 GB,Core i7,16,Windows 10,Backlit Kb,Integrated,,,,988.99,$,256.0
rokc,,15.0,Blue,1152 GB,Pentium,20,Windows 11,,Integrated,Intel,1.1 GHz,5.0,389.99,$,1152.0
hp,,14.0,Rose Gold,64 GB,Celeron N4000,16,Windows 11,,Integrated,Intel,1.1 GHz,4.7,389.99,$,64.0
hp,,15.0,Black,1000 GB,Pentium N5000,16,Windows 11,,Integrated,Intel,1.1 GHz,4.4,459.99,$,1000.0
lenovo,X230,12.0,Black,128 GB,Core i5,4,Windows 7 Professional,Fingerprint Reader,Integrated,,,3.6,899.99,$,128.0
dell,Precision 7770,17.0,,512 GB,Core i7 Family,64,Windows 10 Pro,Anti-glare,Dedicated,NVIDIA RTX A3000 12GB GDDR6,,,2051.37,$,512.0
dell,Latitude 5520 Laptop,15.0,Black,256 GB,Core i5,16,Windows 11 Pro,Wifi & Bluetooth,Integrated,,,,843.99,$,256.0
dell,Dell XPS 13 9300,11.0,,256 GB,Unknown,8,Windows 10,,Integrated,Intel,3.6 GHz,3.0,1012.84,$,256.0
dell,XPS 9520 Laptop,15.0,Platinum Silver,512 GB,Core i7,16,Windows 11 Pro,,Dedicated,NVIDIA GeForce RTX 3050,,,1657.99,$,512.0
dell,Latitude 7520 Laptop,15.0,Black,512 GB,Core i5,16,Windows 10 Pro,Wifi & Bluetooth,Integrated,,,,1102.99,$,512.0
dell,Latitude 5530 Laptop,15.0,Black,2000 GB,Core i7,32,Windows 11 Pro,,Integrated,Intel Integrated Graphics,,,2498.23,$,2000.0
hp,,15.0,Silver,1000 GB,Intel Core i5,64,Windows 11 Pro,Backlit Keyboard,Integrated,Intel,,4.5,999.99,$,1000.0
rokc,Ideapad 3,15.0,Gray,1000 GB,Intel Core i5,20,Windows 11,,Integrated,Intel,,,639.99,$,1000.0
dell,Inspiron,16.0,Silver,1000 GB,Intel Core i5,32,Windows 11,,Integrated,Intel,,,899.99,$,1000.0
rokc,,14.0,Blue,1000 GB,Intel Core i7,8,Windows 11,,Integrated,Intel,1.2 GHz,,589.99,$,1000.0
dell,Latitude 3520,15.0,,256 GB,Core i5,16,Windows 10 Pro,,Integrated,Intel Iris Xe Graphics,2.4 GHz,,877.99,$,256.0
hp,HP Omen,15.0,Black,512 GB,Corei7-10750H,16,Windows 10,Anti-glare,Dedicated,,,4.5,1999.0,$,512.0
dell,Alienware X17 R2 Laptop,17.0,Lunar Light,1000 GB,Core i9,32,Windows 11 Home,,Dedicated,NVIDIA GeForce RTX 3080,,5.0,2931.99,$,1000.0
rokc,,15.0,Blue,1152 GB,Pentium,20,Windows 11,,Integrated,Intel,1.1 GHz,5.0,389.99,$,1152.0
hp,,14.0,Rose Gold,64 GB,Celeron N4000,16,Windows 11,,Integrated,Intel,1.1 GHz,4.7,389.99,$,64.0
hp,,15.0,Black,1000 GB,Pentium N5000,16,Windows 11,,Integrated,Intel,1.1 GHz,4.4,459.99,$,1000.0
rokc,,14.0,Blue,1000 GB,Intel Core i7,8,Windows 11,,Integrated,Intel,1.2 GHz,,589.99,$,1000.0
lenovo,ThinkPad P15 Gen 1 with Nvidia Quadro RTX 4000 Max-Q Design,15.0,Black,1 TB,Core i7 Family,64,Windows 10 Pro,,Dedicated,NVIDIA Quadro RTX 4000 with Max-Q Design 8GB GDDR6,,,3999.0,$,1024.0
lenovo,Lenovo Thinkpad,14.0,Black,1 TB,Core i7,24,Windows 10 Pro,"Anti-glare,Fingerprint Reader,Stereo Speakers",Integrated,,,3.7,1599.0,$,1024.0
lg,14T90P-K.AAB9U1,14.0,Black,1 TB,Core i7 Family,16,Windows 11 Home,Lightweight,Integrated,,,4.1,1635.99,$,1024.0
dell,Dell XPS 15 9520,15.0,Silver,512 GB,Core i7,64,Windows 11 Pro,,Dedicated,NVIDIA GeForce RTX 3050 Ti,,,1999.0,$,512.0
rokc,,15.0,Blue,1152 GB,Pentium,20,Windows 11,,Integrated,Intel,1.1 GHz,5.0,389.99,$,1152.0
hp,,14.0,Rose Gold,64 GB,Celeron N4000,16,Windows 11,,Integrated,Intel,1.1 GHz,4.7,389.99,$,64.0
hp,,15.0,Black,1000 GB,Pentium N5000,16,Windows 11,,Integrated,Intel,1.1 GHz,4.4,459.99,$,1000.0
dell,Alienware X14 Laptop,14.0,Lunar Light,2000 GB,Core i7,32,Windows 11 Pro,,Dedicated,NVIDIA GeForce RTX 3060,,,2076.4,$,2000.0
dell,Dell Inspiron,17.0,,2 TB,Core i7,16,Windows 10 Home,,Dedicated,NVIDIA GeForce MX230,,4.5,1699.0,$,2048.0
dell,Latitude 5320 Laptop,13.0,Black,256 GB,Core i5,16,Windows 11 Pro,Wifi & Bluetooth,Integrated,,,,731.97,$,256.0
lenovo,ThinkPad L14 Gen 3,14.0,,256 GB,Core i5,8,Windows 11,Anti-glare Screen,UHD Graphics,Intel UHD Graphics,,,1059.0,$,256.0
dell,Latitude Rugged 5430 Laptop,14.0,Silver,512 GB,Core i5,16,Windows 11 Pro,,Integrated,Intel Integrated Graphics,,,1354.99,$,512.0
dell,Latitude 9330 2-in-1,13.0,Black,512 GB,Core i7,16,Windows 11 Pro,,Integrated,Intel Integrated Graphics,,,1540.99,$,512.0
hp,,15.0,Silver,1000 GB,Intel Core i5,64,Windows 11 Pro,Backlit Keyboard,Integrated,Intel,,4.5,999.99,$,1000.0
rokc,Ideapad 3,15.0,Gray,1000 GB,Intel Core i5,20,Windows 11,,Integrated,Intel,,,639.99,$,1000.0
dell,Inspiron,16.0,Silver,1000 GB,Intel Core i5,32,Windows 11,,Integrated,Intel,,,899.99,$,1000.0
rokc,,14.0,Blue,1000 GB,Intel Core i7,8,Windows 11,,Integrated,Intel,1.2 GHz,,589.99,$,1000.0
lenovo,21EM001GUS,13.0,Black,512 GB,Core i7,32,Windows 11 Pro,,Integrated,,,,2729.0,$,512.0
dell,Inspiron 3511,15.0,,1 TB,Core i5,16,Windows 10 Pro,,Integrated,Intel UHD Graphics,1 GHz,,656.85,$,1024.0
dell,Latitude,15.0,,512 GB,Core i7,8,Windows 11 Pro,Anti-glare,Integrated,Intel Iris Xe Graphics,,,1703.99,$,512.0
samsung,Galaxy Book Odyssey,15.0,,1 TB,Intel Core i7,16,Windows 11 Home,"Backlit Kb,Fingerprint Reader",Dedicated,NVIDIA GeForce RTX 3050 Ti Max-Q Graphics,,4.7,2388.42,$,1024.0
alienware,AWm15-7830SLV-PUS,15.0,,1000 GB,Core i7 8750H,16,Windows 10 Home,Anti-glare,Dedicated,NVIDIA GeForce GTX 1060,,4.1,1799.95,$,1000.0
dell,Latitude 5320 2-in-1,13.0,Black,1000 GB,Core i5,8,Windows 10 Pro,Wifi & Bluetooth,Integrated,,,,756.99,$,1000.0
dell,Inspiron 5625 Laptop,16.0,"Grey, Gray, Platinum Silver",512 GB,AMD Ryzen 7,16,Windows 11 Pro,,Integrated,AMD Integrated Graphics,,,702.99,$,512.0
lenovo,ThinkPad,14.0,,256 GB,Core i5-5200U,8,Windows 10,"Backlit Keyboard,Fingerprint Reader","Integrated, Dedicated",Intel Graphics Integrated,,3.3,374.99,$,256.0
rokc,,15.0,Blue,1152 GB,Pentium,20,Windows 11,,Integrated,Intel,1.1 GHz,5.0,389.99,$,1152.0
hp,,14.0,Rose Gold,64 GB,Celeron N4000,16,Windows 11,,Integrated,Intel,1.1 GHz,4.7,389.99,$,64.0
hp,,15.0,Black,1000 GB,Pentium N5000,16,Windows 11,,Integrated,Intel,1.1 GHz,4.4,459.99,$,1000.0
lenovo,13w Yoga,13.0,,256 GB,Ryzen 5,8,Windows 11 Pro,Information Not Available,Radeon Graphics,AMD Radeon Graphics,,,859.0,$,256.0
dell,Inspiron 3511,15.0,,1 TB,Core i5,32,Windows 11 Home,,Integrated,Intel UHD Graphics,1 GHz,,678.08,$,1024.0
dell,Latitude,14.0,Black,512 GB,Core i5,16,Windows 11 Pro,"High Definition Audio, Anti Glare Coating, Memory Card Slot",Integrated,,,5.0,841.99,$,512.0
dell,Latitude 5520 Laptop,15.0,Black,512 GB,Core i7,16,Windows 11 Pro,Wifi & Bluetooth,Integrated,,,,1347.47,$,512.0
hp,,15.0,Silver,1000 GB,Intel Core i5,64,Windows 11 Pro,Backlit Keyboard,Integrated,Intel,,4.5,999.99,$,1000.0
rokc,Ideapad 3,15.0,Gray,1000 GB,Intel Core i5,20,Windows 11,,Integrated,Intel,,,639.99,$,1000.0
dell,Inspiron,16.0,Silver,1000 GB,Intel Core i5,32,Windows 11,,Integrated,Intel,,,899.99,$,1000.0
rokc,,14.0,Blue,1000 GB,Intel Core i7,8,Windows 11,,Integrated,Intel,1.2 GHz,,589.99,$,1000.0
dell,Latitude 3320 Laptop,13.0,Black,256 GB,Core i5,16,Windows 11 Home,Wifi & Bluetooth,Integrated,,,,730.99,$,256.0
dell,Latitude 7430 Laptop,14.0,Aluminum,1000 GB,Core i7,16,Windows 11 Pro,,Integrated,Intel Integrated Graphics,,4.0,941.99,$,1000.0
lenovo,ThinkPad P15 Gen 2,15.0,Black,1 TB,Core i7 Family,32,Windows 10 Pro,Anti-glare Screen,RTX A2000,,,,2603.0,$,1024.0
dell,Inspiron 3515,15.0,,256 GB,AMD R Series,8,Windows 10 Pro,,Integrated,AMD Radeon Graphics,2.1 GHz,,976.99,$,256.0
dell,XPS 15 7590,15.0,,1 TB,Intel Core Duo,32,Windows 10 Pro,"Chiclet,Fingerprint Reader",Dedicated,NVIDIA GeForce GTX 1650,,3.0,1599.95,$,1024.0
dell,XPS 9320 Laptop,13.0,Black,2000 GB,Core i7,32,Windows 11 Home,,Integrated,Intel Integrated Graphics,,,1350.99,$,2000.0
lenovo,ThinkPad E15,15.0,,1000 GB,Core i7,24,Windows 11 Pro,,Integrated,Intel Iris Xe Graphics,1.7 GHz,,1094.99,$,1000.0
rokc,,15.0,Blue,1152 GB,Pentium,20,Windows 11,,Integrated,Intel,1.1 GHz,5.0,389.99,$,1152.0
hp,,14.0,Rose Gold,64 GB,Celeron N4000,16,Windows 11,,Integrated,Intel,1.1 GHz,4.7,389.99,$,64.0
hp,,15.0,Black,1000 GB,Pentium N5000,16,Windows 11,,Integrated,Intel,1.1 GHz,4.4,459.99,$,1000.0
dell,Precision,15.0,Black,512 GB,Core i7 Family,16,Windows 10,,Dedicated,Radeon Pro WX Vega M GL,,1.0,1399.95,$,512.0
dell,,14.0,,32 GB,Core i7,32,,Backlit Kb,Integrated,,1.7 GHz,4.3,880.62,$,32.0
dell,Inspiron 5425 Laptop,14.0,"Gray, Grey, Platinum Silver",512 GB,AMD Ryzen 7,16,Windows 11 Home,,Integrated,AMD Integrated Graphics,,5.0,800.19,$,512.0
dell,Latitude 5430 Laptop,14.0,Black,1000 GB,Core i7,64,Windows 11 Pro,,Integrated,Intel Integrated Graphics,,,1134.49,$,1000.0
lenovo,ThinkPad X1 Carbon Gen 8,14.0,Black,512 GB,,16,Windows 10,Anti-glare,Integrated,Intel UHD Graphics,,3.8,950.77,$,512.0
dell,Vostro 3520 Laptop,15.0,Black,256 GB,Core i5,8,Windows 11 Pro,,Integrated,Intel Integrated Graphics,,,628.99,$,256.0
hp,,15.0,Silver,1000 GB,Intel Core i5,64,Windows 11 Pro,Backlit Keyboard,Integrated,Intel,,4.5,999.99,$,1000.0
rokc,Ideapad 3,15.0,Gray,1000 GB,Intel Core i5,20,Windows 11,,Integrated,Intel,,,639.99,$,1000.0
dell,Inspiron,16.0,Silver,1000 GB,Intel Core i5,32,Windows 11,,Integrated,Intel,,,899.99,$,1000.0
rokc,,14.0,Blue,1000 GB,Intel Core i7,8,Windows 11,,Integrated,Intel,1.2 GHz,,589.99,$,1000.0
dell,Alienware X14 Laptop,14.0,Lunar Light,1000 GB,Core i7,16,Windows 11 Home,,Dedicated,NVIDIA GeForce RTX 3060,,,2086.99,$,1000.0
lenovo,,15.0,Gray,512 GB,Core i7,16,Windows 10,Fingerprint Reader,Dedicated,NVIDIA GeForce GTX 1650,,3.8,2699.0,$,512.0
dell,Dell-7855-G7-512SSD,15.0,Black,512 GB,Core i7,16,Windows 10 Home,,Dedicated,NVIDIA GeForce GTX 1060,,5.0,1799.0,$,512.0
lenovo,Lenovo 17.3 L,17.0,Platinum Grey,128 GB,Ryzen 3 1300X,8,Windows 10,"Anti-glare,Dolby",Integrated,,,4.7,686.9,$,128.0
asus,ASUS Rog Zephyrus,15.0,Black,1 TB,Corei7-10875H,16,Windows 10 Pro,,RTX 2070 Super,NVIDIA GeForce RTX 2070 Max-Q,,3.5,1999.99,$,1024.0
dell,Dell Inspiron 16 5625,16.0,Silver,1000 GB,AMD Ryzen 7,32,Windows 11 Home,,Integrated,AMD Radeon Graphics,,,925.99,$,1000.0
rokc,,15.0,Blue,1152 GB,Pentium,20,Windows 11,,Integrated,Intel,1.1 GHz,5.0,389.99,$,1152.0
hp,,14.0,Rose Gold,64 GB,Celeron N4000,16,Windows 11,,Integrated,Intel,1.1 GHz,4.7,389.99,$,64.0
hp,,15.0,Black,1000 GB,Pentium N5000,16,Windows 11,,Integrated,Intel,1.1 GHz,4.4,459.99,$,1000.0
dell,,15.0,,1 TB,Core i5,8,Windows 10,,Integrated,Intel HD Graphics 620,,4.0,725.0,$,1024.0
dell,Alienware X17 R2 Laptop,17.0,Lunar Light,1000 GB,Core i9,64,Windows 11 Pro,,Dedicated,NVIDIA GeForce RTX 3080 Ti,,,3157.99,$,1000.0
dell,Alienware m15 R3 Laptop,15.0,Dark Side of the Moon,512 GB,Core i7,16,Windows 10 Home,Wifi & Bluetooth,Nvidia GeForce RTX 2070 Super,,,,1499.95,$,512.0
asus,ZenBook 14,14.0,,512 GB,Intel Core i5,8,Windows 10 Home,,Integrated,Intel UHD Graphics,4.2 GHz,4.3,1099.0,$,512.0
hp,ZBook Fury G8,17.0,,1 TB,Core i9,64,Windows 11 Pro,Anti-glare Screen,"RTX A5000,UHD Graphics",NVIDIA Intel RTX A5000 UHD Graphics,,,5598.29,$,1024.0
hp,,15.0,Silver,1000 GB,Intel Core i5,64,Windows 11 Pro,Backlit Keyboard,Integrated,Intel,,4.5,999.99,$,1000.0
rokc,Ideapad 3,15.0,Gray,1000 GB,Intel Core i5,20,Windows 11,,Integrated,Intel,,,639.99,$,1000.0
dell,Inspiron,16.0,Silver,1000 GB,Intel Core i5,32,Windows 11,,Integrated,Intel,,,899.99,$,1000.0
rokc,,14.0,Blue,1000 GB,Intel Core i7,8,Windows 11,,Integrated,Intel,1.2 GHz,,589.99,$,1000.0
lenovo,,14.0,,1 TB,,16,Windows 11 Pro,,Integrated,,3.4 GHz,,979.99,$,1024.0
lenovo,Lenovo Ideapad,15.0,,512 MB,AMD Ryzen 7,8,Windows 10,Anti-glare,Integrated,,2 GHz,3.9,599.0,$,512.0
dell,Latitude 7320 Laptop,13.0,Black,256 GB,Core i5,8,Windows 10 Pro,Wifi & Bluetooth,Integrated,,,,683.99,$,256.0
lenovo,Lenovo ThinkPad P1 Gen 5,16.0,,512 GB,Core i7,16,Windows 11 Pro,Backlit Keyboard,Integrated,Intel Iris Xe Graphics,,,1799.0,$,512.0
rokc,,15.0,Blue,1152 GB,Pentium,20,Windows 11,,Integrated,Intel,1.1 GHz,5.0,389.99,$,1152.0
hp,,14.0,Rose Gold,64 GB,Celeron N4000,16,Windows 11,,Integrated,Intel,1.1 GHz,4.7,389.99,$,64.0
hp,,15.0,Black,1000 GB,Pentium N5000,16,Windows 11,,Integrated,Intel,1.1 GHz,4.4,459.99,$,1000.0
dell,AWm17-7296WHT-PUS,17.0,lunar light,1 TB,Corei7-10750H,16,Windows 10 Home,,Dedicated,NVIDIA RTX 2070,,4.4,2395.0,$,1024.0
acer,CB315-1HT,15.0,Platinum Grey,32 GB,Celeron N3350,4,Chrome OS,,Integrated,Intel HD Grpahics 500,,3.9,258.9,$,32.0
dell,Dell Latitude 5520,15.0,Silver,1 TB,Core i5,32,Windows 10 Pro,,Dedicated,Intel Iris Xe Graphics,,4.0,1038.28,$,1024.0
asus,ROG Strix Scar 15,15.0,Black,1 TB,Ryzen 9,32,Windows 10 Pro,,GeForce RTX 3080,NVIDIA GeForce RTX 3080,,4.1,2099.99,$,1024.0
dell,Inspiron 5625 Laptop,16.0,"Grey, Gray, Platinum Silver",1000 GB,AMD Ryzen 7,32,Windows 11 Home,,Integrated,AMD Integrated Graphics,,,765.11,$,1000.0
hp,,15.0,Silver,1000 GB,Intel Core i5,64,Windows 11 Pro,Backlit Keyboard,Integrated,Intel,,4.5,999.99,$,1000.0
rokc,Ideapad 3,15.0,Gray,1000 GB,Intel Core i5,20,Windows 11,,Integrated,Intel,,,639.99,$,1000.0
dell,Inspiron,16.0,Silver,1000 GB,Intel Core i5,32,Windows 11,,Integrated,Intel,,,899.99,$,1000.0
rokc,,14.0,Blue,1000 GB,Intel Core i7,8,Windows 11,,Integrated,Intel,1.2 GHz,,589.99,$,1000.0
lenovo,80mk0010us,13.0,,256 GB,,8,Windows 10 Home 64,,Integrated,Intel HD Graphics 520,2.5 GHz,3.3,1399.99,$,256.0
dell,Dell XPS,15.0,,1 TB,,32,Windows 10 Pro,,Dedicated,NVIDIA GeForce GTX 1650 Ti,2 GHz,3.6,1805.99,$,1024.0
dell,Inspiron 3515,15.0,,512 GB,AMD R Series,8,Windows 10 Home,,Integrated,AMD Radeon Graphics,2.1 GHz,5.0,1012.99,$,512.0
dell,Latitude 7520 Laptop,15.0,Black,512 GB,Core i5,16,Windows 11 Pro,Wifi & Bluetooth,Integrated,,,,1068.99,$,512.0
lenovo,ThinkPad L14 Gen 3,14.0,,256 GB,Core i7,16,Windows 11,Anti-glare Screen,UHD Graphics,Intel UHD Graphics,,,1220.99,$,256.0
dell,Latitude 7430 Laptop,14.0,Aluminum,1000 GB,Core i7,32,Windows 11 Pro,,Integrated,Intel Integrated Graphics,,,1773.99,$,1000.0
rokc,,15.0,Blue,1152 GB,Pentium,20,Windows 11,,Integrated,Intel,1.1 GHz,5.0,389.99,$,1152.0
hp,,14.0,Rose Gold,64 GB,Celeron N4000,16,Windows 11,,Integrated,Intel,1.1 GHz,4.7,389.99,$,64.0
hp,,15.0,Black,1000 GB,Pentium N5000,16,Windows 11,,Integrated,Intel,1.1 GHz,4.4,459.99,$,1000.0
dell,Latitude 5520 Laptop,15.0,Black,2000 GB,Core i5,32,Windows 11 Pro,Wifi & Bluetooth,Integrated,,,,1031.99,$,2000.0
lenovo,Thinkpad P52,15.0,Black,1 TB,Core i7,64,Windows 10 Pro,"Anti-glare,Stereo Speakers",Dedicated,,,,3199.0,$,1024.0
dell,Inspiron 5625 Laptop,16.0,"Grey, Gray, Platinum Silver",512 GB,AMD Ryzen 7,32,Windows 11 Pro,,Integrated,AMD Integrated Graphics,,,911.99,$,512.0
dell,Latitude 3000,15.0,Black,256 GB,Core i7,8,Windows 10 Pro,Anti-glare Screen,Iris Xe Graphics,,,,919.99,$,256.0
dell,Latitude 7330 Laptop,13.0,Carbon Fiber,256 GB,Core i5,16,Windows 11 Pro,,Integrated,Intel Integrated Graphics,,,692.99,$,256.0
hp,,15.0,Silver,1000 GB,Intel Core i5,64,Windows 11 Pro,Backlit Keyboard,Integrated,Intel,,4.5,999.99,$,1000.0
rokc,Ideapad 3,15.0,Gray,1000 GB,Intel Core i5,20,Windows 11,,Integrated,Intel,,,639.99,$,1000.0
dell,Inspiron,16.0,Silver,1000 GB,Intel Core i5,32,Windows 11,,Integrated,Intel,,,899.99,$,1000.0
rokc,,14.0,Blue,1000 GB,Intel Core i7,8,Windows 11,,Integrated,Intel,1.2 GHz,,589.99,$,1000.0
rokc,,14.0,Gray,512 GB,Intel Core i3,12,Windows 11,,Integrated,Intel,1.7 GHz,,469.99,$,512.0
dell,Latitude 5520,15.0,,256 GB,Core i5,16,Windows 11 Pro,Backlit Kyb,Integrated,Intel Iris Xe Graphics,,,1690.99,$,256.0
msi,Summit E14Evo A12M-025,14.0,Ink Black,512 GB,Core i7,16,Windows 11 Pro,,Integrated,Intel Iris Xe Graphics,,,936.79,$,512.0
msi,GP66 Leopard,15.0,,1 TB,Core i7,32,Windows 10 Home,,Dedicated,NVIDIA GeForce RTX 3070,2.3 GHz,,2699.0,$,1024.0
dell,Latitude 5520 Laptop,15.0,Black,512 GB,Core i5,32,Windows 11 Pro,,Integrated,Intel Integrated Graphics,,,1424.99,$,512.0
rokc,,15.0,Blue,1152 GB,Pentium,20,Windows 11,,Integrated,Intel,1.1 GHz,5.0,389.99,$,1152.0
hp,,14.0,Rose Gold,64 GB,Celeron N4000,16,Windows 11,,Integrated,Intel,1.1 GHz,4.7,389.99,$,64.0
hp,,15.0,Black,1000 GB,Pentium N5000,16,Windows 11,,Integrated,Intel,1.1 GHz,4.4,459.99,$,1000.0
dell,Alienware m17 Ryzen Edition R5 Laptop,17.0,Dark Side of the Moon,1000 GB,AMD Ryzen 7,32,Windows 11 Home,,Integrated,NVIDIA GeForce RTX 3080,,,2220.99,$,1000.0
dell,Latitude 5430 Laptop,14.0,Black,256 GB,Core i5,16,Windows 11 Pro,,Integrated,Intel Integrated Graphics,,,956.99,$,256.0
lenovo,,14.0,,256 GB,,8,Windows 10 Pro,,Integrated,,,,699.99,$,256.0
hp,,15.0,Silver,1000 GB,Intel Core i5,64,Windows 11 Pro,Backlit Keyboard,Integrated,Intel,,4.5,999.99,$,1000.0
rokc,Ideapad 3,15.0,Gray,1000 GB,Intel Core i5,20,Windows 11,,Integrated,Intel,,,639.99,$,1000.0
dell,Inspiron,16.0,Silver,1000 GB,Intel Core i5,32,Windows 11,,Integrated,Intel,,,899.99,$,1000.0
rokc,,14.0,Blue,1000 GB,Intel Core i7,8,Windows 11,,Integrated,Intel,1.2 GHz,,589.99,$,1000.0
dell,Latitude 5320 Laptop,13.0,Black,512 GB,Core i7,16,Windows 10 Pro,Wifi & Bluetooth,Integrated,,,,1102.99,$,512.0
dell,,15.0,,1 TB,Intel Core i5,32,Windows 11 Home,Anti-glare,Integrated,Intel UHD Graphics,4.2 GHz,,677.99,$,1024.0
dell,LATITUDE 5580,15.0,Black,256 GB,Core i7,8,Windows 10 Pro 64 Bit-Multi-Language Support English/French/Spanish.,,Integrated,Integrated Graphics,,,368.98,$,256.0
apple,,16.0,,4 TB,Apple M2 Max,64,macOS 10.14 Mojave,Backlit Keyboard,Integrated,,3.6 GHz,,4888.99,$,4096.0
dell,Precision 7760 Laptop,17.0,Silver,512 GB,Core i7,32,Windows 10 Pro,Wifi & Bluetooth,Nvidia RTX A3000,,,,1744.99,$,512.0
dell,Dell XPS 15 9520,15.0,Platinum Silver,1 TB,Core i9,32,Windows 11 Home,,Dedicated,NVIDIA GeForce RTX 3050 Ti,,,2999.0,$,1024.0
dell,Dell Precision 7770 Laptop,17.0,Silver,2 TB,Intel Core i7,64,Windows 11 Pro,,Dedicated,"NVIDIA ® RTX™ A4500, 16 GB GDDR6",,,3377.99,$,2048.0
rokc,,15.0,Blue,1152 GB,Pentium,20,Windows 11,,Integrated,Intel,1.1 GHz,5.0,389.99,$,1152.0
hp,,14.0,Rose Gold,64 GB,Celeron N4000,16,Windows 11,,Integrated,Intel,1.1 GHz,4.7,389.99,$,64.0
hp,,15.0,Black,1000 GB,Pentium N5000,16,Windows 11,,Integrated,Intel,1.1 GHz,4.4,459.99,$,1000.0
hp,HP Pavilion,15.0,,1 TB,Core i5,6,Windows 10,Backlit Keyboard,Integrated,Intel HD Graphics 520,,3.3,399.0,$,1024.0
hp,EliteBook 645 G9,15.0,,512 GB,Ryzen 5,16,Windows 10 Pro,Anti-glare Screen,Radeon Graphics,AMD Radeon Graphics,,,1296.0,$,512.0
dell,Latitude 7330,13.0,,512 GB,Intel Core i7,16,Windows 11 Pro,Anti-glare,Integrated,,4.8 GHz,,1999.0,$,512.0
dell,Latitude 5330,13.0,,512 GB,Core i7 Family,16,Windows 11 Pro,Anti-glare,Integrated,Intel Iris Xe Graphics,,5.0,1699.0,$,512.0
dell,Latitude 5531,15.0,,1 TB,Core i7,64,Windows 11 Pro,Anti Gla,Integrated,,4.8 GHz,,1786.59,$,1024.0
dell,Latitude Rugged 5424 Laptop,14.0,Black,1000 GB,Core i7,32,Windows 10 Pro,Wifi & Bluetooth,AMD RADEON RX 540,,,,1929.95,$,1000.0
dell,Alienware m18 Laptop,18.0,Black,1000 GB,Core i7,16,Windows 11 Pro,,Integrated,NVIDIA GeForce RTX 4060,,,2214.99,$,1000.0
dell,Inspiron,14.0,,2 TB,Intel Core i7,64,Windows 11 Pro,"Anti-glare,Backlit Keyboard",Integrated,Intel Iris Xe Graphics,,,1689.99,$,2048.0
hp,,15.0,Silver,1000 GB,Intel Core i5,64,Windows 11 Pro,Backlit Keyboard,Integrated,Intel,,4.5,999.99,$,1000.0
rokc,Ideapad 3,15.0,Gray,1000 GB,Intel Core i5,20,Windows 11,,Integrated,Intel,,,639.99,$,1000.0
dell,Inspiron,16.0,Silver,1000 GB,Intel Core i5,32,Windows 11,,Integrated,Intel,,,899.99,$,1000.0
rokc,,14.0,Blue,1000 GB,Intel Core i7,8,Windows 11,,Integrated,Intel,1.2 GHz,,589.99,$,1000.0
lenovo,Lenovo Thinkpad,14.0,,512 GB,Core i7,16,Windows 10 Pro,,Integrated,,3 GHz,,1099.0,$,512.0
dell,Precision 5000,17.0,,512 GB,Core i7,16,Windows 11,Anti-glare Screen,RTX A2000,NVIDIA RTX A2000,,,2460.15,$,512.0
hp,ZBook Firefly 16 G9,16.0,,1 TB,Core i7,32,Windows 11 Pro,Anti-glare Screen,"T500,Iris Xe Graphics",NVIDIA Intel T500 Iris Xe Graphics,,,2759.0,$,1024.0
dell,Latitude,15.0,,512 GB,Core i5,8,Windows 10 Pro,,Integrated,Intel Iris Xe Graphics,,5.0,1293.59,$,512.0
dell,G16 7620 Laptop,16.0,Black,1000 GB,Core i9,16,Windows 11 Home,,Dedicated,NVIDIA GeForce RTX 3060,,,1799.0,$,1000.0
rokc,,15.0,Blue,1152 GB,Pentium,20,Windows 11,,Integrated,Intel,1.1 GHz,5.0,389.99,$,1152.0
hp,,14.0,Rose Gold,64 GB,Celeron N4000,16,Windows 11,,Integrated,Intel,1.1 GHz,4.7,389.99,$,64.0
hp,,15.0,Black,1000 GB,Pentium N5000,16,Windows 11,,Integrated,Intel,1.1 GHz,4.4,459.99,$,1000.0
dell,Dell XPS,15.0,,1 TB,Intel Core M-5Y10 Processor,32,Windows 10,Fingerprint,Dedicated,NVIDIA,,5.0,1799.95,$,1024.0
hp,2K2Z1US#ABA,15.0,Silver,1 TB,Intel Core i7,64,Windows 10 Pro,HD Audio,Integrated,,,5.0,2499.0,$,1024.0
dell,Alienware m18 Laptop,18.0,Black,1000 GB,Core i7,32,Windows 11 Home,,Integrated,NVIDIA GeForce RTX 4060,,,2340.99,$,1000.0
hp,HP EliteBook,13.0,,256 GB,Core i7,16,,,Integrated,Intel UHD Graphics Premium,1.1 GHz,,2499.0,$,256.0
dell,Latitude 7320 Detachable 2-in-1,13.0,Black,256 GB,Core i7,16,Windows 11 Home,Wifi & Bluetooth,Integrated,,,,1030.99,$,256.0
hp,,15.0,Silver,1000 GB,Intel Core i5,64,Windows 11 Pro,Backlit Keyboard,Integrated,Intel,,4.5,999.99,$,1000.0
rokc,Ideapad 3,15.0,Gray,1000 GB,Intel Core i5,20,Windows 11,,Integrated,Intel,,,639.99,$,1000.0
dell,Inspiron,16.0,Silver,1000 GB,Intel Core i5,32,Windows 11,,Integrated,Intel,,,899.99,$,1000.0
rokc,,14.0,Blue,1000 GB,Intel Core i7,8,Windows 11,,Integrated,Intel,1.2 GHz,,589.99,$,1000.0
dell,Precision 7770 Laptop,17.0,Silver,256 GB,Core i5,16,Windows 11 Pro,,Integrated,Intel Integrated Graphics,,,1657.21,$,256.0
dell,Latitude Rugged 5430 Laptop,14.0,Black,1000 GB,Core i7,64,Windows 11 Pro,,Integrated,NVIDIA Quadro T500 2GB,,,3239.89,$,1000.0
dell,Vostro 3510,15.0,Carbon Black,512 GB,Core i5,16,Windows 10 Pro,Anti-glare,Integrated,,,5.0,751.06,$,512.0
asus,UX461UN-DS74T,14.0,Slate Grey,512 GB,Intel Core i7,16,Windows 10 Home,"Nano-edge Bezel,Stylus Pen",Dedicated,,,3.5,1799.0,$,512.0
dell,,17.0,,1 TB,Intel Core i9,32,Windows 11 Pro,Anti-glare,Dedicated,NVIDIA GeForce RTX A4500,5 GHz,,3298.0,$,1024.0
rokc,,15.0,Blue,1152 GB,Pentium,20,Windows 11,,Integrated,Intel,1.1 GHz,5.0,389.99,$,1152.0
hp,,14.0,Rose Gold,64 GB,Celeron N4000,16,Windows 11,,Integrated,Intel,1.1 GHz,4.7,389.99,$,64.0
hp,,15.0,Black,1000 GB,Pentium N5000,16,Windows 11,,Integrated,Intel,1.1 GHz,4.4,459.99,$,1000.0
lenovo,ThinkPad E14 Gen 4,14.0,,256 GB,Core i5,8,Windows 11 Pro,Anti-glare Screen,Iris Xe Graphics,Intel Iris Xe Graphics,,,949.0,$,256.0
dell,Latitude Rugged Extreme 7220 Laptop,11.0,Black,256 GB,Core i5,16,Windows 10 Pro,Wifi & Bluetooth,Integrated,,,,1159.95,$,256.0
lenovo,Lenovo Thinkpad,13.0,,512 GB,Core i7,16,Windows 10 Pro,,Integrated,Intel UHD Graphics,1.8 GHz,,1799.0,$,512.0
dell,Latitude 5330 Laptop,13.0,Black,256 GB,Core i5,8,Windows 11 Pro,,Integrated,Intel Integrated Graphics,,,658.99,$,256.0
dell,Inspiron 7420 2-in-1,14.0,"Grey, Platinum Silver",512 GB,Core i7,16,Windows 11 Home,,Integrated,Intel Integrated Graphics,,,787.99,$,512.0
dell,Precision 5000,14.0,,512 GB,Core i7,16,Windows 10 Pro,"InfinityEdge, Anti-glare Screen",RTX A1000,NVIDIA RTX A1000,,,2508.39,$,512.0
hp,HP ENVY Laptop 13-aq0005nr,13.0,,256 GB,Intel Core i7,8,Windows 10 Home,Fingerprint Reader,Integrated,Intel UHD Graphics 620,,4.1,1399.0,$,256.0
dell,Precision 7750 Laptop,17.0,Silver,1000 GB,Core i7,32,Windows 10 Pro,Wifi & Bluetooth,Nvidia Quadro RTX 3000,,,,1799.95,$,1000.0
hp,,15.0,Silver,1000 GB,Intel Core i5,64,Windows 11 Pro,Backlit Keyboard,Integrated,Intel,,4.5,999.99,$,1000.0
rokc,Ideapad 3,15.0,Gray,1000 GB,Intel Core i5,20,Windows 11,,Integrated,Intel,,,639.99,$,1000.0
dell,Inspiron,16.0,Silver,1000 GB,Intel Core i5,32,Windows 11,,Integrated,Intel,,,899.99,$,1000.0
rokc,,14.0,Blue,1000 GB,Intel Core i7,8,Windows 11,,Integrated,Intel,1.2 GHz,,589.99,$,1000.0
dell,Inspiron 3511,15.0,,1 TB,Core i5,64,Windows 11 Pro,,Integrated,Intel UHD Graphics,1 GHz,,753.11,$,1024.0
dell,Latitude,15.0,Silver,1 TB,Core i7 Family,16,Windows 11 Pro,"Backlit Kb,Fingerprint",Integrated,,,,1169.77,$,1024.0
dell,Inspiron 3511 Laptop,15.0,Black,256 GB,Core i5,8,Windows 11 Home,Wifi & Bluetooth,Integrated,,,,533.02,$,256.0
lenovo,20FN002JUS,14.0,Black,256 GB,Core i5,4,Windows 10 DG Windows 7 Pro 64,"Backlit Keyboard,Fingerprint Reader","Integrated, Dedicated",,,3.7,750.0,$,256.0
rokc,,15.0,Blue,1152 GB,Pentium,20,Windows 11,,Integrated,Intel,1.1 GHz,5.0,389.99,$,1152.0
hp,,14.0,Rose Gold,64 GB,Celeron N4000,16,Windows 11,,Integrated,Intel,1.1 GHz,4.7,389.99,$,64.0
hp,,15.0,Black,1000 GB,Pentium N5000,16,Windows 11,,Integrated,Intel,1.1 GHz,4.4,459.99,$,1000.0
dell,XPS7390-7954SLV-PUS,13.0,Silver,512 GB,Core i7-1065G7,32,Windows 10 Home,,Integrated,Intel® Iris Plus Graphics,,4.0,1799.0,$,512.0
hp,EliteBook 860 G9,16.0,,256 GB,Core i5,16,Windows 11 Pro,Anti-glare Screen,Iris Xe Graphics,Intel Iris Xe Graphics,,,1764.96,$,256.0
hp,16T-F100,16.0,Nocturne Blue,2 TB,Core i7 Family,16,Windows 11 Pro,"Backlit Kb,Fingerprint,Pen",Integrated,,,5.0,1899.0,$,2048.0
dell,Latitude 3320 Laptop,13.0,Black,512 GB,Core i5,8,Windows 11 Pro,Wifi & Bluetooth,Integrated,,,,730.99,$,512.0
hp,,15.0,Silver,1000 GB,Intel Core i5,64,Windows 11 Pro,Backlit Keyboard,Integrated,Intel,,4.5,999.99,$,1000.0
rokc,Ideapad 3,15.0,Gray,1000 GB,Intel Core i5,20,Windows 11,,Integrated,Intel,,,639.99,$,1000.0
dell,Inspiron,16.0,Silver,1000 GB,Intel Core i5,32,Windows 11,,Integrated,Intel,,,899.99,$,1000.0
rokc,,14.0,Blue,1000 GB,Intel Core i7,8,Windows 11,,Integrated,Intel,1.2 GHz,,589.99,$,1000.0
dell,Latitude 3320 Laptop,13.0,Black,512 GB,Core i5,8,Windows 11 Pro,Wifi & Bluetooth,Integrated,,,,730.99,$,512.0
dell,LATITUDE 5580,15.0,Black,512 GB,Core i7,16,Windows 10 Pro 64 Bit-Multi-Language Support English/French/Spanish.,,Integrated,Integrated Graphics,,,412.98,$,512.0
hp,HP ProBook,13.0,,256 GB,,8,Windows 10 Pro,,Integrated,AMD Radeon Pro 560,2.6 GHz,,929.0,$,256.0
acer,Predator Helios 300 PH315-54,15.0,Abyss Black,1 TB,Core i7 Family,16,Windows 10 Pro,Multi-touch Gesture,GeForce RTX 3070,,,,1829.99,$,1024.0
dell,Latitude 3420 Laptop,14.0,Black,256 GB,Core i5,8,Windows 11 Pro,Wifi & Bluetooth,Integrated,,,,672.99,$,256.0
hp,HP EliteBook,14.0,,512 GB,Core i7,16,Windows 10 Pro,,Integrated,,1.1 GHz,,2799.0,$,512.0
dell,Precision 7560 Laptop,15.0,Silver,1000 GB,Core i9,32,Windows 10 Pro,Wifi & Bluetooth,Nvidia T1200,,,,4000.0,$,1000.0
rokc,,15.0,Blue,1152 GB,Pentium,20,Windows 11,,Integrated,Intel,1.1 GHz,5.0,389.99,$,1152.0
hp,,14.0,Rose Gold,64 GB,Celeron N4000,16,Windows 11,,Integrated,Intel,1.1 GHz,4.7,389.99,$,64.0
hp,,15.0,Silver,1000 GB,Intel Core i5,64,Windows 11 Pro,Backlit Keyboard,Integrated,Intel,,4.5,999.99,$,1000.0
asus,GU502LV-BI7N8,15.0,Black,1 TB,Corei7-10750H,16,Windows 10,"Anti-glare,Narrow Bezel",Dedicated,,,3.4,2299.0,$,1024.0
hp,ELITEBOOK 820G3,12.0,Black,1000 GB,Core i5,16,Windows 10 Pro 64 Bit Multi-Language Support English/French/Spanish,,Integrated,Integrated Graphics,,,322.98,$,1000.0
msi,GS75 STEALTH-242,17.0,,1 TB,Core i7,32,Windows 10 Home,,Dedicated,NVIDIA GeForce RTX 2080,2.6 GHz,5.0,3399.0,$,1024.0
lenovo,ThinkPad P15 Gen 1,15.0,Black,1 TB,Core i9,64,Windows 10 Pro,,"Quadro RTX 4000 with Max-Q Design, 8GB GDDR6",NVIDIA Quadro RTX 4000 with Max-Q Design 8GB GDDR6,,,3799.0,$,1024.0
acer,Acer Swift,15.0,Black,256 GB,Ryzen 7 2700U,8,Windows 10 Home,,Dedicated,AMD Radeon RX 540,,4.0,1399.0,$,256.0
dell,Latitude 7330 Laptop,13.0,Carbon Fiber,256 GB,Core i7,16,Windows 11 Pro,,Integrated,Intel Integrated Graphics,,,843.99,$,256.0
hp,,15.0,Black,1000 GB,Pentium N5000,16,Windows 11,,Integrated,Intel,1.1 GHz,4.4,459.99,$,1000.0
dell,Inspiron,16.0,Silver,1000 GB,Intel Core i5,32,Windows 11,,Integrated,Intel,,,899.99,$,1000.0
rokc,Ideapad 3,15.0,Gray,1000 GB,Intel Core i5,20,Windows 11,,Integrated,Intel,,,639.99,$,1000.0
rokc,,14.0,Blue,1000 GB,Intel Core i7,8,Windows 11,,Integrated,Intel,1.2 GHz,,589.99,$,1000.0
dell,Dell Inspiron,15.0,Black,256 GB,Celeron N4020,8,Windows 10,,Integrated,Intel UHD Graphics,,4.2,877.99,$,256.0
dell,G15,15.0,Phantom Grey with speckles,1024 GB,AMD Ryzen 7,32,Windows 10 Home,"Anti- Glare,Backlit Keyboard.tikbot",Dedicated,,,3.7,1429.99,$,1024.0
dell,Precision 7760 Laptop,17.0,Silver,1000 GB,Core i7,32,Windows 10 Pro,Wifi & Bluetooth,Integrated,,,,1778.99,$,1000.0
dell,V3500,15.0,Black,512 GB,Core i7 Family,16,Windows 10,,Integrated,Intel Iris Xe Graphics,,4.0,943.69,$,512.0
dell,Alienware m18 Laptop,18.0,Black,1000 GB,Core i9,64,Windows 11 Pro,,Dedicated,NVIDIA GeForce RTX 4080,,,2925.65,$,1000.0
lenovo,Lenovo Ideapad,14.0,Black,500 GB,Pentium,4,Windows 10,,Integrated,Intel HD Graphics 610,,3.3,377.91,$,500.0
dell,Alienware X17 R2 Laptop,17.0,Lunar Light,1000 GB,Core i9,64,Windows 11 Home,,Dedicated,NVIDIA GeForce RTX 3080,,,3182.99,$,1000.0
dell,Vostro 7620,16.0,Black,2 TB,Core i7 Family,8,Windows 11 Pro,"Fingerprint Reader, Backlit Keyboard, Anti Glare Coating, Memory Card Slot, Numeric Keypad",Dedicated,,,,1421.99,$,2048.0
dell,Alienware X17 R2 Laptop,17.0,Lunar Light,2000 GB,Core i9,64,Windows 11 Pro,,Integrated,NVIDIA GeForce RTX 3080,,,3329.99,$,2000.0
asus,UX533FD-DH74,15.0,Royal Blue,512 GB,Core i7,8,Windows 10 Home,Nanoedge Bezel,Dedicated,,,4.0,1999.0,$,512.0
rokc,,15.0,Blue,1152 GB,Pentium,20,Windows 11,,Integrated,Intel,1.1 GHz,5.0,389.99,$,1152.0
hp,,14.0,Rose Gold,64 GB,Celeron N4000,16,Windows 11,,Integrated,Intel,1.1 GHz,4.7,389.99,$,64.0
hp,,15.0,Black,1000 GB,Pentium N5000,16,Windows 11,,Integrated,Intel,1.1 GHz,4.4,459.99,$,1000.0
dell,Inspiron,15.0,Black,1 TB,Core i5 Family,16,Windows 11 Home,,Integrated,Intel Iris Xe Graphics,,3.5,649.99,$,1024.0
rokc,,15.0,Gray,640 GB,Athlon Silver 3050U,20,Windows 11,,Integrated,AMD,2.3 GHz,3.0,389.99,$,640.0
dell,Inspiron 7420 2-in-1,14.0,"Grey, Platinum Silver",512 GB,Core i7,16,Windows 11 Pro,,Integrated,Intel Integrated Graphics,,,823.99,$,512.0
dell,Alienware m18 Laptop,18.0,Black,512 GB,Core i9,64,Windows 11 Home,,Integrated,NVIDIA GeForce RTX 4070,,,2693.24,$,512.0
dell,XPS 9530 Laptop,15.0,Platinum Silver,2000 GB,Core i9,64,Windows 11 Pro,,Integrated,NVIDIA GeForce RTX 4070,,,3034.99,$,2000.0
dell,Latitude 7320 Detachable 2-in-1,13.0,Black,256 GB,Core i7,16,Windows 11 Home,Wifi & Bluetooth,Integrated,,,,1030.99,$,256.0
dell,Latitude 7420 Laptop,14.0,Black,256 GB,Core i5,16,Windows 10 Pro,Wifi & Bluetooth,Integrated,,,,1056.99,$,256.0
hp,ELITEBOOK 840G1,14.0,Black,1000 GB,Core i7,16,Windows 10 Pro 64 Bit Multi-Language Support English/French/Spanish,,Integrated,Integrated Graphics,,,319.98,$,1000.0
hp,,15.0,Silver,1000 GB,Intel Core i5,64,Windows 11 Pro,Backlit Keyboard,Integrated,Intel,,4.5,999.99,$,1000.0
rokc,Ideapad 3,15.0,Gray,1000 GB,Intel Core i5,20,Windows 11,,Integrated,Intel,,,639.99,$,1000.0
dell,Inspiron,16.0,Silver,1000 GB,Intel Core i5,32,Windows 11,,Integrated,Intel,,,899.99,$,1000.0
rokc,,14.0,Blue,1000 GB,Intel Core i7,8,Windows 11,,Integrated,Intel,1.2 GHz,,589.99,$,1000.0
lenovo,Slim 7,16.0,Stormy Grey,1 TB,Core i7 Family,16,Windows 11 Pro,"HD Audio, Backlit Keyboard, Memory Card Slot, Numeric Keypad",Dedicated,,,,1304.1,$,1024.0
asus,ROG Zephyrus S GX701,17.0,Black,1 TB,Core i7,16,Windows 10 Pro,,Dedicated,NVIDIA GeForce RTX 2080,,4.0,3399.0,$,1024.0
dell,5401,14.0,Gray,256 GB,Core i5 Family,8,Windows 10 Pro,Fingerprint Reader,Integrated,,,5.0,1499.0,$,256.0
dell,7404-i5-8-256-1.9-W10P,14.0,,256 GB,Intel Core i5-4200U,8,Windows 10 Pro,,Integrated,Integrated Intel HD Graphics,1.9 GHz,3.7,899.95,$,256.0
dell,Inspiron 3000,15.0,,1 TB,Core i5 Family,32,Windows 11 Home,,Integrated,Intel UHD Graphics,1 GHz,,975.0,$,1024.0
hp,HP Spectre,15.0,Silver,1 TB,Core i7,16,Windows 11,,Integrated,Intel Iris Xe Graphics,,,2199.0,$,1024.0
rokc,,15.0,Blue,1152 GB,Pentium,20,Windows 11,,Integrated,Intel,1.1 GHz,5.0,389.99,$,1152.0
hp,,14.0,Rose Gold,64 GB,Celeron N4000,16,Windows 11,,Integrated,Intel,1.1 GHz,4.7,389.99,$,64.0
hp,,15.0,Black,1000 GB,Pentium N5000,16,Windows 11,,Integrated,Intel,1.1 GHz,4.4,459.99,$,1000.0
dell,Latitude 5530 Laptop,15.0,Black,256 GB,Core i7,16,Windows 11 Pro,,Integrated,Intel Integrated Graphics,,,1162.99,$,256.0
dell,Alienware m16 Laptop,16.0,Black,1000 GB,Core i9,16,Windows 11 Home,,Dedicated,NVIDIA GeForce RTX 4080,,,2720.99,$,1000.0
hp,,15.0,Silver,1000 GB,Intel Core i5,64,Windows 11 Pro,Backlit Keyboard,Integrated,Intel,,4.5,999.99,$,1000.0
rokc,Ideapad 3,15.0,Gray,1000 GB,Intel Core i5,20,Windows 11,,Integrated,Intel,,,639.99,$,1000.0
dell,Inspiron,16.0,Silver,1000 GB,Intel Core i5,32,Windows 11,,Integrated,Intel,,,899.99,$,1000.0
rokc,,14.0,Blue,1000 GB,Intel Core i7,8,Windows 11,,Integrated,Intel,1.2 GHz,,589.99,$,1000.0
dell,Latitude 5431 Laptop,14.0,Black,512 GB,Core i7,32,Windows 11 Pro,,Integrated,Intel Integrated Graphics,,,1009.99,$,512.0
asus,ASUS VivoBook,15.0,Silver,512 GB,Core i5 Family,8,Windows 10,"Backlit Keyboard,Fingerprint Reader,Full Hd Anti-glare",Dedicated,,,5.0,1199.0,$,512.0
dell,Latitude 5440 Laptop,14.0,Black,1000 GB,Core i7,64,Windows 11 Pro,,Integrated,Intel Integrated Graphics,,,1470.99,$,1000.0
dell,3593,15.0,,256 GB,Core i3 Family,16,Windows 11 Home,Anti-glare,Integrated,Intel UHD Graphics,,4.5,508.99,$,256.0
hp,Spectre,16.0,Blue,1 TB,Core i7 Family,16,Windows 11 Home,"Backlit Keyboard,Pen",Integrated,,,1.0,1351.42,$,1024.0
hp,3V2U0UT#ABA,14.0,,32 GB,Intel Celeron D,4,Chrome OS,,Integrated,Intel HD Graphics 400,2.8 GHz,4.0,473.22,$,32.0
rokc,,15.0,Blue,1152 GB,Pentium,20,Windows 11,,Integrated,Intel,1.1 GHz,5.0,389.99,$,1152.0
hp,,14.0,Rose Gold,64 GB,Celeron N4000,16,Windows 11,,Integrated,Intel,1.1 GHz,4.7,389.99,$,64.0
hp,,15.0,Black,1000 GB,Pentium N5000,16,Windows 11,,Integrated,Intel,1.1 GHz,4.4,459.99,$,1000.0
dell,Dell Latitude,15.0,Silver,512 GB,Core i7 Family,32,Windows 10 Pro,Anti-glare,Integrated,,,,1764.99,$,512.0
dell,Dell Inspiron,15.0,Black,1 TB,Celeron N,16,Windows 10 Home,,Intel UHD Graphics,Intel UHD Graphics,,3.6,919.99,$,1024.0
dell,Dell XPS 15 9520,15.0,Silver,4 TB,Core i7,64,Windows 11 Pro,,Dedicated,NVIDIA GeForce RTX 3050 Ti,,,2828.99,$,4096.0
hp,,15.0,Silver,1000 GB,Intel Core i5,64,Windows 11 Pro,Backlit Keyboard,Integrated,Intel,,4.5,999.99,$,1000.0
rokc,Ideapad 3,15.0,Gray,1000 GB,Intel Core i5,20,Windows 11,,Integrated,Intel,,,639.99,$,1000.0
dell,Inspiron,16.0,Silver,1000 GB,Intel Core i5,32,Windows 11,,Integrated,Intel,,,899.99,$,1000.0
rokc,,14.0,Blue,1000 GB,Intel Core i7,8,Windows 11,,Integrated,Intel,1.2 GHz,,589.99,$,1000.0
dell,Dell Latitude,13.0,,256 GB,Core i5,8,Windows 10 Pro,,Integrated,Intel Iris,2.6 GHz,,680.0,$,256.0
rokc,,15.0,Blue,1152 GB,Pentium,20,Windows 11,,Integrated,Intel,1.1 GHz,5.0,389.99,$,1152.0
hp,,14.0,Rose Gold,64 GB,Celeron N4000,16,Windows 11,,Integrated,Intel,1.1 GHz,4.7,389.99,$,64.0
hp,,15.0,Black,1000 GB,Pentium N5000,16,Windows 11,,Integrated,Intel,1.1 GHz,4.4,459.99,$,1000.0
dell,Precision 5550 Laptop,15.0,Silver,512 GB,Core i7,16,Windows 10 Pro,Wifi & Bluetooth,Nvidia Quadro T2000,,,5.0,2500.0,$,512.0
dell,Dell Latitude,15.0,,500 GB,Core i5,8,Windows 10 Pro,Fingerprint Reader,Integrated,Intel UHD Graphics 620,,1.0,959.99,$,500.0
lg,16Z90Q-N.APB7U1,16.0,,1 TB,Core i7,16,Windows 11 Pro,,Integrated,,4.7,,1299.99,$,1024.0
lenovo,,13.0,,256 GB,,8,Windows 10,,Integrated,,,,800.0,$,256.0
hp,,15.0,Silver,1000 GB,Intel Core i5,64,Windows 11 Pro,Backlit Keyboard,Integrated,Intel,,4.5,999.99,$,1000.0
rokc,Ideapad 3,15.0,Gray,1000 GB,Intel Core i5,20,Windows 11,,Integrated,Intel,,,639.99,$,1000.0
dell,Inspiron,16.0,Silver,1000 GB,Intel Core i5,32,Windows 11,,Integrated,Intel,,,899.99,$,1000.0
rokc,,14.0,Blue,1000 GB,Intel Core i7,8,Windows 11,,Integrated,Intel,1.2 GHz,,589.99,$,1000.0
dell,Latitude 7320 Detachable 2-in-1,13.0,Black,128 GB,Core i7,16,Windows 10 Pro,Wifi & Bluetooth,Integrated,,,5.0,1568.39,$,128.0
dell,Latitude 7430 Laptop,14.0,Aluminum,512 GB,Core i7,32,Windows 11 Pro,,Integrated,Intel Integrated Graphics,,,1513.99,$,512.0
dell,Precision 3570 Laptop,15.0,Black,512 GB,Core i5,16,Windows 11 Pro,,Integrated,Intel Integrated Graphics,,,975.99,$,512.0
dell,G16 7630 Laptop,16.0,Gray,1000 GB,Core i9,32,Windows 11 Home,,Dedicated,NVIDIA GeForce RTX 4070,,,1681.34,$,1000.0
rokc,,15.0,Blue,1152 GB,Pentium,20,Windows 11,,Integrated,Intel,1.1 GHz,5.0,389.99,$,1152.0
hp,,14.0,Rose Gold,64 GB,Celeron N4000,16,Windows 11,,Integrated,Intel,1.1 GHz,4.7,389.99,$,64.0
hp,,15.0,Black,1000 GB,Pentium N5000,16,Windows 11,,Integrated,Intel,1.1 GHz,4.4,459.99,$,1000.0
rokc,,14.0,Blue,1000 GB,Intel Core i7,8,Windows 11,,Integrated,Intel,1.2 GHz,,589.99,$,1000.0
dell,Latitude 5320 Laptop,13.0,Black,2000 GB,Core i7,32,Windows 10 Pro,Wifi & Bluetooth,Integrated,,,,1074.99,$,2000.0
acer,PT515-51-75L8,15.0,Black,512 GB,Core i7,16,Windows 10 Home,,Dedicated,NVIDIA GeForce RTX 2080,,3.9,3399.0,$,512.0
dell,Inspiron 3515,15.0,,256 GB,Ryzen 5,12,Windows 11 Pro,Anti-glare,Integrated,,,4.5,981.99,$,256.0
dell,Latitude 5000,13.0,,512 GB,Core i7 Family,16,Windows 10 Pro,Anti-glare Screen,Iris Xe Graphics,Intel Iris Xe Graphics,,,1273.99,$,512.0
dell,Precision 7770 Laptop,17.0,Silver,2000 GB,Core i7,32,Windows 11 Pro,,Dedicated,Nvidia RTX A1000,,,2359.99,$,2000.0
dell,Latitude 7320 Laptop,13.0,Black,1000 GB,Core i7,32,Windows 11 Pro,Wifi & Bluetooth,Integrated,,,,966.99,$,1000.0
lenovo,ThinkPad E590,15.0,Black,512 GB,Core i7 8550U,16,Windows 10,,Integrated,Intel UHD Graphics 620,,4.5,749.95,$,512.0
rokc,,15.0,Blue,1152 GB,Pentium,20,Windows 11,,Integrated,Intel,1.1 GHz,5.0,389.99,$,1152.0
hp,,14.0,Rose Gold,64 GB,Celeron N4000,16,Windows 11,,Integrated,Intel,1.1 GHz,4.7,389.99,$,64.0
hp,,15.0,Black,1000 GB,Pentium N5000,16,Windows 11,,Integrated,Intel,1.1 GHz,4.4,459.99,$,1000.0
dell,Latitude,15.0,Gray,1 TB,Intel Core i5-1135G7,32,Windows 10 Pro,Backlit Keyboard,Integrated,,,,1499.0,$,1024.0
dell,Dell Precision 7560 Laptop,15.0,Silver,2 TB,Intel Core i7,64,Windows 11 Pro,,Dedicated,NVIDIA GeForcer A3000,,,2376.99,$,2048.0
dell,Alienware X17 R1 Laptop,17.0,Lunar Light,2000 GB,Core i7,64,Windows 10 Pro,Wifi & Bluetooth,Nvidia GeForce RTX 3080,,,,3140.99,$,2000.0
hp,CK1065,17.0,Shadow Black,2 TB,Core i7 Family,64,Windows 11 Pro,Backlit Kb,Dedicated,,,,2719.0,$,2048.0
msi,Summit E15 A11SCST-461,15.0,Ink Black,1 TB,Core i7 Family,16,Windows 10 Pro,Thin Bezel,Dedicated,,,,1799.0,$,1024.0
dell,Alienware m15 R7 Laptop,15.0,Dark Side of the Moon,512 GB,Core i9,16,Windows 11 Home,,Integrated,NVIDIA GeForce RTX 3080,,,2192.99,$,512.0
hp,,15.0,Silver,1000 GB,Intel Core i5,64,Windows 11 Pro,Backlit Keyboard,Integrated,Intel,,4.5,999.99,$,1000.0
rokc,Ideapad 3,15.0,Gray,1000 GB,Intel Core i5,20,Windows 11,,Integrated,Intel,,,639.99,$,1000.0
dell,Inspiron,16.0,Silver,1000 GB,Intel Core i5,32,Windows 11,,Integrated,Intel,,,899.99,$,1000.0
rokc,,14.0,Blue,1000 GB,Intel Core i7,8,Windows 11,,Integrated,Intel,1.2 GHz,,589.99,$,1000.0
dell,Inspiron 3521 Laptop,15.0,"Silver, Black",128 GB,,4,Windows 11 Home,,Integrated,Intel Integrated Graphics,,,334.99,$,128.0
msi,CYBORG1512043SKU,15.0,Black,1 TB,Core i7-12650H,16,Windows 11 Home,,Dedicated,NVIDIA GeForce RTX 4060,,,2199.0,$,1024.0
lenovo,Yoga,15.0,Iron Grey,512 GB,Core i5-10210U,8,Windows 10 Home,"Backlit Keyboard,Fingerprint Reader",Integrated,,,1.0,714.0,$,512.0
asus,ROG Zephyrus S GX531,15.0,Black,512 GB,Core i7,16,Windows 10 Pro,,Dedicated,NVIDIA GeForce RTX 2080 Max-Q,,3.8,3499.99,$,512.0
rokc,,15.0,Blue,1152 GB,Pentium,20,Windows 11,,Integrated,Intel,1.1 GHz,5.0,389.99,$,1152.0
hp,,14.0,Rose Gold,64 GB,Celeron N4000,16,Windows 11,,Integrated,Intel,1.1 GHz,4.7,389.99,$,64.0
hp,,15.0,Black,1000 GB,Pentium N5000,16,Windows 11,,Integrated,Intel,1.1 GHz,4.4,459.99,$,1000.0
acer,Acer 13.3inch Chromebook,13.0,Silver,64 GB,MediaTek_MT8127,4,Chrome OS,,Integrated,PowerVR GX6250,,4.5,209.99,$,64.0
alienware,,13.0,Epic Silver,512 GB,,16,Windows 10,Anti-glare,Dedicated,NVIDIA GeForce GTX 1060,3.8 GHz,3.7,1649.95,$,512.0
dell,Precision 5760 Laptop,17.0,Silver,512 GB,Core i7,32,Windows 10 Pro,Wifi & Bluetooth,Nvidia RTX A2000,,,,2188.3,$,512.0
dell,,14.0,Green,1 TB,Ryzen 7,64,Windows 11 Pro,"Backlit Keyboard,Fingerprint",Integrated,Intel UHD Graphics,,,959.99,$,1024.0
dell,Dell Latitude,14.0,,512 GB,Core i7,16,Windows 10 Pro,,Integrated,Intel Iris Xe Graphics,,1.0,1195.0,$,512.0
dell,4PH18,14.0,,256 GB,Intel Core i7,16,Windows 10 Pro,,Integrated,Intel HD Graphics 620,1.8 GHz,,1725.99,$,256.0
dell,Precision 5000,15.0,,1 TB,Core i9,32,Windows 10 Pro,"InfinityEdge, Anti-glare Screen",RTX A2000,NVIDIA RTX A2000,,,3395.19,$,1024.0
hp,,15.0,Silver,1000 GB,Intel Core i5,64,Windows 11 Pro,Backlit Keyboard,Integrated,Intel,,4.5,999.99,$,1000.0
rokc,Ideapad 3,15.0,Gray,1000 GB,Intel Core i5,20,Windows 11,,Integrated,Intel,,,639.99,$,1000.0
dell,Inspiron,16.0,Silver,1000 GB,Intel Core i5,32,Windows 11,,Integrated,Intel,,,899.99,$,1000.0
rokc,,14.0,Blue,1000 GB,Intel Core i7,8,Windows 11,,Integrated,Intel,1.2 GHz,,589.99,$,1000.0
lenovo,82R70000US,14.0,,512 GB,Core i7,16,Windows 11,"Backlit Keyboard,Fingerprint Reader",Integrated,,1.7 GHz,3.0,869.99,$,512.0
dell,Latitude,14.0,,256 GB,Core i3,8,Windows 11 Pro,Anti-glare Screen,UHD Graphics,Intel UHD Graphics,,,724.99,$,256.0
rokc,,14.0,Blue,1000 GB,Intel Core i7,8,Windows 11,,Integrated,Intel,1.2 GHz,,589.99,$,1000.0
dell,Latitude,14.0,Silver,512 GB,Core i7,16,Windows 11 Pro,Information Not Available,Integrated,,,,1681.96,$,512.0
dell,Precision 5000,15.0,Aluminum Titan Gray,256 GB,Core i5,8,Windows 10 Pro,"InfinityEdge, Anti-glare Screen",RTX A1000,,,5.0,1385.56,$,256.0
dell,XPS9365-7086SLV-PUS,13.0,Silver,256 GB,Core i7,16,Windows 10 Home,"Backlit Keyboard,Fingerprint Reader",Integrated,,,3.1,1299.99,$,256.0
dell,Latitude,14.0,Gray,2 TB,Intel Core i5 1145G7,32,Windows 11 Pro,,Integrated,Intel Iris Xe Graphics,,,1599.0,$,2048.0
dell,Latitude,14.0,Silver,1 TB,Core i5 Family,16,Windows 11 Pro,Backlit Keyboard,Integrated,,,1.0,1222.99,$,1024.0
dell,Latitude 7430 Laptop,14.0,Aluminum,256 GB,Core i5,16,Windows 11 Pro,,Integrated,Intel Integrated Graphics,,,980.99,$,256.0
dell,Precision 7750 Laptop,17.0,Silver,512 GB,Core i7,32,Windows 11 Pro,Wifi & Bluetooth,Nvidia Quadro RTX 3000,,,,1744.99,$,512.0
hp,Elitebook 840 G9,14.0,Natural Silver,2 TB,Core i7 Family,64,Windows 11 Pro,"Fingerprint Reader, Spill resistant, High Definition Audio, Backlit Keyboard, Anti Glare Coating",Integrated,,,,2249.99,$,2048.0
dell,XPS 9300 Laptop,13.0,Platinum Silver,1000 GB,Core i5,8,Windows 10 Pro,Wifi & Bluetooth,Integrated,,,,1199.81,$,1000.0
rokc,,15.0,Blue,1152 GB,Pentium,20,Windows 11,,Integrated,Intel,1.1 GHz,5.0,389.99,$,1152.0
rokc,,14.0,Blue,1000 GB,Intel Core i7,8,Windows 11,,Integrated,Intel,1.2 GHz,,589.99,$,1000.0
dell,Precision 7750 Laptop,17.0,Silver,512 GB,Core i7,32,Windows 11 Pro,Wifi & Bluetooth,Nvidia Quadro RTX 3000,,,,1744.99,$,512.0
hp,Elitebook 840 G9,14.0,Natural Silver,2 TB,Core i7 Family,64,Windows 11 Pro,"Fingerprint Reader, Spill resistant, High Definition Audio, Backlit Keyboard, Anti Glare Coating",Integrated,,,,2249.99,$,2048.0
dell,XPS 9300 Laptop,13.0,Platinum Silver,1000 GB,Core i5,8,Windows 10 Pro,Wifi & Bluetooth,Integrated,,,,1199.81,$,1000.0
dell,Latitude 5520,15.0,,2 TB,Core i7,16,Windows 11 Pro,,Integrated,Intel Iris Xe Graphics,3 GHz,,1853.99,$,2048.0
dell,Lititude 7390 P29S 2 IN 1,13.0,Black,256 GB,Intel Core i7 Extreme,16,Windows 10 Pro,Anti-glare,Integrated,,,,1493.99,$,256.0
dell,RYHN2,14.0,,512 GB,Intel Core i7,16,Windows 10 Pro,Backlit Keyboard,Integrated,NVIDIA GeForce MX250,,,2099.0,$,512.0
dell,Inspiron 15 5000,15.0,Silver matte,1 TB,Core i5,8,Windows 10,,Integrated,HD Integrated Graphics,,3.8,899.81,$,1024.0
rokc,,15.0,Blue,1152 GB,Pentium,20,Windows 11,,Integrated,Intel,1.1 GHz,5.0,389.99,$,1152.0
hp,,14.0,Rose Gold,64 GB,Celeron N4000,16,Windows 11,,Integrated,Intel,1.1 GHz,4.7,389.99,$,64.0
hp,,15.0,Black,1000 GB,Pentium N5000,16,Windows 11,,Integrated,Intel,1.1 GHz,4.4,459.99,$,1000.0
dell,Inspiron 7420 Laptop,14.0,Black,512 GB,Core i7,8,Windows 11 Home,,Integrated,Intel Integrated Graphics,,,899.99,$,512.0
lenovo,Lenovo Ideapad,15.0,Red,256 GB,Core i5,8,Windows 10,Anti-glare,Integrated,,,4.0,550.0,$,256.0
lenovo,ThinkPad T14 Gen 2,14.0,Black,512 GB,,16,Windows 10 Pro,Anti-glare Screen,Radeon Graphics,AMD Radeon Graphics,,,1049.0,$,512.0
hp,,15.0,Silver,1000 GB,Intel Core i5,64,Windows 11 Pro,Backlit Keyboard,Integrated,Intel,,4.5,999.99,$,1000.0
rokc,Ideapad 3,15.0,Gray,1000 GB,Intel Core i5,20,Windows 11,,Integrated,Intel,,,639.99,$,1000.0
dell,Inspiron,16.0,Silver,1000 GB,Intel Core i5,32,Windows 11,,Integrated,Intel,,,899.99,$,1000.0
rokc,,14.0,Blue,1000 GB,Intel Core i7,8,Windows 11,,Integrated,Intel,1.2 GHz,,589.99,$,1000.0
lenovo,ThinkPad T14 Gen 2,14.0,Black,512 GB,,16,Windows 10 Pro,Anti-glare Screen,Radeon Graphics,AMD Radeon Graphics,,,1049.0,$,512.0
dell,Precision,15.0,Gray,2 TB,Core i7 Family,64,Windows 10 Pro,"Backlit Keyboard,Fingerprint Reader",Dedicated,,,5.0,1799.81,$,2048.0
hp,,11.0,,256 GB,Pentium,8,Windows 11 Pro,,Integrated,Intel UHD Graphics,,,657.24,$,256.0
dell,XPS 9320 Laptop,13.0,Silver,1000 GB,Core i7,16,Windows 11 Pro,,Integrated,Intel Integrated Graphics,,5.0,1304.99,$,1000.0
lenovo,ThinkPad X1 Yoga Gen 7,14.0,,256 GB,Core i5,16,Windows 11,Information Not Available,Iris Xe Graphics,Intel Iris Xe Graphics,,,1339.24,$,256.0
dell,Latitude 5520,15.0,,4 TB,Core i7,64,Windows 11 Pro,,Integrated,Intel Iris Xe Graphics,3 GHz,,2622.99,$,4096.0
acer,Latitude 5000,14.0,,256 GB,Core i5 Family,16,Windows 10 Pro,Anti-glare Screen,Iris Xe Graphics,Intel Iris Xe Graphics,,,925.0,$,256.0
rokc,,15.0,Blue,1152 GB,Pentium,20,Windows 11,,Integrated,Intel,1.1 GHz,5.0,389.99,$,1152.0
hp,,14.0,Rose Gold,64 GB,Celeron N4000,16,Windows 11,,Integrated,Intel,1.1 GHz,4.7,389.99,$,64.0
hp,,15.0,Black,1000 GB,Pentium N5000,16,Windows 11,,Integrated,Intel,1.1 GHz,4.4,459.99,$,1000.0
rokc,,14.0,Blue,1000 GB,Intel Core i7,8,Windows 11,,Integrated,Intel,1.2 GHz,,589.99,$,1000.0
rokc,,14.0,Blue,1000 GB,Intel Core i7,8,Windows 11,,Integrated,Intel,1.2 GHz,,589.99,$,1000.0
dell,Latitude 5530 Laptop,15.0,Black,1000 GB,Core i7,64,Windows 11 Pro,,Integrated,Intel Integrated Graphics,,,1718.99,$,1000.0
dell,Latitude 3420 Laptop,14.0,Black,256 GB,Core i3,16,Windows 11 Pro,Wifi & Bluetooth,Integrated,,,,627.99,$,256.0
gigabyte,G5 GD-51US123SH,15.0,Black,512 GB,Intel Mobile CPU,16,Windows 10 Home,Anti-glare,Dedicated,,,3.6,698.25,$,512.0
dell,5401,14.0,Black,256 GB,Core i7 Family,16,Windows 10 Pro,Fingerprint Reader,Integrated,,,,1185.77,$,256.0
lenovo,Legion 7,15.0,,512 GB,Core i7,16,Windows 10 Home,,Dedicated,NVIDIA GeForce RTX 2070 Max-Q,2.6 GHz,,2499.0,$,512.0
rokc,,14.0,Blue,1000 GB,Intel Core i7,8,Windows 11,,Integrated,Intel,1.2 GHz,,589.99,$,1000.0
asus,ASUS X551CA-HCL1201L,15.0,Black,500 GB,Celeron,4,Windows 8,,Integrated,Intel HD Graphics,,4.3,380.09,$,500.0
rokc,,14.0,Blue,1000 GB,Intel Core i7,8,Windows 11,,Integrated,Intel,1.2 GHz,,589.99,$,1000.0
dell,Latitude 7320 2-in-1,13.0,Black,256 GB,Core i5,8,Windows 10 Pro,Wifi & Bluetooth,Integrated,,,,783.16,$,256.0
dell,Latitude Rugged 5424 Laptop,14.0,Black,256 GB,Core i5,16,Windows 10 Home,Wifi & Bluetooth,Integrated,,,,1299.95,$,256.0
dell,Latitude 7000,14.0,Carbon Black,512 GB,Core i7,16,Windows 10 Pro,Anti-glare Screen,Iris Xe Graphics,,,,1985.86,$,512.0
lg,17ZT90P-G.AX33U1,17.0,Black,256 GB,Core i3,8,Windows 10 Home,Fingerprint,Integrated,,,,1099.0,$,256.0
dell,Latitude 5320 Laptop,13.0,Black,256 GB,Core i7,16,Windows 11 Pro,Wifi & Bluetooth,Integrated,,,,807.99,$,256.0
dell,Latitude 9000,14.0,Graphite,256 GB,Core i5,16,Windows 10 Pro,Anti-glare Screen,Iris Xe Graphics,,,,1050.66,$,256.0
rokc,,15.0,Blue,1152 GB,Pentium,20,Windows 11,,Integrated,Intel,1.1 GHz,5.0,389.99,$,1152.0
hp,,14.0,Rose Gold,64 GB,Celeron N4000,16,Windows 11,,Integrated,Intel,1.1 GHz,4.7,389.99,$,64.0
hp,,15.0,Black,1000 GB,Pentium N5000,16,Windows 11,,Integrated,Intel,1.1 GHz,4.4,459.99,$,1000.0
toughbook,CF-20 MK2,10.0,,256 GB,Intel Core i5,8,Windows 10 Pro,Support Stylus,Integrated,Intel HD Graphics 615,,,508.74,$,256.0
dell,Latitude 7440 Laptop,14.0,Black,512 GB,Core i5,32,Windows 11 Pro,,Integrated,Intel Integrated Graphics,,,1238.73,$,512.0
dell,XPS 9520 Laptop,15.0,Platinum Silver,1000 GB,Core i7,32,Windows 11 Home,,Dedicated,NVIDIA GeForce RTX 3050,,5.0,1680.99,$,1000.0
dell,Inspiron 5620 Laptop,16.0,"Gray, Platinum Silver",1000 GB,Core i7,16,Windows 11 Home,,Integrated,Intel Integrated Graphics,,,931.99,$,1000.0
dell,Dell Inspiron 16 5625,16.0,Silver,1000 GB,AMD Ryzen 7,64,Windows 11 Pro,,Integrated,AMD Radeon Graphics,,,1006.99,$,1000.0
dell,Inspiron 7415 2-in-1,14.0,Grey,512 GB,AMD Ryzen 7,8,Windows 11 Home,Wifi & Bluetooth,AMD Integrated Graphics,,,,633.99,$,512.0
hp,,15.0,Silver,1000 GB,Intel Core i5,64,Windows 11 Pro,Backlit Keyboard,Integrated,Intel,,4.5,999.99,$,1000.0
rokc,Ideapad 3,15.0,Gray,1000 GB,Intel Core i5,20,Windows 11,,Integrated,Intel,,,639.99,$,1000.0
dell,Inspiron,16.0,Silver,1000 GB,Intel Core i5,32,Windows 11,,Integrated,Intel,,,899.99,$,1000.0
rokc,,14.0,Blue,1000 GB,Intel Core i7,8,Windows 11,,Integrated,Intel,1.2 GHz,,589.99,$,1000.0
rokc,,14.0,Blue,1000 GB,Intel Core i7,8,Windows 11,,Integrated,Intel,1.2 GHz,,589.99,$,1000.0
dell,Precision 7760 Laptop,17.0,Silver,512 GB,Core i7,32,Windows 10 Pro,Wifi & Bluetooth,Nvidia RTX A4000,,,,2891.99,$,512.0
dell,Dell Latitude 7320,13.0,Black,256 GB,Core i7,16,Windows 11,,Integrated,Intel Iris Xe Graphics,,,749.99,$,256.0
dell,Precision,15.0,Black,256 GB,Core i7 Family,8,Windows 10 Home 64,Backlit Keyboard,Dedicated,,,,1299.81,$,256.0
dell,Latitude,14.0,Silver,1 TB,Core i5 Family,16,Windows 11 Pro,,Integrated,Intel Iris Xe Graphics,,,834.99,$,1024.0
rokc,,15.0,Blue,1152 GB,Pentium,20,Windows 11,,Integrated,Intel,1.1 GHz,5.0,389.99,$,1152.0
hp,,14.0,Rose Gold,64 GB,Celeron N4000,16,Windows 11,,Integrated,Intel,1.1 GHz,4.7,389.99,$,64.0
hp,,15.0,Black,1000 GB,Pentium N5000,16,Windows 11,,Integrated,Intel,1.1 GHz,4.4,459.99,$,1000.0
dell,,15.0,,256 GB,Intel Core i5,16,Windows 11 Home,Anti-glare,Integrated,Intel UHD Graphics,4.2 GHz,,579.99,$,256.0
dell,Latitude 7320 Laptop,13.0,Black,512 GB,Core i7,16,Windows 11 Pro,Wifi & Bluetooth,Integrated,,,,781.99,$,512.0
lenovo,ThinkPad,14.0,Black,256 GB,Core i5,8,Windows 10 Pro,Dolby,Integrated,,,4.8,1999.0,$,256.0
dell,Latitude 7320 Laptop,13.0,Black,512 GB,Core i5,16,Windows 10 Pro,Wifi & Bluetooth,Integrated,,,,708.99,$,512.0
hp,15-EG0070WM,15.0,Lunar Gold,512 GB,Core i7 Family,16,Windows 10 Pro,Backlit Keyboard,Integrated,,,,979.0,$,512.0
hp,,15.0,Silver,1000 GB,Intel Core i5,64,Windows 11 Pro,Backlit Keyboard,Integrated,Intel,,4.5,999.99,$,1000.0
rokc,Ideapad 3,15.0,Gray,1000 GB,Intel Core i5,20,Windows 11,,Integrated,Intel,,,639.99,$,1000.0
dell,Inspiron,16.0,Silver,1000 GB,Intel Core i5,32,Windows 11,,Integrated,Intel,,,899.99,$,1000.0
rokc,,14.0,Blue,1000 GB,Intel Core i7,8,Windows 11,,Integrated,Intel,1.2 GHz,,589.99,$,1000.0
dell,Dell Latitude 7000 E7470,14.0,Black,256 GB,Core i7,16,Windows 10 Pro,Anti-glare,Integrated,,,2.8,524.0,$,256.0
lenovo,Lenovo Thinkpad,15.0,,256 GB,Core i7-4700MQ,16,Windows 10 Pro,"Backlit Keyboard,Fingerprint Reader",Dedicated,NVIDIA Quadro K1100M,,2.5,422.0,$,256.0
dell,Vostro,14.0,,2 TB,Core i5,64,Windows 11 Pro,Anti-glare,Integrated,Intel Iris Xe Graphics,,3.0,1381.99,$,2048.0
hp,HP Spectre,13.0,Dark Ash,1 TB,Core i7-10510U,16,Windows 10 Home,Fingerprint Reader,Integrated,,,4.7,2499.0,$,1024.0
dell,,14.0,Green,1 TB,Ryzen 7,32,Windows 11 Pro,"Backlit Keyboard,Fingerprint",Integrated,Intel UHD Graphics,,4.0,877.99,$,1024.0
lenovo,Lenovo Thinkpad,14.0,,512 GB,Core i7,16,Windows 10 Pro,Spill-resistant,Integrated,,3 GHz,,1102.77,$,512.0
rokc,,15.0,Blue,1152 GB,Pentium,20,Windows 11,,Integrated,Intel,1.1 GHz,5.0,389.99,$,1152.0
hp,,14.0,Rose Gold,64 GB,Celeron N4000,16,Windows 11,,Integrated,Intel,1.1 GHz,4.7,389.99,$,64.0
hp,,15.0,Black,1000 GB,Pentium N5000,16,Windows 11,,Integrated,Intel,1.1 GHz,4.4,459.99,$,1000.0
dell,Dell Inspiron 16 5625,16.0,Silver,2000 GB,AMD Ryzen 7,32,Windows 11 Pro,,Integrated,AMD Radeon Graphics,,,989.99,$,2000.0
dell,Precision 7770,17.0,,2 TB,Intel Core i7,64,Windows 11 Pro,Anti-glare,Dedicated,NVIDIA GeForce RTX A4500,,,3378.36,$,2048.0
lenovo,ThinkPad T440p,14.0,Black,500 GB,Core i5,8,Windows 7,,Integrated,Integrated,,3.4,399.0,$,500.0
hp,,15.0,Silver,1000 GB,Intel Core i5,64,Windows 11 Pro,Backlit Keyboard,Integrated,Intel,,4.5,999.99,$,1000.0
rokc,Ideapad 3,15.0,Gray,1000 GB,Intel Core i5,20,Windows 11,,Integrated,Intel,,,639.99,$,1000.0
dell,Inspiron,16.0,Silver,1000 GB,Intel Core i5,32,Windows 11,,Integrated,Intel,,,899.99,$,1000.0
rokc,,14.0,Blue,1000 GB,Intel Core i7,8,Windows 11,,Integrated,Intel,1.2 GHz,,589.99,$,1000.0
rokc,,14.0,Blue,1000 GB,Intel Core i7,8,Windows 11,,Integrated,Intel,1.2 GHz,,589.99,$,1000.0
dell,Alienware X17 R2 Laptop,17.0,Lunar Light,1000 GB,Core i9,32,Windows 11 Pro,,Dedicated,NVIDIA GeForce RTX 3080 Ti,,,2799.95,$,1000.0
dell,XPS 9520 Laptop,15.0,Platinum Silver,2000 GB,Core i7,16,Windows 11 Pro,,Dedicated,NVIDIA GeForce RTX 3050 Ti,,3.3,1752.99,$,2000.0
dell,XPS,17.0,Platinum Silver,512 GB,Core i7 Family,32,Windows 10,"Anti-glare,Backlit Keyboard,Fingerprint Reader",GeForce GTX 1650 Ti,,,,2599.0,$,512.0
dell,Precision 3570 Laptop,15.0,Black,512 GB,Core i7,16,Windows 11 Pro,,Integrated,Intel Integrated Graphics,,,1005.99,$,512.0
dell,Latitude 5431 Laptop,14.0,Black,512 GB,Core i5,16,Windows 11 Pro,,Integrated,Intel Integrated Graphics,,,959.99,$,512.0
dell,XPS,15.0,Silver,2 TB,Core i9,16,Windows 10 Pro,,"Integrated, Dedicated",Intel,,,2940.99,$,2048.0
hp,Pavilion,15.0,,1 TB,Core i7,32,Windows 11 Pro,"Backlit Keyboard,Numeric Keypad",Integrated,,,5.0,1299.0,$,1024.0
rokc,,15.0,Blue,1152 GB,Pentium,20,Windows 11,,Integrated,Intel,1.1 GHz,5.0,389.99,$,1152.0
rokc,,14.0,Blue,1000 GB,Intel Core i7,8,Windows 11,,Integrated,Intel,1.2 GHz,,589.99,$,1000.0
hp,ZBook Fury 15 G8,15.0,,1 TB,Core i9,64,Windows 10 Pro,"Anti-glare Screen, Miracast Technology","RTX A5000,UHD Graphics",NVIDIA Intel RTX A5000 UHD Graphics,,1.0,4999.0,$,1024.0
dell,Precision 7560 Laptop,15.0,Silver,1000 GB,Core i9,32,Windows 10 Pro,Wifi & Bluetooth,Nvidia T1200,,,,4000.0,$,1000.0
dell,XPS 13,13.0,Silver,256 GB,Core i7,8,Windows 8,,Dedicated,Intel HD Graphics 5500,,3.4,999.0,$,256.0
dell,XPS,13.0,Silver,256 GB,Core i5,8,Windows 10,"Backlit Keyboard,Fingerprint Reader",Integrated,,,3.6,899.81,$,256.0
rokc,,15.0,Blue,1152 GB,Pentium,20,Windows 11,,Integrated,Intel,1.1 GHz,5.0,389.99,$,1152.0
hp,,14.0,Rose Gold,64 GB,Celeron N4000,16,Windows 11,,Integrated,Intel,1.1 GHz,4.7,389.99,$,64.0
hp,,15.0,Black,1000 GB,Pentium N5000,16,Windows 11,,Integrated,Intel,1.1 GHz,4.4,459.99,$,1000.0
lenovo,ThinkPad,15.0,Silver,512 GB,Core i7 Family,16,Windows 11 Pro,Backlit Keyboard,Integrated,,,,1047.99,$,512.0
asus,VivoBook S13,13.0,Indie Black,512 GB,Core i5-1035G1,,Windows 10 Home,"Bezel,Fingerprint Reader",Integrated,Intel UHD Graphics,,4.3,1299.0,$,512.0
dell,XPS 9520 Laptop,15.0,Platinum Silver,4000 GB,Core i7,64,Windows 11 Home,,Integrated,NVIDIA GeForce RTX 3050 Ti,,,3116.99,$,4000.0
dell,Latitude 5520 Laptop,15.0,Black,256 GB,Core i5,16,Windows 10 Pro,Wifi & Bluetooth,Integrated,,,,877.99,$,256.0
dell,Latitude 7320 Laptop,13.0,Black,512 GB,Core i5,8,Windows 10 Pro,Wifi & Bluetooth,Integrated,,,,1217.99,$,512.0
hp,HP Pavilion 16,16.0,Shadow Black,2000 GB,Core i7,32,Windows 10 Pro,Anti-glare,Dedicated,,,3.0,2299.0,$,2000.0
hp,,15.0,Silver,1000 GB,Intel Core i5,64,Windows 11 Pro,Backlit Keyboard,Integrated,Intel,,4.5,999.99,$,1000.0
rokc,Ideapad 3,15.0,Gray,1000 GB,Intel Core i5,20,Windows 11,,Integrated,Intel,,,639.99,$,1000.0
dell,Inspiron,16.0,Silver,1000 GB,Intel Core i5,32,Windows 11,,Integrated,Intel,,,899.99,$,1000.0
rokc,,14.0,Blue,1000 GB,Intel Core i7,8,Windows 11,,Integrated,Intel,1.2 GHz,,589.99,$,1000.0
dell,Dell Latitude 7530 Laptop,15.0,Black,256 GB,Intel Core i5,16,Windows 10 Pro,,Integrated,Intel Iris Xe Graphics,,,1359.99,$,256.0
dell,Precision 5760 Laptop,17.0,Silver,1000 GB,Core i7,32,Windows 10 Pro,Wifi & Bluetooth,Nvidia RTX A3000,,,,3130.48,$,1000.0
dell,XPS 9315 Laptop,13.0,Platinum Silver,512 GB,Core i7,16,Windows 11 Home,,Integrated,Intel Integrated Graphics,,4.0,1041.99,$,512.0
dell,,15.0,,512 GB,Core i5,16,Windows 10 Pro,,Integrated,Intel,2.5 GHz,,1661.99,$,512.0
hp,SBUY Dragonfly,13.0,,512 GB,Core i7,16,Windows 10 Pro,,Integrated,Intel UHD Graphics 620,1.9 GHz,,2499.0,$,512.0
rokc,,14.0,Blue,1000 GB,Intel Core i7,8,Windows 11,,Integrated,Intel,1.2 GHz,,589.99,$,1000.0
lenovo,ThinkBook 14 G4 ABA,14.0,,512 GB,Ryzen 7,16,Windows 11,Anti-glare Screen,Radeon Graphics,AMD Radeon Graphics,,,835.99,$,512.0
dell,XPS,15.0,Platinum Silver,1 TB,Intel Core i9,64,Windows 10 Home,"Backlit Keyboard,Fingerprint Reader",Dedicated,,,3.5,2860.99,$,1024.0
dell,,14.0,Green,1 TB,Ryzen 7,16,Windows 11 Pro,"Backlit Keyboard,Fingerprint",Integrated,Intel UHD Graphics,,,847.99,$,1024.0
rokc,,14.0,Blue,1000 GB,Intel Core i7,8,Windows 11,,Integrated,Intel,1.2 GHz,,589.99,$,1000.0
dell,Inspiron 5625 Laptop,16.0,"Gray, Platinum Silver",1000 GB,AMD Ryzen 7,16,Windows 11 Home,,Integrated,AMD Integrated Graphics,,,853.99,$,1000.0
hp,ELITEBOOK REVOLVE 810G3,11.0,Silver,128 GB,Core i5,8,Windows 10 Pro 64 Bit-Multi-Language Support English/French/Spanish.,,Integrated,Integrated Graphics,,,218.98,$,128.0
dell,Latitude,14.0,Silver,2 TB,Core i5 Family,32,Windows 11 Pro,Backlit Keyboard,Integrated,,,1.0,1328.99,$,2048.0
lenovo,ThinkPad T15p Gen 2,15.0,Black,1 TB,Core i7,16,Windows 11 Pro,Anti-glare Screen,GeForce GTX 1650,,,,2229.07,$,1024.0
gigabyte,A5 X1-CUS2130SB,15.0,Black,512 GB,AMD Ryzen 9 5900X,16,Windows 11 Home,"Anti-glare,Thin Bezel",Dedicated,,,4.0,1749.0,$,512.0
dell,Latitude 7310 Laptop,13.0,Black,512 GB,Core i5,16,Windows 10 Pro,Wifi & Bluetooth,Integrated,,,,764.99,$,512.0
rokc,,15.0,Blue,1152 GB,Pentium,20,Windows 11,,Integrated,Intel,1.1 GHz,5.0,389.99,$,1152.0
hp,,14.0,Rose Gold,64 GB,Celeron N4000,16,Windows 11,,Integrated,Intel,1.1 GHz,4.7,389.99,$,64.0
hp,,15.0,Black,1000 GB,Pentium N5000,16,Windows 11,,Integrated,Intel,1.1 GHz,4.4,459.99,$,1000.0
dell,Dell Precision 7760 Laptop,17.0,Silver,1 TB,Intel Core i7,32,Windows 10 Pro,,Dedicated,NVIDIA RTX A3000 16GB GDDR6,,,1778.99,$,1024.0
lenovo,W530,15.0,Black,500 GB,Core i7-3720QM,,Windows 7 Professional,,"Integrated, Dedicated",Intel HD Graphics 4000,2.7 GHz,3.7,377.3,$,500.0
dell,Precision 7770,17.0,,2 TB,Intel Core i9,64,Windows 11 Pro,,Dedicated,NVIDIA RTX A4500 16GB GDDR6 (4DP),5 GHz,,2815.3,$,2048.0
dell,Dell Precision 3561,15.0,Silver,1 TB,Intel Core i7,32,Windows 10 Pro,,Dedicated,NVIDIA T600,,,973.99,$,1024.0
dell,Precision 7560 Laptop,15.0,Silver,1000 GB,Core i7,32,Windows 11 Pro,Wifi & Bluetooth,Integrated,,,1.0,2061.99,$,1000.0
hp,,15.0,Silver,1000 GB,Intel Core i5,64,Windows 11 Pro,Backlit Keyboard,Integrated,Intel,,4.5,999.99,$,1000.0
rokc,Ideapad 3,15.0,Gray,1000 GB,Intel Core i5,20,Windows 11,,Integrated,Intel,,,639.99,$,1000.0
dell,Inspiron,16.0,Silver,1000 GB,Intel Core i5,32,Windows 11,,Integrated,Intel,,,899.99,$,1000.0
rokc,,14.0,Blue,1000 GB,Intel Core i7,8,Windows 11,,Integrated,Intel,1.2 GHz,,589.99,$,1000.0
hp,ZBook Firefly 16 G9,16.0,,512 GB,Core i7,16,Windows 11 Pro,Anti-glare Screen,"T500,Iris Xe Graphics",NVIDIA Intel T500 Iris Xe Graphics,,,1695.41,$,512.0
acer,Chromebook 511 C741LT,11.0,Shale Black,32 GB,AMD Kabini A6-5200M Quad Core,4,Chrome OS,Backlit,Adreno 618,,,,529.53,$,32.0
dell,XPS 9320 Laptop,13.0,Silver,2000 GB,Core i7,32,Windows 11 Pro,,Integrated,Intel Integrated Graphics,,,1350.99,$,2000.0
dell,Latitude 15 5000 e5570,15.0,Black,500 GB,Core i5,4,Windows 7 Professional,Anti-glare,"Integrated, Dedicated",,,5.0,260.0,$,500.0
dell,G15 5525 Laptop,15.0,Grey,1000 GB,AMD Ryzen 7,16,Windows 11 Home,,Dedicated,NVIDIA GeForce RTX 3060,,5.0,1386.99,$,1000.0
hp,Spectre 14T x360,13.0,Black,512 GB,Core i7 Family,16,Windows 11 Pro,"Fingerprint,Pen",Integrated,,,4.1,2199.0,$,512.0
dell,Dell XPS 13 9300,13.0,Silver,256 GB,Intel Core i7,16,Windows 10 Pro,Space Saving,Integrated,,,,999.99,$,256.0
dell,G15 5525 Laptop,15.0,Grey,512 GB,AMD Ryzen 7,16,Windows 11 Pro,,Dedicated,NVIDIA GeForce RTX 3060,,,1303.23,$,512.0
rokc,,14.0,Blue,1000 GB,Intel Core i7,8,Windows 11,,Integrated,Intel,1.2 GHz,,589.99,$,1000.0
dell,,14.0,,512 GB,Core i5,32,Windows 10 Pro,,Integrated,Intel UHD Graphics,,4.8,2699.95,$,512.0
dell,Latitude 7420 Laptop,14.0,Black,512 GB,Core i7,32,Windows 10 Pro,Wifi & Bluetooth,Integrated,,,,1783.99,$,512.0
dell,Latitude,15.0,Silver,1 TB,Core i7 Family,64,Windows 11 Pro,"Backlit Kb,Fingerprint",Integrated,,,,2616.99,$,1024.0
lenovo,ThinkPad L15 Gen2,15.0,Black,256 GB,Core i5 Family,8,Windows 11 Pro,Anti-glare Screen,Iris Xe Graphics,,,,1033.23,$,256.0
dell,Inspiron,15.0,Black,1 TB,Celeron N4020,16,Windows 11 Pro,,Integrated,Intel UHD Graphics,,3.6,888.99,$,1024.0
rokc,,15.0,Blue,1152 GB,Pentium,20,Windows 11,,Integrated,Intel,1.1 GHz,5.0,389.99,$,1152.0
hp,,14.0,Rose Gold,64 GB,Celeron N4000,16,Windows 11,,Integrated,Intel,1.1 GHz,4.7,389.99,$,64.0
hp,,15.0,Black,1000 GB,Pentium N5000,16,Windows 11,,Integrated,Intel,1.1 GHz,4.4,459.99,$,1000.0
msi,PRESTIGE15A211,15.0,Gray,32 GB,Core i7,32,Windows 10 Pro,Thin Bezel,Integrated,,,4.0,2699.0,$,32.0
lenovo,ThinkPad L15 Gen 3,15.0,,256 GB,Core i5,8,Windows 11,Anti-glare Screen,UHD Graphics,Intel UHD Graphics,,,1188.2,$,256.0
msi,Creator Z16 Fujiwara Hiroshi Limited Edition A11UE-226,16.0,Black,1 TB,Core i7,16,Win 10 Pro / Free upgrade to Win 11,,Dedicated,NVIDIA GeForce RTX 3060,,5.0,1979.0,$,1024.0
hp,,15.0,Silver,1000 GB,Intel Core i5,64,Windows 11 Pro,Backlit Keyboard,Integrated,Intel,,4.5,999.99,$,1000.0
rokc,Ideapad 3,15.0,Gray,1000 GB,Intel Core i5,20,Windows 11,,Integrated,Intel,,,639.99,$,1000.0
dell,Inspiron,16.0,Silver,1000 GB,Intel Core i5,32,Windows 11,,Integrated,Intel,,,899.99,$,1000.0
rokc,,14.0,Blue,1000 GB,Intel Core i7,8,Windows 11,,Integrated,Intel,1.2 GHz,,589.99,$,1000.0
dell,Dell XPS,15.0,Silver/Black,1 TB,Core i9,16,Windows 10 Pro,,Dedicated,NVIDIA RTX 3050TI,,3.4,1999.0,$,1024.0
dell,Dell 3510 Laptop,15.0,Black,256 GB,Intel Core i3,8,Windows 10 Pro,,Integrated,Intel UHD Graphics,,,860.99,$,256.0
lenovo,,13.0,grey,256 GB,,8,Windows 10 Home,,Integrated,Intel UHD Graphics 620,1.8 GHz,,359.91,$,256.0
dell,,14.0,Green,512 GB,Ryzen 7,16,Windows 11 Pro,"Backlit Keyboard,Fingerprint",Integrated,Intel UHD Graphics,,,799.99,$,512.0
rokc,,15.0,Blue,1152 GB,Pentium,20,Windows 11,,Integrated,Intel,1.1 GHz,5.0,389.99,$,1152.0
hp,,14.0,Rose Gold,64 GB,Celeron N4000,16,Windows 11,,Integrated,Intel,1.1 GHz,4.7,389.99,$,64.0
hp,,15.0,Black,1000 GB,Pentium N5000,16,Windows 11,,Integrated,Intel,1.1 GHz,4.4,459.99,$,1000.0
dell,Latitude 5520 Laptop,15.0,Black,2000 GB,Core i7,32,Windows 10 Pro,Wifi & Bluetooth,Integrated,,,,2393.99,$,2000.0
dell,Latitude Rugged 5424 Laptop,14.0,Black,1000 GB,Core i7,32,Windows 10 Pro,Wifi & Bluetooth,AMD RADEON RX 540,,,5.0,1599.99,$,1000.0
dell,Latitude 5430 Laptop,14.0,Black,512 GB,Core i5,16,Windows 11 Home,,Integrated,Intel Integrated Graphics,,,913.99,$,512.0
dell,Latitude 5430 Laptop,14.0,Black,512 GB,Core i7,32,Windows 11 Pro,,Integrated,Intel Integrated Graphics,,,998.99,$,512.0
dell,Dell XPS 15 9510 Laptop,15.0,Silver,512 GB,Intel Core i9,16,Windows 10 Pro,,Dedicated,NVIDIA Quadro 3050 6GB GDDR6,,,2753.99,$,512.0
dell,Vostro 5410 Laptop,14.0,Black,512 GB,Core i7,16,Windows 10 Pro,Wifi & Bluetooth,Integrated,,,,915.99,$,512.0
hp,,15.0,Silver,1000 GB,Intel Core i5,64,Windows 11 Pro,Backlit Keyboard,Integrated,Intel,,4.5,999.99,$,1000.0
rokc,Ideapad 3,15.0,Gray,1000 GB,Intel Core i5,20,Windows 11,,Integrated,Intel,,,639.99,$,1000.0
dell,Inspiron,16.0,Silver,1000 GB,Intel Core i5,32,Windows 11,,Integrated,Intel,,,899.99,$,1000.0
rokc,,14.0,Blue,1000 GB,Intel Core i7,8,Windows 11,,Integrated,Intel,1.2 GHz,,589.99,$,1000.0
dell,Dell Latitude 7410 Laptop,14.0,Black,512 GB,Intel Core i5,16,Windows 10 Pro,,Integrated,Intel UHD Graphics,,,801.99,$,512.0
dell,Dell Precision 7550 Laptop,15.0,Silver,1 TB,Intel Core i9,32,Windows 10 Pro,,Dedicated,NVIDIA RTX 5000 16GB GDDR6,,,2499.95,$,1024.0
alienware,Alienware 15,15.0,,1 TB,Core i5,8,Windows 8,,Dedicated,NVIDIA GeForce GTX 965M,2.9 GHz,3.4,999.95,$,1024.0
dell,Dell Latitude,15.0,,256 GB,Intel Core 2 Quad,16,Windows 10,Keyboard,Integrated,Inter Core i7-8650U,,,399.0,$,256.0
alienware,Alienware m15,15.0,Silver,512 GB,Core i7 Family,16,Windows 10 Home,,Dedicated,NVIDIA GeForce GTX 1660,,4.1,1199.95,$,512.0
dell,N763T,13.0,,256 GB,Intel Core i5,8,Windows 10 Pro,,Integrated,,1.6 GHz,5.0,1499.0,$,256.0
rokc,,15.0,Blue,1152 GB,Pentium,20,Windows 11,,Integrated,Intel,1.1 GHz,5.0,389.99,$,1152.0
hp,,14.0,Rose Gold,64 GB,Celeron N4000,16,Windows 11,,Integrated,Intel,1.1 GHz,4.7,389.99,$,64.0
hp,,15.0,Black,1000 GB,Pentium N5000,16,Windows 11,,Integrated,Intel,1.1 GHz,4.4,459.99,$,1000.0
dell,Dell Latitude,14.0,,512 GB,Core i7,,Windows 10 Pro (English/French/Spanish),,Integrated,,1.8 GHz,,2499.0,$,512.0
lenovo,ThinkPad P1,15.0,,512 GB,Intel Core i7,16,Windows 10 Pro,,Dedicated,NVIDIA Quadro P1000,2.6 GHz,1.0,1999.0,$,512.0
dell,DELL MARKETING L.P.,12.0,Gray,500 GB,,4,Windows 10 Pro,,Integrated,integrated_graphics,2.5 GHz,,715.98,$,500.0
rokc,,14.0,Blue,1000 GB,Intel Core i7,8,Windows 11,,Integrated,Intel,1.2 GHz,,589.99,$,1000.0
dell,Inspiron 14-5406,14.0,Titan Gray,512 GB,Unknown,8,Windows 10,,Integrated,Intel Iris Xe Graphics,,,669.0,$,512.0
dell,Latitude 5580,15.0,Black,500 GB,,8,Windows 10 Pro,,Integrated,,2.8 GHz,2.2,292.9,$,500.0
hp,Hp envy x360 13,13.0,Gold,128 GB,Core i5,8,Windows 10,Backlit Keyboard,Integrated,,,4.3,399.99,$,128.0
samsung,"Samsung 11.6""",11.0,Black,16 GB,Intel Atom,2,Chrome OS,Anti-glare,Integrated,,,4.1,169.0,$,16.0
asus,ASUS VivoBook,15.0,,1000 GB,,16,Windows 10,Anti-glare,Dedicated,NVIDIA GeForce GTX 1050,2.8 GHz,4.0,1999.0,$,1000.0
hp,,14.0,,512 GB,Core i5,16,Windows 11 Pro,,Integrated,,1.2 GHz,,999.9,$,512.0
asus,GA502IV-XS76,15.0,Black,1 TB,Ryzen 7 4800H,16,Windows 10 Pro,,Dedicated,NVIDIA ® GeForce RTX™ 2060,,4.4,2299.0,$,1024.0
rokc,,15.0,Blue,1152 GB,Pentium,20,Windows 11,,Integrated,Intel,1.1 GHz,5.0,389.99,$,1152.0
hp,,14.0,Rose Gold,64 GB,Celeron N4000,16,Windows 11,,Integrated,Intel,1.1 GHz,4.7,389.99,$,64.0
hp,,15.0,Black,1000 GB,Pentium N5000,16,Windows 11,,Integrated,Intel,1.1 GHz,4.4,459.99,$,1000.0
dell,Dell Latitude,14.0,,256 GB,Core i5,8,Windows 10 Pro,,Integrated,Intel,4.2 GHz,,764.99,$,256.0
dell,Latitude 5420,14.0,,512 GB,Core i5 Family,16,Windows 10 Pro,Anti-glare,Integrated,Intel Iris Xe Graphics,,5.0,1182.71,$,512.0
dell,XPS 13 7390,13.0,Silver,256 GB,Core i7 Family,16,Windows 10 Home,,Integrated,,4.6 GHz,4.0,1799.0,$,256.0
hp,ZBOOK 17 G3,17.0,Black,500 GB,Core i7,16,Windows 10 Pro 64 Bit Multi-Language Support English/French/Spanish,,Integrated,Integrated Graphics,,,401.98,$,500.0
asus,UX390UA-DH51-GR,12.0,,256 GB,Core i5,8,Windows 10,Fingerprint Sensor,Integrated,Intel HD Graphics,,3.6,999.0,$,256.0
dell,Latitude 5320 Laptop,13.0,Black,1000 GB,Core i5,16,Windows 11 Pro,Wifi & Bluetooth,Integrated,,,,797.99,$,1000.0
hp,,15.0,Silver,1000 GB,Intel Core i5,64,Windows 11 Pro,Backlit Keyboard,Integrated,Intel,,4.5,999.99,$,1000.0
rokc,Ideapad 3,15.0,Gray,1000 GB,Intel Core i5,20,Windows 11,,Integrated,Intel,,,639.99,$,1000.0
dell,Inspiron,16.0,Silver,1000 GB,Intel Core i5,32,Windows 11,,Integrated,Intel,,,899.99,$,1000.0
rokc,,14.0,Blue,1000 GB,Intel Core i7,8,Windows 11,,Integrated,Intel,1.2 GHz,,589.99,$,1000.0
lenovo,IdeaPad,15.0,Onyx Black,128 GB,Intel Core i3,8,Windows 10,Anti-glare,Integrated,,,4.2,499.99,$,128.0
asus,ASUS VivoBook,15.0,,256 GB,AMD A Series,8,Windows 10 Home,Nanoedge Bezel,Dedicated,NVIDIA GeForce MX250,,3.7,1699.0,$,256.0
dell,Vostro,15.0,,1 TB,Core i3 Family,16,Windows 10 Pro,Anti-glare,Integrated,Intel UHD Graphics,,,797.99,$,1024.0
asus,VivoBook S15,15.0,,512 GB,Core i7-8650U,12,Windows 10 Home,Nanoedge Bezel,Integrated,Intel UHD Graphics 630,,3.9,1499.0,$,512.0
dell,Dell Latitude,14.0,,256 GB,Intel Core i5-4200U,8,Windows 10 Home,Backlit Keyboard,Integrated,NVIDIA GeForce MX450,,,289.95,$,256.0
dell,Dell XPS 15 9520,15.0,Silver,512 GB,Core i7,16,Windows 11 Home,,Dedicated,NVIDIA GeForce RTX 3050 Ti,,,1637.99,$,512.0
dell,Latitude 5520 Laptop,15.0,Black,256 GB,Core i7,16,Windows 10 Pro,Wifi & Bluetooth,Integrated,,,,1465.99,$,256.0
rokc,,15.0,Blue,1152 GB,Pentium,20,Windows 11,,Integrated,Intel,1.1 GHz,5.0,389.99,$,1152.0
hp,,14.0,Rose Gold,64 GB,Celeron N4000,16,Windows 11,,Integrated,Intel,1.1 GHz,4.7,389.99,$,64.0
hp,,15.0,Black,1000 GB,Pentium N5000,16,Windows 11,,Integrated,Intel,1.1 GHz,4.4,459.99,$,1000.0
lenovo,ThinkPad P1 Gen 4,16.0,Black,1 TB,Core i7 Family,32,Windows 10 Pro,Anti-glare Screen,RTX A2000,,,,2795.4,$,1024.0
dell,Latitude 9330 2-in-1,13.0,,512 GB,Intel Core i7,16,Windows 11 Pro,,Integrated,,4.7 GHz,,2099.0,$,512.0
dell,Dell XPS 17 9710,17.0,Platinum Silver,512 GB,Core i7,16,Windows 11 Pro,,Dedicated,NVIDIA GeForce RTX 3050,,,2145.99,$,512.0
hp,EliteBook 865 G9,16.0,,256 GB,Ryzen 7,16,Windows 11 Pro,Anti-glare Screen,Radeon 680M Graphics,AMD Radeon 680M Graphics,,,1646.99,$,256.0
dell,Precision 5750 Laptop,17.0,Silver,2000 GB,Core i9,64,Windows 10 Pro,Wifi & Bluetooth,Nvidia Quadro RTX 3000,,,,3423.99,$,2000.0
dell,Alienware X17 R2 Laptop,17.0,Lunar Light,1000 GB,Core i7,32,Windows 11 Home,,Dedicated,NVIDIA GeForce RTX 3070 Ti,,,2614.99,$,1000.0
hp,,15.0,Silver,1000 GB,Intel Core i5,64,Windows 11 Pro,Backlit Keyboard,Integrated,Intel,,4.5,999.99,$,1000.0
rokc,Ideapad 3,15.0,Gray,1000 GB,Intel Core i5,20,Windows 11,,Integrated,Intel,,,639.99,$,1000.0
dell,Inspiron,16.0,Silver,1000 GB,Intel Core i5,32,Windows 11,,Integrated,Intel,,,899.99,$,1000.0
rokc,,14.0,Blue,1000 GB,Intel Core i7,8,Windows 11,,Integrated,Intel,1.2 GHz,,589.99,$,1000.0
gigabyte,AORUS 15P YD-73US344SH,15.0,Black,1 TB,Intel Mobile CPU,32,Windows 10 Home,,Dedicated,NVIDIA GeForce RTX 3080 Laptop GPU,,4.1,2399.0,$,1024.0
msi,GP65 Leopard 10SDK-049,15.0,,512 GB,Intel Core i7,16,Windows 10 Home,,Dedicated,NVIDIA GeForce GTX 1660Ti,2.6 GHz,4.4,1999.0,$,512.0
asus,UX330UA-AH5Q,13.0,,256 GB,Core i5,,Windows 10,"Backlit Keyboard,Fingerprint Reader",Integrated,Intel HD Graphics 520,2.5 GHz,4.1,1499.0,$,256.0
dell,G5 15 Gaming,15.0,Grey,1 TB,Core i7,16,Windows 10,Backlit Keyboard,Dedicated,,,4.5,1699.0,$,1024.0
dell,Latitude 7440 Laptop,14.0,Black,512 GB,Core i7,16,Windows 11 Pro,Wifi & Bluetooth,Integrated,,,,1472.99,$,512.0
hp,HP Chromebook,15.0,Silver,64 GB,Pentium,8,Chrome OS,"Memory Card Slot, Numeric Keypad",Integrated,,,,289.99,$,64.0
rokc,,15.0,Blue,1152 GB,Pentium,20,Windows 11,,Integrated,Intel,1.1 GHz,5.0,389.99,$,1152.0
hp,,14.0,Rose Gold,64 GB,Celeron N4000,16,Windows 11,,Integrated,Intel,1.1 GHz,4.7,389.99,$,64.0
hp,,15.0,Black,1000 GB,Pentium N5000,16,Windows 11,,Integrated,Intel,1.1 GHz,4.4,459.99,$,1000.0
dell,Latitude 7440 2-in-1,14.0,Black,1000 GB,Core i7,16,Windows 11 Pro,Wifi & Bluetooth,Integrated,,,,1796.99,$,1000.0
dell,Vostro 3520 Laptop,15.0,Black,512 GB,Core i7,16,Windows 10 Pro,Wifi & Bluetooth,Integrated,,,5.0,943.69,$,512.0
rokc,ThinkPad L13 YOGA,13.0,Black,1000 GB,Intel Core i7,16,Windows 11 Pro,"Fingerprint Reader, Backlit Keyboard, Support Stylus, Memory Card Slot",Integrated,,,,749.99,$,1000.0
dell,Vostro 3420 Laptop,14.0,Black,512 GB,Core i7,8,Windows 11 Pro,Wifi & Bluetooth,Integrated,,,,789.42,$,512.0
dell,XPS 9320 Laptop,13.0,Gray,512 GB,Core i7,16,Windows 11 Home,Wifi & Bluetooth,Integrated,,,,1647.3,$,512.0
hp,TPN-I140_799**AV,17.0,Black,512 GB,AMD Ryzen 7,12,Windows 11 Home,Numeric Keypad,Integrated,,,,713.49,$,512.0
acer,Nitro 5,15.0,Black,2048 GB,Core i5,64,Windows 11 Pro,,Dedicated,NVIDIA GeForce RTX 3050 Ti 4GB GDDR6,,5.0,1086.16,$,2048.0
dell,G15 5521,15.0,Obsidian Black,1 TB,Intel Core i9,16,Windows 11 Pro,"High Definition Audio, Backlit Keyboard, Anti Glare Coating, Numeric Keypad",Dedicated,,,,1828.44,$,1024.0
dell,XPS 9730 Laptop,17.0,Platinum Silver,512 GB,Core i9,16,Windows 11 Home,,Integrated,NVIDIA GeForce RTX 4070,,,2461.99,$,512.0
hp,,15.0,Silver,1000 GB,Intel Core i5,64,Windows 11 Pro,Backlit Keyboard,Integrated,Intel,,4.5,999.99,$,1000.0
rokc,,14.0,Blue,1000 GB,Intel Core i7,8,Windows 11,,Integrated,Intel,1.2 GHz,,589.99,$,1000.0
dell,Dell Latitude 5520,15.0,Silver,2 TB,Intel Core i5,32,Windows 11 Home,,Dedicated,Intel Iris Xe Graphics,,,1037.99,$,2048.0
dell,Latitude 5431 Laptop,14.0,Black,256 GB,Core i7,8,Windows 11 Pro,,Integrated,Intel Integrated Graphics,,,928.99,$,256.0
dell,Dell Latitude 5520,15.0,Silver,2 TB,Intel Core i5 1145G7,32,Windows 10 Pro,,Integrated,Intel Iris Xe Graphics,,5.0,1038.28,$,2048.0
dell,Alienware m15 R7 Laptop,15.0,Dark Side of the Moon,1000 GB,Core i9,32,Windows 11 Home,,Dedicated,NVIDIA GeForce RTX 3080,,,2432.42,$,1000.0
rokc,,15.0,Blue,1152 GB,Pentium,20,Windows 11,,Integrated,Intel,1.1 GHz,5.0,389.99,$,1152.0
hp,,14.0,Rose Gold,64 GB,Celeron N4000,16,Windows 11,,Integrated,Intel,1.1 GHz,4.7,389.99,$,64.0
hp,,15.0,Black,1000 GB,Pentium N5000,16,Windows 11,,Integrated,Intel,1.1 GHz,4.4,459.99,$,1000.0
dell,G15 5525 Laptop,15.0,Grey,2000 GB,AMD Ryzen 7,32,Windows 11 Home,,Dedicated,NVIDIA GeForce RTX 3050 Ti,,,1409.99,$,2000.0
dell,Inspiron,15.0,Black,1 TB,Core i5 Family,32,Windows 11 Home,,Integrated,Intel Iris Xe Graphics,,,739.99,$,1024.0
dell,Latitude Rugged 5430 Laptop,14.0,Silver,2000 GB,Core i7,64,Windows 11 Pro,,Dedicated,NVIDIA Quadro T500 2GB,,,3229.22,$,2000.0
msi,GF75 Thin 10SER-257,17.0,,1 TB,Core i7,16,Windows 10 Home,,Dedicated,NVIDIA GeForce RTX 2060,2.6 GHz,4.2,1999.0,$,1024.0
dell,XPS,17.0,Silver,4 TB,Core i7 Family,64,Windows 11 Pro,Backlit Kb,Dedicated,,,5.0,3785.54,$,4096.0
hp,EliteBook x360 1040 G8,14.0,Silver,1 TB,Core i7,16,Windows 11 Pro,,Integrated,Intel Iris Xe Graphics,,,2799.0,$,1024.0
dell,Alienware m15 R7 Laptop,15.0,Dark Side of the Moon,2000 GB,Core i9,16,Windows 11 Home,,Integrated,NVIDIA GeForce RTX 3070 Ti,,,2420.17,$,2000.0
rokc,,14.0,Blue,1000 GB,Intel Core i7,8,Windows 11,,Integrated,Intel,1.2 GHz,,589.99,$,1000.0
dell,Latitude,15.0,,1 TB,Core i5,8,Windows 11 Pro,,Integrated,Intel Iris Xe Graphics,2.4 GHz,4.5,885.99,$,1024.0
dell,XPS 9320 Laptop,13.0,Silver,1000 GB,Core i7,32,Windows 11 Pro,,Integrated,Intel Integrated Graphics,,,1865.99,$,1000.0
dell,Dell Inspiron 15 3525,15.0,Black,2 TB,AMD R Series,64,Windows 11,Anti-glare,Integrated,,,5.0,1021.99,$,2048.0
dell,Precision 7770 Laptop,17.0,Silver,2000 GB,Core i7,64,Windows 11 Pro,,Integrated,NVIDIA RTX A4500,,,3291.99,$,2000.0
toughbook,FZ-G1 MK5,10.0,Silver,256,Core i5,8,Windows 10 Pro,,Integrated,Intel HD Graphics 620,,,1999.0,$,256.0
microsoft,Surface Laptop Go 2,12.0,Ice Blue,256 GB,Intel Core i5,8,Windows 10,Fingerprint Power Button,Integrated,,,3.5,689.99,$,256.0
dell,Precision 3571 Laptop,15.0,Black,2000 GB,Core i9,,Windows 11 Pro,,,Nvidia RTX A1000,3.8 GHz,,2492.99,$,2000.0
rokc,,15.0,Blue,1152 GB,Pentium,20,Windows 11,,Integrated,Intel,1.1 GHz,5.0,389.99,$,1152.0
hp,,14.0,Rose Gold,64 GB,Celeron N4000,16,Windows 11,,Integrated,Intel,1.1 GHz,4.7,389.99,$,64.0
hp,,15.0,Black,1000 GB,Pentium N5000,16,Windows 11,,Integrated,Intel,1.1 GHz,4.4,459.99,$,1000.0
dell,Latitude 5520 Laptop,15.0,Black,256 GB,Core i5,32,Windows 11 Pro,Wifi & Bluetooth,Integrated,,,,910.99,$,256.0
lenovo,81WE011UUS,15.0,Platinum Grey,512 GB,Core i3 Family,8,Windows 10 Pro,,Integrated,Intel UHD Graphics,,,549.99,$,512.0
dell,Precision 7760 Laptop,17.0,Silver,1000 GB,Core i7,64,Windows 11 Pro,Wifi & Bluetooth,Nvidia RTX A3000,,,,3097.99,$,1000.0
dell,Alienware X15 R2 Laptop,15.0,Lunar Light,1000 GB,Core i9,32,Windows 11 Pro,,Integrated,NVIDIA GeForce RTX 3080 Ti,,,3080.99,$,1000.0
dell,Latitude 5520 Laptop,15.0,Black,512 GB,Core i7,64,Windows 10 Pro,Wifi & Bluetooth,Integrated,,,,1751.99,$,512.0
dell,Latitude 5520 Laptop,15.0,Black,2000 GB,Core i7,32,Windows 11 Pro,Wifi & Bluetooth,Integrated,,,,2872.99,$,2000.0
hp,,15.0,Silver,1000 GB,Intel Core i5,64,Windows 11 Pro,Backlit Keyboard,Integrated,Intel,,4.5,999.99,$,1000.0
rokc,Ideapad 3,15.0,Gray,1000 GB,Intel Core i5,20,Windows 11,,Integrated,Intel,,,639.99,$,1000.0
rokc,,14.0,Blue,1000 GB,Intel Core i7,8,Windows 11,,Integrated,Intel,1.2 GHz,,589.99,$,1000.0
dell,Precision 7740 Laptop,17.0,Silver,1000 GB,Core i7,16,Windows 10 Pro,Wifi & Bluetooth,Integrated,,,5.0,2004.99,$,1000.0
dell,Latitude 7320 Laptop,13.0,Black,512 GB,Core i5,16,Windows 11 Pro,Wifi & Bluetooth,Integrated,,,,900.89,$,512.0
hp,15-EF2127WM,15.0,Silver,1 TB,Ryzen 5,20,Windows 11 Pro,Anti-glare,Integrated,,,,889.99,$,1024.0
dell,Precision 7740 Laptop,17.0,Silver,1000 GB,Core i7,32,Windows 10 Pro,Wifi & Bluetooth,Nvidia Quadro RTX 3000,,,4.5,2808.99,$,1000.0
dell,Precision 7000,17.0,,512 GB,Core i7,32,Windows 10 Pro,Anti-glare Screen,RTX A3000,NVIDIA RTX A3000,,5.0,3461.33,$,512.0
dell,Precision 5760 Laptop,17.0,Silver,512 GB,Core i5,16,Windows 10 Pro,Wifi & Bluetooth,Integrated,,,,1929.99,$,512.0
dell,XPS 9710 Laptop,17.0,Platinum Silver,1000 GB,Core i7,16,Windows 10 Pro,Wifi & Bluetooth,Nvidia GeForce RTX 3050,,,,2178.99,$,1000.0
rokc,,15.0,Blue,1152 GB,Pentium,20,Windows 11,,Integrated,Intel,1.1 GHz,5.0,389.99,$,1152.0
hp,,14.0,Rose Gold,64 GB,Celeron N4000,16,Windows 11,,Integrated,Intel,1.1 GHz,4.7,389.99,$,64.0
hp,,15.0,Black,1000 GB,Pentium N5000,16,Windows 11,,Integrated,Intel,1.1 GHz,4.4,459.99,$,1000.0
dell,XPS 9510 Laptop,15.0,Platinum Silver,512 GB,Core i7,32,Windows 10 Pro,Wifi & Bluetooth,Nvidia GeForce RTX 3050 Ti,,,,1999.99,$,512.0
dell,Latitude 7310 Laptop,13.0,Black,128 GB,Core i7,16,Windows 10 Pro,Wifi & Bluetooth,Integrated,,,,1606.99,$,128.0
hp,,15.0,Silver,1000 GB,Intel Core i5,64,Windows 11 Pro,Backlit Keyboard,Integrated,Intel,,4.5,999.99,$,1000.0
rokc,Ideapad 3,15.0,Gray,1000 GB,Intel Core i5,20,Windows 11,,Integrated,Intel,,,639.99,$,1000.0
dell,Inspiron,16.0,Silver,1000 GB,Intel Core i5,32,Windows 11,,Integrated,Intel,,,899.99,$,1000.0
rokc,,14.0,Blue,1000 GB,Intel Core i7,8,Windows 11,,Integrated,Intel,1.2 GHz,,589.99,$,1000.0
hp,hp 15 pentium,15.0,Black,500 GB,Pentium N3540,4,Windows 10,Numeric Keypad,Integrated,,,4.0,449.99,$,500.0
rokc,,14.0,Blue,1000 GB,Intel Core i7,8,Windows 11,,Integrated,Intel,1.2 GHz,,589.99,$,1000.0
hp,HP Spectre,13.0,Natural Silver,512 GB,Core i7,8,Windows 10 Home,,Integrated,Intel Iris Plus,,4.2,1899.0,$,512.0
lenovo,Lenovo Ideapad,14.0,,32 GB,Celeron,2,Windows 10,Backlit Keyboard,Integrated,Intel HD Graphics 500,,3.4,239.0,$,32.0
dell,Dell Inspiron i3000,11.0,grey,32 GB,AMD A Series,4,Windows 10 Home,Anti-glare,Dedicated,,,3.4,299.0,$,32.0
alienware,Alienware m 17,17.0,Silver,512 GB,Core i7 Family,16,Windows 10 Home,,Dedicated,NVIDIA GeForce RTX 2070,,4.0,1699.95,$,512.0
rokc,,15.0,Blue,1152 GB,Pentium,20,Windows 11,,Integrated,Intel,1.1 GHz,5.0,389.99,$,1152.0
hp,,14.0,Rose Gold,64 GB,Celeron N4000,16,Windows 11,,Integrated,Intel,1.1 GHz,4.7,389.99,$,64.0
hp,,15.0,Black,1000 GB,Pentium N5000,16,Windows 11,,Integrated,Intel,1.1 GHz,4.4,459.99,$,1000.0
asus,GL703GS-DS74,17.0,Black,1000 GB,Intel Core i7,16,Windows 10 Home,,Dedicated,NVIDIA GeForce GTX 1070,,3.8,2299.0,$,1000.0
rokc,,14.0,Blue,1000 GB,Intel Core i7,8,Windows 11,,Integrated,Intel,1.2 GHz,,589.99,$,1000.0
dell,,15.0,Red,1 TB,Intel Core i7-5850HQ,8,Windows 10,"Anti-glare,Backlit Keyboard",Dedicated,NVIDIA GeForce GTX 1050 Ti,,4.0,799.0,$,1024.0
dell,XPS9560,15.0,Silver,256 GB,,8,Windows 10,,Dedicated,NVIDIA GeForce GTX 1050,3.5 GHz,3.5,1499.81,$,256.0
hp,HP,15.0,Dark Ash,512 GB,Intel Core i7,16,Windows 10 Home,"Backlit Keyboard,Fingerprint Reader",Integrated,,,4.2,1999.0,$,512.0
alienware,Alienware M15,15.0,Epic Silver,128 GB,Core i7 8750H,16,Windows 10 Home,Anti-glare,Dedicated,,,4.1,1599.95,$,128.0
asus,VivoBook S15 S530,15.0,,256 GB,Intel Core i5,8,Windows 10 Home,Nanoedge Bezel,Integrated,Intel UHD Graphics 630,,4.0,1399.0,$,256.0
lenovo,,12.0,,128 GB,,8,Windows 10 Home,Fingerprint Reader,Integrated,Intel HD Graphics 520,"2.5, 3.1 GHz",3.7,419.0,$,128.0
acer,Acer Aspire,15.0,"Black,Silver,Grey",256 GB,,8,Windows 11 Home,Backlit Kb,Dedicated,AMD Radeon Graphics 5500,,4.0,659.98,$,256.0
dell,Latitude,15.0,Black,1 TB,Core i5,16,Windows 10 Pro,,Integrated,Intel Iris Xe Graphics,,4.0,1373.29,$,1024.0
msi,GE76238,17.0,Titanium Blue,32 GB,Core i7,32,Windows 10 Home,,Integrated,NVIDIA GeForce RTX 3070,,4.5,4299.0,$,32.0
rokc,,15.0,Blue,1152 GB,Pentium,20,Windows 11,,Integrated,Intel,1.1 GHz,5.0,389.99,$,1152.0
hp,,14.0,Rose Gold,64 GB,Celeron N4000,16,Windows 11,,Integrated,Intel,1.1 GHz,4.7,389.99,$,64.0
hp,,15.0,Black,1000 GB,Pentium N5000,16,Windows 11,,Integrated,Intel,1.1 GHz,4.4,459.99,$,1000.0
dell,Dell XPS,17.0,,1 TB,Core I7 11800H,32,Windows 10,,Dedicated,NVIDIA GeForce RTX 3060,2.3 GHz,3.7,2897.0,$,1024.0
acer,,15.0,Black,128 GB,Core I3 1115G4,4,Chrome OS,,Integrated,Intel UHD Graphics,4.1 GHz,5.0,415.98,$,128.0
alienware,Alienware 15,15.0,Epic Silver,1 TB,Core i7,,Windows 10 Home,Backlit Keyboard,Integrated,NVIDIA GeForce GTX 1060 OC,,4.1,2099.0,$,1024.0
dell,Dell XPS,15.0,Silver,256 GB,Core i7,,Windows 10 Home,Anti Glare,"Integrated, Dedicated",NVIDIA GeForce GTX 1050 Ti,,4.0,849.95,$,256.0
lenovo,Lenovo Ideapad,11.0,,32 GB,Celeron,32,Windows 10,,Integrated,Intel HD Graphics 400,,3.5,320.0,$,32.0
acer,,15.0,,256 GB,,8,Windows 11 Home,Anti Glare Coating,Integrated,AMD Radeon Graphics 5500,,4.0,511.92,$,256.0
msi,Prestige 15 A10SC-011,15.0,grey,512 GB,Intel Core i7,16,Windows 10 Pro,"Anti-glare,Thin Bezel",Dedicated,,,4.2,2399.0,$,512.0
lenovo,Lenovo_i3_8GB_Red,15.0,Coral Red,1 TB,Core i3 Family,8,Windows 10,,Integrated,Intel UHD Graphics 620,,4.1,458.8,$,1024.0
hp,HP,14.0,Silver,128 GB,Core i3,4,Windows 10 Home,,Integrated,Intel UHD Graphics 620,,4.4,439.0,$,128.0
hp,,15.0,Silver,1000 GB,Intel Core i5,64,Windows 11 Pro,Backlit Keyboard,Integrated,Intel,,4.5,999.99,$,1000.0
rokc,Ideapad 3,15.0,Gray,1000 GB,Intel Core i5,20,Windows 11,,Integrated,Intel,,,639.99,$,1000.0
dell,Inspiron,16.0,Silver,1000 GB,Intel Core i5,32,Windows 11,,Integrated,Intel,,,899.99,$,1000.0
rokc,,14.0,Blue,1000 GB,Intel Core i7,8,Windows 11,,Integrated,Intel,1.2 GHz,,589.99,$,1000.0
asus,GL703GM-DS74,17.0,,1000 GB,Intel Core i7,16,Windows 10 Home,,Dedicated,NVIDIA GeForce GTX 1060,2.2 GHz,4.2,1999.0,$,1000.0
lenovo,20GB000LUS,11.0,Black,128 GB,Celeron,8,Windows 10 Pro 64-Bit,,Integrated,Intel HD Graphics 520,,3.5,224.99,$,128.0
asus,ASUS ZenBook,13.0,Silver Blue,512 GB,8032,16,Windows 10 Pro,,Dedicated,NVIDIA GeForce MX150,,4.2,1699.0,$,512.0
apple,MacBook Pro 15-inch,15.0,Space Gray,256 GB,Core i7 Family,,Mac OS,,"Integrated, Dedicated",integrated_graphics,2.8 GHz,4.0,1649.95,$,256.0
acer,,14.0,,128 GB,,4,Chrome OS,Stylus,Integrated,,,4.6,419.98,$,128.0
asus,UX490UA-XH74-BL,14.0,Royal Blue,512 GB,8032,16,Windows 10 Pro,Ultra-slim Bezel,Integrated,,,3.3,1599.0,$,512.0
acer,,15.0,Black,128 GB,Core I3 1115G4,4,Windows 10 Pro,Water Repellent,Integrated,Intel UHD Graphics,,4.2,429.98,$,128.0
hp,Omen,15.0,Black,512 GB,Core i7,16,Windows 10 Home,Anti-glare,Dedicated,,,4.4,1999.0,$,512.0
rokc,,15.0,Blue,1152 GB,Pentium,20,Windows 11,,Integrated,Intel,1.1 GHz,5.0,389.99,$,1152.0
hp,,14.0,Rose Gold,64 GB,Celeron N4000,16,Windows 11,,Integrated,Intel,1.1 GHz,4.7,389.99,$,64.0
hp,,15.0,Black,1000 GB,Pentium N5000,16,Windows 11,,Integrated,Intel,1.1 GHz,4.4,459.99,$,1000.0
hp,HP Spectre,15.0,Dark Ash Silver,1 TB,Core i7,16,Windows 10 Pro,,Dedicated,Nvidia,,4.0,2399.0,$,1024.0
asus,ZenBook Pro 15,15.0,Black,512 GB,Core i7,16,Windows 10 Pro,Nanoedge Bezel,Dedicated,,,4.1,2399.0,$,512.0
acer,,14.0,Black,128 GB,,4,Windows,Stylus,Integrated,,,5.0,405.98,$,128.0
lenovo,Lenovo Legion,15.0,Phantom Blue,1 TB,Core I7 11800H,32,Windows 11 Home,,Dedicated,NVIDIA GeForce RTX 3050 Ti,,4.6,2299.0,$,1024.0
apple,MacBook Air,13.0,Silver,128 GB,Core i5,8,macOS 10.12 Sierra,,Integrated,Intel HD Graphics 6000,,4.4,1248.0,$,128.0
hp,HP Omen,15.0,Black,1 TB,,16,Windows 10,Backlit Keyboard,Dedicated,NVIDIA GeForce GTX 1060,,4.1,1299.0,$,1024.0
dell,XPS 13 (9360),13.0,Machined Aluminum Display Back and Base In Silver,128 GB,Core i5,8,Windows 10,,"Intel HD Graphics 620, Integrated",Intel HD Graphics 620,,3.2,724.81,$,128.0
lenovo,Flex 15,15.0,,512 GB,Core i7,8,Windows 10,,Dedicated,2GB NVIDIA GeForce MX230 Graphics,1.8 GHz,4.5,659.9,$,512.0
hp,,15.0,Silver,1000 GB,Intel Core i5,64,Windows 11 Pro,Backlit Keyboard,Integrated,Intel,,4.5,999.99,$,1000.0
rokc,Ideapad 3,15.0,Gray,1000 GB,Intel Core i5,20,Windows 11,,Integrated,Intel,,,639.99,$,1000.0
dell,Inspiron,16.0,Silver,1000 GB,Intel Core i5,32,Windows 11,,Integrated,Intel,,,899.99,$,1000.0
rokc,,14.0,Blue,1000 GB,Intel Core i7,8,Windows 11,,Integrated,Intel,1.2 GHz,,589.99,$,1000.0
asus,ZenBook Pro,15.0,Black,256 GB,Core i7,8,Windows 10 Pro,Fingerprint,Dedicated,,,3.7,1499.0,$,256.0
lenovo,Lenovo ThinkPad,14.0,,512 GB,1.2GHz Cortex A8 Processor,8,Windows 10,"Anti-glare,Fingerprint Reader",Integrated,Intel HD Graphics 620,,4.2,499.0,$,512.0
rokc,,14.0,Blue,1000 GB,Intel Core i7,8,Windows 11,,Integrated,Intel,1.2 GHz,,589.99,$,1000.0
dell,XPS,15.0,Platinum Silver,1 TB,Core i7 Family,32,Windows 10 Home,"Backlit Keyboard,Fingerprint Reader",Dedicated,,,3.2,1799.81,$,1024.0
dell,Dell Inspiron,15.0,Black,256 GB,Intel Core i5,32,Windows 10 Home,,Integrated,Intel Iris Xe Graphics,,4.4,745.99,$,256.0
lenovo,ThinkPad X1 Extreme,15.0,Black,512 GB,Intel Core i7,16,Windows 10 Pro,,Dedicated,NVIDIA GeForce,,3.6,2299.0,$,512.0
hp,HP 255 G5,15.0,Gray,128 GB,AMD A Series,8,Windows 10 Home 64,HD Audio,Dedicated,,,3.6,429.99,$,128.0
dell,Precision 7780 Laptop,17.0,Silver,512 GB,Core i7,32,Windows 11 Pro,Wifi & Bluetooth,Nvidia RTX 2000 Ada,,,,2902.9,$,512.0
dell,Precision 5760 Laptop,17.0,Silver,2000 GB,Intel Xeon,64,Windows 11 Pro,Wifi & Bluetooth,Nvidia RTX A3000,,,,4274.55,$,2000.0
dell,Inspiron 5510 Laptop,15.0,"Gray, Platinum Silver",1000 GB,Core i7,16,Windows 11 Pro,Wifi & Bluetooth,Integrated,,,,1071.0,$,1000.0
rokc,,15.0,Blue,1152 GB,Pentium,20,Windows 11,,Integrated,Intel,1.1 GHz,5.0,389.99,$,1152.0
hp,,14.0,Rose Gold,64 GB,Celeron N4000,16,Windows 11,,Integrated,Intel,1.1 GHz,4.7,389.99,$,64.0
hp,,15.0,Black,1000 GB,Pentium N5000,16,Windows 11,,Integrated,Intel,1.1 GHz,4.4,459.99,$,1000.0
dell,Precision 3580 Laptop,15.0,Silver,512 GB,Core i7,64,Windows 11 Pro,Wifi & Bluetooth,Integrated,,,,1799.09,$,512.0
dell,Precision 5770 Laptop,17.0,Silver,1000 GB,Core i9,16,Windows 11 Pro,Wifi & Bluetooth,Nvidia RTX A3000,,,,3164.87,$,1000.0
dell,Alienware m16 Ryzen Edition Laptop,16.0,Silver,1000 GB,AMD Ryzen 7,64,Windows 11 Home,Wifi & Bluetooth,Nvidia GeForce RTX 4070,,,,2270.21,$,1000.0
dell,XPS 9730 Laptop,17.0,Platinum Silver,512 GB,Core i7,16,Windows 11 Home,Wifi & Bluetooth,Nvidia GeForce RTX 4050,,,,2528.85,$,512.0
rokc,,14.0,Blue,1000 GB,Intel Core i7,8,Windows 11,,Integrated,Intel,1.2 GHz,,589.99,$,1000.0
dell,Vostro 7620 Laptop,16.0,Black,1000 GB,Core i7,40,Windows 11 Home,Wifi & Bluetooth,Nvidia GeForce RTX 3050,,,,1281.52,$,1000.0
dell,Precision 7780 Laptop,17.0,Silver,512 GB,Core i7,32,Windows 11 Pro,Wifi & Bluetooth,Nvidia RTX A1000,,,,2624.08,$,512.0
dell,Alienware m18 Ryzen Edition Laptop,18.0,Black,512 GB,AMD Ryzen 7,32,Windows 11 Home,Wifi & Bluetooth,Nvidia GeForce RTX 4090,,,,3072.76,$,512.0
dell,Precision 7780 Laptop,17.0,Silver,1000 GB,Core i9,64,Windows 11 Pro,Wifi & Bluetooth,Nvidia GeForce RTX 4090,,,,3378.36,$,1000.0
dell,Latitude 5440 Laptop,14.0,Black,512 GB,Core i7,16,Windows 11 Home,Wifi & Bluetooth,Dedicated,,,,1552.3,$,512.0
dell,Alienware m16 Laptop,16.0,Black,1000 GB,Core i9,16,Windows 11 Home,Wifi & Bluetooth,Nvidia GeForce RTX 4070,,,,2528.9,$,1000.0
dell,Latitude 5530 Laptop,15.0,Black,1000 GB,Core i7,32,Windows 11 Home,Wifi & Bluetooth,Dedicated,,,,1996.29,$,1000.0
dell,Vostro 7620 Laptop,16.0,Black,1000 GB,Core i7,24,Windows 10 Home,Wifi & Bluetooth,Nvidia GeForce RTX 3050 Ti,,,,1251.66,$,1000.0
dell,Latitude 5530 Laptop,15.0,Black,2000 GB,Core i5,32,Windows 11 Home,Wifi & Bluetooth,Integrated,,,,1032.65,$,2000.0
rokc,,14.0,Blue,1000 GB,Intel Core i7,8,Windows 11,,Integrated,Intel,1.2 GHz,,589.99,$,1000.0
dell,Latitude 5440 Laptop,14.0,Black,1000 GB,Core i7,32,Windows 11 Home,Wifi & Bluetooth,Dedicated,,,,1670.17,$,1000.0
dell,Latitude 5431 Laptop,14.0,Black,1000 GB,Core i5,16,Windows 11 Home,Wifi & Bluetooth,Integrated,,,,1066.53,$,1000.0
dell,Inspiron 7415 2-in-1,14.0,Grey,256 GB,AMD Ryzen 7,8,Windows 11 Pro,Wifi & Bluetooth,AMD Integrated Graphics,,,,577.49,$,256.0
dell,Latitude 3440 Laptop,14.0,Black,1000 GB,Core i5,16,Windows 11 Pro,Wifi & Bluetooth,Integrated,,,,871.03,$,1000.0
dell,Precision 3581 Laptop,15.0,Silver,1000 GB,Core i7,64,Windows 11 Pro,Wifi & Bluetooth,Nvidia RTX 2000 Ada,,,,2302.48,$,1000.0
dell,Latitude 7440 Laptop,14.0,Black,256 GB,Core i7,16,Windows 11 Home,Wifi & Bluetooth,Integrated,,,,1312.82,$,256.0
dell,Latitude 5530 Laptop,15.0,Black,2000 GB,Core i7,32,Windows 11 Home,Wifi & Bluetooth,Integrated,,,,2548.37,$,2000.0
dell,Latitude 5530 Laptop,15.0,Black,128 GB,Core i5,4,Windows 11 Home,Wifi & Bluetooth,Dedicated,,,,1898.56,$,128.0
dell,Alienware m18 Ryzen Edition Laptop,18.0,Black,512 GB,AMD Ryzen 7,32,Windows 11 Home,Wifi & Bluetooth,Nvidia GeForce RTX 4090,,,,3072.76,$,512.0
dell,Precision 7770 Laptop,17.0,Silver,512 GB,Core i7,64,Windows 11 Home,Wifi & Bluetooth,Nvidia RTX A4500,,,,3376.64,$,512.0
rokc,,14.0,Blue,1000 GB,Intel Core i7,8,Windows 11,,Integrated,Intel,1.2 GHz,,589.99,$,1000.0
dell,Latitude 3420 Laptop,14.0,Black,256 GB,Core i5,8,Windows 11 Home,Wifi & Bluetooth,Integrated,,,,633.42,$,256.0
dell,Latitude 7340 Laptop,13.0,Black,1000 GB,Core i7,32,Windows 11 Pro,Wifi & Bluetooth,Integrated,,,,1715.63,$,1000.0
dell,Latitude 3330 Laptop,13.0,Black,1000 GB,Core i3,4,Windows 11 Pro,Wifi & Bluetooth,Integrated,,,,554.04,$,1000.0
dell,Precision 7770 Laptop,17.0,Silver,512 GB,Core i7,16,Windows 11 Home,Wifi & Bluetooth,Nvidia RTX A3000,,,,2817.15,$,512.0
dell,Alienware m18 Ryzen Edition Laptop,18.0,Black,1000 GB,AMD Ryzen 7,32,Windows 11 Home,Wifi & Bluetooth,Nvidia GeForce RTX 4070,,,,2200.53,$,1000.0
dell,Latitude 5440 Laptop,14.0,Black,512 GB,Core i7,32,Windows 11 Home,Wifi & Bluetooth,Integrated,,,,997.74,$,512.0
dell,Precision 5760 Laptop,17.0,Silver,2000 GB,Intel Xeon,64,Windows 11 Pro,Wifi & Bluetooth,Nvidia RTX A3000,,,,4274.55,$,2000.0
dell,Latitude 5530 Laptop,15.0,Black,2000 GB,Core i7,32,Windows 11 Pro,Wifi & Bluetooth,Integrated,,,,2548.37,$,2000.0
dell,Latitude 5530 Laptop,15.0,Black,1000 GB,Core i7,64,Windows 11 Home,Wifi & Bluetooth,Dedicated,,,,2161.58,$,1000.0
dell,Latitude 5330 Laptop,13.0,Black,1000 GB,Core i7,32,Windows 11 Pro,Wifi & Bluetooth,Integrated,,,,1535.1,$,1000.0
dell,Latitude 7440 Laptop,14.0,Black,256 GB,Core i5,16,Windows 11 Pro,Wifi & Bluetooth,Integrated,,,,1420.42,$,256.0
rokc,,15.0,Blue,1152 GB,Pentium,20,Windows 11,,Integrated,Intel,1.1 GHz,5.0,389.99,$,1152.0
hp,,14.0,Rose Gold,64 GB,Celeron N4000,16,Windows 11,,Integrated,Intel,1.1 GHz,4.7,389.99,$,64.0
hp,,15.0,Black,1000 GB,Pentium N5000,16,Windows 11,,Integrated,Intel,1.1 GHz,4.4,459.99,$,1000.0
dell,Precision 7770 Laptop,17.0,Silver,2000 GB,Core i7,64,Windows 11 Home,Wifi & Bluetooth,Nvidia RTX A4500,,,,3378.36,$,2000.0
dell,Precision 7670 Laptop,16.0,Silver,1000 GB,Core i7,16,Windows 11 Home,Wifi & Bluetooth,Nvidia RTX A2000,,,,1782.43,$,1000.0
dell,Alienware m16 Ryzen Edition Laptop,16.0,Silver,1000 GB,AMD Ryzen 7,16,Windows 11 Pro,Wifi & Bluetooth,AMD Radeon RX 7600,,,,1811.42,$,1000.0
dell,Latitude 5531 Laptop,15.0,Black,1000 GB,Core i7,64,Windows 11 Home,Wifi & Bluetooth,Integrated,,,,1786.59,$,1000.0
dell,Latitude 7340 2-in-1,13.0,Black,256 GB,Core i7,32,Windows 11 Pro,Wifi & Bluetooth,Integrated,,,,1944.65,$,256.0
dell,Latitude 5440 Laptop,14.0,Black,256 GB,Core i7,32,Windows 11 Home,Wifi & Bluetooth,Dedicated,,,,1589.67,$,256.0
dell,Vostro 7620 Laptop,16.0,Black,2000 GB,Core i7,40,Windows 10 Home,Wifi & Bluetooth,Nvidia GeForce RTX 3050 Ti,,,,1366.7,$,2000.0
dell,Alienware m18 Ryzen Edition Laptop,18.0,Black,512 GB,AMD Ryzen 7,16,Windows 11 Home,Wifi & Bluetooth,Nvidia GeForce RTX 4090,,,,2994.02,$,512.0
dell,Latitude 7430 Laptop,14.0,Black,1000 GB,Core i7,32,Windows 11 Pro,Wifi & Bluetooth,Integrated,,,,1774.79,$,1000.0
dell,XPS 9530 Laptop,15.0,Platinum Silver,1000 GB,Core i9,64,Windows 11 Pro,Wifi & Bluetooth,Nvidia GeForce RTX 4070,,,,3417.95,$,1000.0
dell,Latitude 5530 Laptop,15.0,Black,512 GB,Core i5,32,Windows 11 Home,Wifi & Bluetooth,Integrated,,,,953.82,$,512.0
dell,Precision 7770 Laptop,17.0,Silver,512 GB,Core i9,32,Windows 11 Home,Wifi & Bluetooth,Nvidia RTX A3000,,,,2815.3,$,512.0
hp,,15.0,Silver,1000 GB,Intel Core i5,64,Windows 11 Pro,Backlit Keyboard,Integrated,Intel,,4.5,999.99,$,1000.0
rokc,Ideapad 3,15.0,Gray,1000 GB,Intel Core i5,20,Windows 11,,Integrated,Intel,,,639.99,$,1000.0
dell,Inspiron,16.0,Silver,1000 GB,Intel Core i5,32,Windows 11,,Integrated,Intel,,,899.99,$,1000.0
rokc,,14.0,Blue,1000 GB,Intel Core i7,8,Windows 11,,Integrated,Intel,1.2 GHz,,589.99,$,1000.0
dell,Vostro 3520 Laptop,15.0,Black,1000 GB,Core i7,16,Windows 10 Home,Wifi & Bluetooth,Integrated,,,,968.87,$,1000.0
dell,Vostro 7620 Laptop,16.0,Black,1000 GB,Core i7,16,Windows 11 Pro,Wifi & Bluetooth,Nvidia GeForce RTX 3050 Ti,,,,11261.24,$,1000.0
dell,Precision 7770 Laptop,17.0,Silver,1000 GB,Core i9,32,Windows 11 Pro,Wifi & Bluetooth,Nvidia RTX A3000,,,,2815.3,$,1000.0
dell,Latitude 5540 Laptop,15.0,Black,256 GB,Core i5,16,Windows 11 Pro,Wifi & Bluetooth,Integrated,,,,788.28,$,256.0
dell,Latitude 5440 Laptop,14.0,Black,256 GB,Core i5,16,Windows 10 Pro,Wifi & Bluetooth,Integrated,,,,934.67,$,256.0
dell,Precision 3470 Laptop,14.0,Silver,256 GB,Core i7,32,Windows 11 Pro,Wifi & Bluetooth,Integrated,,,,1096.11,$,256.0
rokc,,14.0,Blue,1000 GB,Intel Core i7,8,Windows 11,,Integrated,Intel,1.2 GHz,,589.99,$,1000.0
dell,Latitude 5530 Laptop,15.0,Black,2000 GB,Core i5,32,Windows 11 Home,Wifi & Bluetooth,Integrated,,,,1032.65,$,2000.0
dell,Latitude 5440 Laptop,14.0,Black,512 GB,Core i7,32,Windows 11 Home,Wifi & Bluetooth,Integrated,,,,1341.23,$,512.0
dell,Latitude 7440 Laptop,14.0,Black,512 GB,Core i7,32,Windows 11 Home,Wifi & Bluetooth,Integrated,,,,1238.73,$,512.0
dell,XPS 9730 Laptop,17.0,Platinum Silver,512 GB,Core i7,16,Windows 11 Home,Wifi & Bluetooth,Nvidia GeForce RTX 4050,,,,2293.45,$,512.0
dell,Latitude 5540 Laptop,15.0,Black,1000 GB,Core i5,16,Windows 11 Pro,Wifi & Bluetooth,Integrated,,,,1296.33,$,1000.0
dell,Latitude 5531 Laptop,15.0,Black,1000 GB,Core i5,16,Windows 11 Pro,,Integrated,Intel Integrated Graphics,,,1493.99,$,1000.0
dell,Precision 7770 Laptop,17.0,Silver,1000 GB,Core i9,32,Windows 11 Home,Wifi & Bluetooth,Nvidia RTX A3000,,,,2815.3,$,1000.0
dell,Precision 7780 Laptop,17.0,Silver,32 GB,Core i9,128,Windows 11 Home,Wifi & Bluetooth,Integrated,,,,4618.9,$,32.0
dell,Precision 7770 Laptop,17.0,Silver,1000 GB,Core i9,32,Windows 11 Home,Wifi & Bluetooth,Nvidia RTX A3000,,,,2815.3,$,1000.0
dell,Vostro 7620 Laptop,16.0,Black,512 GB,Core i7,24,Windows 10 Home,Wifi & Bluetooth,Nvidia GeForce RTX 3050 Ti,,,,1201.13,$,512.0
dell,Vostro 7620 Laptop,16.0,Black,512 GB,Core i7,16,Windows 10 Home,Wifi & Bluetooth,Integrated,,,,1168.52,$,512.0
dell,Precision 7780 Laptop,17.0,Silver,1000 GB,Core i7,64,Windows 11 Home,Wifi & Bluetooth,Integrated,,,,2815.3,$,1000.0
rokc,,15.0,Blue,1152 GB,Pentium,20,Windows 11,,Integrated,Intel,1.1 GHz,5.0,389.99,$,1152.0
hp,,14.0,Rose Gold,64 GB,Celeron N4000,16,Windows 11,,Integrated,Intel,1.1 GHz,4.7,389.99,$,64.0
hp,,15.0,Black,1000 GB,Pentium N5000,16,Windows 11,,Integrated,Intel,1.1 GHz,4.4,459.99,$,1000.0
dell,Precision 7780 Laptop,17.0,Silver,4000 GB,Core i9,128,Windows 11 Pro,Wifi & Bluetooth,Integrated,,,,4736.68,$,4000.0
dell,Precision 7780 Laptop,17.0,Silver,2000 GB,Core i9,64,Windows 11 Pro,Wifi & Bluetooth,Integrated,,,,4779.89,$,2000.0
dell,Latitude 5530 Laptop,15.0,Black,1000 GB,Core i7,16,Windows 11 Home,Wifi & Bluetooth,Integrated,,,,2440.56,$,1000.0
dell,Vostro 7620 Laptop,16.0,Black,512 GB,Core i7,16,Windows 10 Home,Wifi & Bluetooth,Nvidia GeForce RTX 3050,,,,1168.52,$,512.0
dell,Vostro 7620 Laptop,16.0,Black,4000 GB,Core i7,40,Windows 10 Home,Wifi & Bluetooth,Nvidia GeForce RTX 3050,,,,1519.14,$,4000.0
dell,Precision 5770 Laptop,17.0,Silver,2000 GB,Core i7,64,Windows 11 Pro,Wifi & Bluetooth,Nvidia RTX A2000,,,,2691.43,$,2000.0
dell,Vostro 7620 Laptop,16.0,Black,1000 GB,Core i7,24,Windows 10 Home,Wifi & Bluetooth,Nvidia GeForce RTX 3050,,,,1246.6,$,1000.0
dell,Alienware m18 Ryzen Edition Laptop,18.0,Black,1000 GB,AMD Ryzen 7,64,Windows 11 Home,Wifi & Bluetooth,Nvidia GeForce RTX 4090,,,,3184.81,$,1000.0
dell,Vostro 7620 Laptop,16.0,Black,1000 GB,Core i7,40,Windows 11 Home,Wifi & Bluetooth,Nvidia GeForce RTX 3050 Ti,,,,1297.89,$,1000.0
dell,Latitude 5540 Laptop,15.0,Black,512 GB,Core i5,16,Windows 11 Pro,Wifi & Bluetooth,Integrated,,,,1278.6,$,512.0
dell,XPS 9320 Laptop,13.0,Graphite,1000 GB,Core i7,16,Windows 11 Home,Wifi & Bluetooth,Integrated,,,,1558.96,$,1000.0
hp,,15.0,Silver,1000 GB,Intel Core i5,64,Windows 11 Pro,Backlit Keyboard,Integrated,Intel,,4.5,999.99,$,1000.0
rokc,Ideapad 3,15.0,Gray,1000 GB,Intel Core i5,20,Windows 11,,Integrated,Intel,,,639.99,$,1000.0
rokc,,14.0,Blue,1000 GB,Intel Core i7,8,Windows 11,,Integrated,Intel,1.2 GHz,,589.99,$,1000.0
dell,Latitude 7440 Laptop,14.0,Black,512 GB,Core i5,16,Windows 11 Pro,Wifi & Bluetooth,Integrated,,,,1230.13,$,512.0
dell,Precision 7780 Laptop,17.0,Silver,512 GB,Core i7,16,Windows 11 Pro,Wifi & Bluetooth,Nvidia RTX 4000 Ada,,,,2815.3,$,512.0
dell,Precision 7770 Laptop,17.0,Silver,512 GB,Core i7,64,Windows 11 Home,Wifi & Bluetooth,Nvidia RTX A4500,,,,3346.83,$,512.0
dell,Latitude 3520 Laptop,15.0,Black,256 GB,Core i3,8,Windows 10 Pro,Wifi & Bluetooth,Integrated,,,,672.21,$,256.0
dell,Latitude 7430 Laptop,14.0,Black,256 GB,Core i7,16,Windows 11 Pro,Wifi & Bluetooth,Integrated,,,,1345.97,$,256.0
dell,Vostro 7620 Laptop,16.0,Black,512 GB,Core i7,24,Windows 10 Home,Wifi & Bluetooth,Nvidia GeForce RTX 3050,,,,1201.13,$,512.0
dell,Alienware m18 Ryzen Edition Laptop,18.0,Black,4000 GB,AMD Ryzen 7,64,Windows 11 Pro,Wifi & Bluetooth,Nvidia GeForce RTX 4090,,,,3600.31,$,4000.0
dell,Latitude Rugged Extreme 7330 Laptop,13.0,Black,512 GB,Core i5,8,Windows 11 Pro,Wifi & Bluetooth,Integrated,,,5.0,2031.8,$,512.0
dell,Vostro 7620 Laptop,16.0,Black,1000 GB,Core i7,16,Windows 11 Pro,Wifi & Bluetooth,Nvidia GeForce RTX 3050 Ti,,,,11261.24,$,1000.0
dell,Precision 3580 Laptop,15.0,Silver,512 GB,Core i7,32,Windows 11 Pro,Wifi & Bluetooth,Nvidia GeForce RTX A500,,,,2134.2,$,512.0
dell,Alienware m18 Ryzen Edition Laptop,18.0,Black,2000 GB,AMD Ryzen 7,64,Windows 11 Home,Wifi & Bluetooth,Nvidia GeForce RTX 4080,,,,2728.74,$,2000.0
dell,Latitude 5340 2-in-1,13.0,Black,512 GB,Core i7,32,Windows 11 Home,Wifi & Bluetooth,Integrated,,,,1507.9,$,512.0
rokc,,15.0,Blue,1152 GB,Pentium,20,Windows 11,,Integrated,Intel,1.1 GHz,5.0,389.99,$,1152.0
hp,,14.0,Rose Gold,64 GB,Celeron N4000,16,Windows 11,,Integrated,Intel,1.1 GHz,4.7,389.99,$,64.0
hp,,15.0,Black,1000 GB,Pentium N5000,16,Windows 11,,Integrated,Intel,1.1 GHz,4.4,459.99,$,1000.0
dell,Precision 7770 Laptop,17.0,Silver,1000 GB,Core i7,64,Windows 11 Home,Wifi & Bluetooth,Nvidia RTX A3000,,,,3431.25,$,1000.0
dell,Precision 5770 Laptop,17.0,Silver,1000 GB,Core i9,16,Windows 11 Pro,Wifi & Bluetooth,Nvidia RTX A3000,,,,3164.87,$,1000.0
dell,Latitude 5340 Laptop,13.0,Black,256 GB,Core i5,,Windows 11 Pro,,Integrated,Intel Integrated Graphics,3.5 GHz,,1052.58,$,256.0
dell,Vostro 7620 Laptop,16.0,Black,4000 GB,Core i7,40,Windows 11 Home,Wifi & Bluetooth,Nvidia GeForce RTX 3050,,,,1513.5,$,4000.0
dell,Latitude 5530 Laptop,15.0,Black,1000 GB,Core i7,64,Windows 11 Home,Wifi & Bluetooth,Integrated,,,,2617.36,$,1000.0
dell,Precision 7780 Laptop,17.0,Silver,512 GB,Core i7,32,Windows 11 Pro,Wifi & Bluetooth,Nvidia RTX 2000 Ada,,,,2902.9,$,512.0
dell,Latitude 5530 Laptop,15.0,Black,128 GB,Core i7,8,Windows 11 Home,Wifi & Bluetooth,Integrated,,,,2467.69,$,128.0
dell,XPS 9315 2-in-1,13.0,Platinum Silver,512 GB,Core i5,16,Windows 11 Pro,Wifi & Bluetooth,Integrated,,,,1341.66,$,512.0
dell,Vostro 7620 Laptop,16.0,Black,512 GB,Core i7,16,Windows 10 Home,Wifi & Bluetooth,Nvidia GeForce RTX 3050 Ti,,,,1168.52,$,512.0
dell,Inspiron 5620 Laptop,16.0,"Grey, Gray, Platinum Silver",512 GB,Core i7,16,Windows 10 Home,Wifi & Bluetooth,Integrated,,,,961.9,$,512.0
dell,XPS 9530 Laptop,15.0,Platinum Silver,2000 GB,Core i9,64,Windows 11 Home,Wifi & Bluetooth,Nvidia GeForce RTX 4070,,,,3466.81,$,2000.0
hp,,15.0,Silver,1000 GB,Intel Core i5,64,Windows 11 Pro,Backlit Keyboard,Integrated,Intel,,4.5,999.99,$,1000.0
rokc,Ideapad 3,15.0,Gray,1000 GB,Intel Core i5,20,Windows 11,,Integrated,Intel,,,639.99,$,1000.0
dell,Inspiron,16.0,Silver,1000 GB,Intel Core i5,32,Windows 11,,Integrated,Intel,,,899.99,$,1000.0
rokc,,14.0,Blue,1000 GB,Intel Core i7,8,Windows 11,,Integrated,Intel,1.2 GHz,,589.99,$,1000.0
dell,Vostro 7620 Laptop,16.0,Black,2000 GB,Core i7,40,Windows 11 Home,Wifi & Bluetooth,Nvidia GeForce RTX 3050 Ti,,,,1359.21,$,2000.0
dell,Alienware m16 Ryzen Edition Laptop,16.0,Silver,1000 GB,AMD Ryzen 7,64,Windows 11 Home,Wifi & Bluetooth,Nvidia GeForce RTX 4070,,,,2270.21,$,1000.0
dell,Precision 7780 Laptop,17.0,Silver,2000 GB,Core i9,64,Windows 11 Home,Wifi & Bluetooth,Integrated,,,,4779.89,$,2000.0
dell,Vostro 7620 Laptop,16.0,Black,1000 GB,Core i7,24,Windows 11 Home,Wifi & Bluetooth,Nvidia GeForce RTX 3050 Ti,,,,1244.23,$,1000.0
dell,Alienware m18 Laptop,18.0,Black,4000 GB,Core i9,32,Windows 11 Home,Wifi & Bluetooth,Nvidia GeForce RTX 4080,,,,3133.16,$,4000.0
dell,Vostro 7620 Laptop,16.0,Black,512 GB,Core i7,24,Windows 11 Home,Wifi & Bluetooth,Nvidia GeForce RTX 3050,,,,1193.72,$,512.0
dell,Latitude 7440 Laptop,14.0,Black,512 GB,Core i5,16,Windows 11 Pro,Wifi & Bluetooth,Integrated,,,,1230.13,$,512.0
dell,Alienware m16 Laptop,16.0,Black,1000 GB,Core i9,16,Windows 11 Home,Wifi & Bluetooth,Nvidia GeForce RTX 4070,,,,2528.9,$,1000.0
dell,Inspiron 3511 Laptop,15.0,Black,128 GB,Core i5,64,Windows 10 Home,Wifi & Bluetooth,Integrated,,,,736.85,$,128.0
dell,Inspiron 3511 Laptop,15.0,Black,2000 GB,Core i5,32,Windows 10 Home,Wifi & Bluetooth,Integrated,,,,796.78,$,2000.0
dell,Inspiron 3511 Laptop,15.0,Black,2000 GB,Core i5,64,Windows 10 Home,Wifi & Bluetooth,Integrated,,,,822.44,$,2000.0
rokc,,15.0,Blue,1152 GB,Pentium,20,Windows 11,,Integrated,Intel,1.1 GHz,5.0,389.99,$,1152.0
hp,,14.0,Rose Gold,64 GB,Celeron N4000,16,Windows 11,,Integrated,Intel,1.1 GHz,4.7,389.99,$,64.0
hp,,15.0,Black,1000 GB,Pentium N5000,16,Windows 11,,Integrated,Intel,1.1 GHz,4.4,459.99,$,1000.0
dell,Inspiron 3511 Laptop,15.0,Black,256 GB,Core i5,32,Windows 10 Home,Wifi & Bluetooth,Integrated,,,,673.09,$,256.0
dell,Inspiron 3511 Laptop,15.0,Black,512 GB,Core i5,32,Windows 10 Home,Wifi & Bluetooth,Integrated,,,,689.33,$,512.0
dell,Inspiron 3502 Laptop,15.0,Black,128 GB,Celeron,16,Windows 11 Home,Wifi & Bluetooth,Integrated,,,,903.92,$,128.0
dell,Inspiron 3511 Laptop,15.0,Black,8000 GB,Core i5,16,Windows 10 Home,Wifi & Bluetooth,Integrated,,,,1815.25,$,8000.0
dell,XPS 9510 Laptop,15.0,Platinum Silver,2000 GB,Core i9,64,Windows 10 Home,Wifi & Bluetooth,Nvidia GeForce RTX 3050 Ti,,,,3402.13,$,2000.0
dell,Latitude 5520 Laptop,15.0,Black,1000 GB,Core i5,32,Windows 11 Home,Wifi & Bluetooth,Integrated,,,,1902.99,$,1000.0
dell,Latitude 5520 Laptop,15.0,Black,2000 GB,Core i7,16,Windows 10 Home,Wifi & Bluetooth,Integrated,,,,1823.99,$,2000.0
dell,Inspiron 3511 Laptop,15.0,Black,2000 GB,Core i5,16,Windows 10 Home,Wifi & Bluetooth,Integrated,,,,715.58,$,2000.0
dell,Vostro 3510 Laptop,15.0,Black,512 GB,Core i7,8,Windows 10 Home,Wifi & Bluetooth,Integrated,,,,928.99,$,512.0
dell,Inspiron 5410 2-in-1,14.0,"Grey, Platinum Silver",1000 GB,Core i5,8,Windows 10 Home,Wifi & Bluetooth,Integrated,,,,841.21,$,1000.0
dell,Latitude 5520 Laptop,15.0,Black,8000 GB,Core i7,16,Windows 10 Home,Wifi & Bluetooth,Integrated,,,,2956.99,$,8000.0
hp,,15.0,Silver,1000 GB,Intel Core i5,64,Windows 11 Pro,Backlit Keyboard,Integrated,Intel,,4.5,999.99,$,1000.0
rokc,Ideapad 3,15.0,Gray,1000 GB,Intel Core i5,20,Windows 11,,Integrated,Intel,,,639.99,$,1000.0
dell,Inspiron,16.0,Silver,1000 GB,Intel Core i5,32,Windows 11,,Integrated,Intel,,,899.99,$,1000.0
rokc,,14.0,Blue,1000 GB,Intel Core i7,8,Windows 11,,Integrated,Intel,1.2 GHz,,589.99,$,1000.0
dell,Latitude 5520 Laptop,15.0,Black,512 GB,Core i7,64,Windows 11 Home,Wifi & Bluetooth,Integrated,,,,2567.99,$,512.0
dell,Inspiron 3511 Laptop,15.0,Black,2000 GB,Core i5,64,Windows 10 Home,Wifi & Bluetooth,Integrated,,,,814.33,$,2000.0
dell,Inspiron 3511 Laptop,15.0,Black,2000 GB,Core i5,8,Windows 10 Home,Wifi & Bluetooth,Integrated,,,,694.33,$,2000.0
dell,XPS 9510 Laptop,15.0,Platinum Silver,8000 GB,Core i9,32,Windows 11 Home,Wifi & Bluetooth,Nvidia GeForce GTX 1650 Ti,,,,4399.64,$,8000.0
dell,Latitude 3520 Laptop,15.0,Black,1000 GB,Core i5,16,Windows 11 Home,Wifi & Bluetooth,Integrated,,,,948.19,$,1000.0
dell,Latitude 5521 Laptop,15.0,Black,256 GB,Core i5,16,Windows 10 Home,Wifi & Bluetooth,Integrated,,,,1623.99,$,256.0
dell,Latitude 5420 Laptop,14.0,Black,512 GB,Core i5,16,Windows 10 Home,Wifi & Bluetooth,Integrated,,,,1186.99,$,512.0
dell,Inspiron 3511 Laptop,15.0,Black,256 GB,Core i5,16,Windows 10 Home,Wifi & Bluetooth,Integrated,,,,645.61,$,256.0
dell,Latitude 5420 Laptop,14.0,Black,2000 GB,Core i5,16,Windows 10 Home,Wifi & Bluetooth,Integrated,,,,1290.99,$,2000.0
rokc,,15.0,Blue,1152 GB,Pentium,20,Windows 11,,Integrated,Intel,1.1 GHz,5.0,389.99,$,1152.0
hp,,14.0,Rose Gold,64 GB,Celeron N4000,16,Windows 11,,Integrated,Intel,1.1 GHz,4.7,389.99,$,64.0
hp,,15.0,Black,1000 GB,Pentium N5000,16,Windows 11,,Integrated,Intel,1.1 GHz,4.4,459.99,$,1000.0
dell,Latitude 5520 Laptop,15.0,Black,1000 GB,Core i5,32,Windows 11 Home,Wifi & Bluetooth,Integrated,,,,1806.99,$,1000.0
dell,Inspiron 3511 Laptop,15.0,Black,512 GB,Core i5,64,Windows 10 Home,Wifi & Bluetooth,Integrated,,,,715.99,$,512.0
dell,Latitude 5520 Laptop,15.0,Black,512 GB,Core i7,16,Windows 11 Home,Wifi & Bluetooth,Integrated,,,,1763.99,$,512.0
dell,XPS 15,15.0,Platinum Silver,4 TB,Core i7 Family,64,Windows 10 Home,"Fingerprint Reader, HD Audio, Backlit Keyboard, Anti Glare Coating, Memory Card Slot",Dedicated,,,,2109.99,$,4096.0
dell,Inspiron 3511 Laptop,15.0,Black,4000 GB,Core i5,8,Windows 10 Home,Wifi & Bluetooth,Integrated,,,,910.99,$,4000.0
dell,Latitude 5520 Laptop,15.0,Black,512 GB,Core i5,16,Windows 10 Home,Wifi & Bluetooth,Integrated,,,,1770.99,$,512.0
dell,Inspiron 3511 Laptop,15.0,Black,128 GB,Core i5,16,Windows 10 Home,Wifi & Bluetooth,Integrated,,,,634.37,$,128.0
dell,Latitude 7420 2-in-1,14.0,Black,256 GB,Core i5,16,Windows 10 Home,Wifi & Bluetooth,Integrated,,,,1733.99,$,256.0
dell,Latitude 5520 Laptop,15.0,Black,256 GB,Core i7,8,Windows 11 Home,Wifi & Bluetooth,Integrated,,,,2337.99,$,256.0
dell,Inspiron 3511 Laptop,15.0,Black,4000 GB,Core i5,16,Windows 10 Home,Wifi & Bluetooth,Integrated,,,,926.65,$,4000.0
dell,Latitude 3520 Laptop,15.0,,2000 GB,Core i5,,Windows 10 Home,,,,,,999.99,$,2000.0
dell,Latitude 5520 Laptop,15.0,Black,512 GB,Core i7,16,Windows 10 Home,Wifi & Bluetooth,Integrated,,,,1715.99,$,512.0
hp,,15.0,Silver,1000 GB,Intel Core i5,64,Windows 11 Pro,Backlit Keyboard,Integrated,Intel,,4.5,999.99,$,1000.0
rokc,Ideapad 3,15.0,Gray,1000 GB,Intel Core i5,20,Windows 11,,Integrated,Intel,,,639.99,$,1000.0
dell,Inspiron,16.0,Silver,1000 GB,Intel Core i5,32,Windows 11,,Integrated,Intel,,,899.99,$,1000.0
rokc,,14.0,Blue,1000 GB,Intel Core i7,8,Windows 11,,Integrated,Intel,1.2 GHz,,589.99,$,1000.0
dell,Latitude 3520 Laptop,15.0,Black,8000 GB,Core i5,64,Windows 11 Home,Wifi & Bluetooth,Integrated,,,,2020.26,$,8000.0
dell,Latitude 3420 Laptop,14.0,Black,512 GB,Core i5,8,Windows 10 Pro,Wifi & Bluetooth,Integrated,,,,1620.93,$,512.0
dell,Latitude 5420 Laptop,14.0,Black,512 GB,Core i7,32,Windows 10 Home,Wifi & Bluetooth,Integrated,,,,2301.99,$,512.0
dell,Inspiron 3501 Laptop,15.0,Black,256 GB,Core i5,8,Windows 11 Home,Wifi & Bluetooth,Integrated,,,,595.35,$,256.0
dell,Latitude 5520 Laptop,15.0,Black,512 GB,Core i7,32,Windows 10 Home,Wifi & Bluetooth,Integrated,,,,1764.99,$,512.0
dell,Latitude 5520 Laptop,15.0,Black,4000 GB,Core i7,64,Windows 11 Home,Wifi & Bluetooth,Integrated,,,,2230.99,$,4000.0
dell,Latitude 5520 Laptop,15.0,Black,512 GB,Core i7,64,Windows 11 Home,Wifi & Bluetooth,Integrated,,,,1885.99,$,512.0
dell,Inspiron 3511 Laptop,15.0,Black,6000 GB,Core i5,64,Windows 10 Home,Wifi & Bluetooth,Integrated,,,,1790.48,$,6000.0
dell,Inspiron 3511 Laptop,15.0,Black,2000 GB,Core i5,16,Windows 10 Home,Wifi & Bluetooth,Integrated,,,,755.61,$,2000.0
dell,Latitude 5520 Laptop,15.0,Black,2000 GB,Core i7,32,Windows 11 Home,Wifi & Bluetooth,Integrated,,,,2020.99,$,2000.0
dell,Latitude 3520 Laptop,15.0,Black,256 GB,Core i5,16,Windows 10 Home,Wifi & Bluetooth,Integrated,,,,878.37,$,256.0
dell,Latitude 3420 Laptop,14.0,Black,512 GB,Core i7,8,Windows 10 Home,Wifi & Bluetooth,Integrated,,,,807.99,$,512.0
rokc,,15.0,Blue,1152 GB,Pentium,20,Windows 11,,Integrated,Intel,1.1 GHz,5.0,389.99,$,1152.0
hp,,14.0,Rose Gold,64 GB,Celeron N4000,16,Windows 11,,Integrated,Intel,1.1 GHz,4.7,389.99,$,64.0
hp,,15.0,Black,1000 GB,Pentium N5000,16,Windows 11,,Integrated,Intel,1.1 GHz,4.4,459.99,$,1000.0
dell,Latitude 3520 Laptop,15.0,Black,8000 GB,Core i5,64,Windows 10 Home,Wifi & Bluetooth,Integrated,,,,2025.89,$,8000.0
dell,Latitude 3420 Laptop,14.0,Black,512 GB,Core i7,8,Windows 11 Home,Wifi & Bluetooth,Integrated,,,,801.99,$,512.0
dell,Latitude 3420 Laptop,14.0,Black,512 GB,Core i7,16,Windows 10 Home,Wifi & Bluetooth,Integrated,,,,807.99,$,512.0
dell,Latitude 5320 2-in-1,13.0,Black,1000 GB,Core i7,32,Windows 10 Home,Wifi & Bluetooth,Integrated,,,,1670.99,$,1000.0
dell,Latitude 5520 Laptop,15.0,Black,2000 GB,Core i7,32,Windows 11 Home,Wifi & Bluetooth,Integrated,,,,2547.99,$,2000.0
dell,Latitude 3420 Laptop,14.0,Black,256 GB,Core i7,32,Windows 10 Home,Wifi & Bluetooth,Integrated,,,,1015.99,$,256.0
dell,Inspiron 3511 Laptop,15.0,Black,4000 GB,Core i5,8,Windows 10 Home,Wifi & Bluetooth,Integrated,,,,911.74,$,4000.0
dell,Latitude 3520 Laptop,15.0,Black,512 GB,Core i5,32,Windows 10 Home,Wifi & Bluetooth,Integrated,,,,959.45,$,512.0
dell,Inspiron 3511 Laptop,15.0,Black,512 GB,Core i5,64,Windows 10 Home,Wifi & Bluetooth,Integrated,,,,763.99,$,512.0
dell,Latitude 5520 Laptop,15.0,Black,512 GB,Core i5,32,Windows 11 Home,Wifi & Bluetooth,Integrated,,,,1811.99,$,512.0
dell,Inspiron 3511 Laptop,15.0,Black,2000 GB,Core i5,64,Windows 10 Home,Wifi & Bluetooth,Integrated,,,,865.7,$,2000.0
dell,Inspiron 3511 Laptop,15.0,Black,8000 GB,Core i5,32,Windows 10 Home,Wifi & Bluetooth,Integrated,,,,1847.31,$,8000.0
hp,,15.0,Silver,1000 GB,Intel Core i5,64,Windows 11 Pro,Backlit Keyboard,Integrated,Intel,,4.5,999.99,$,1000.0
rokc,,14.0,Blue,1000 GB,Intel Core i7,8,Windows 11,,Integrated,Intel,1.2 GHz,,589.99,$,1000.0
dell,Latitude 5520 Laptop,15.0,Black,2000 GB,Core i7,16,Windows 11 Home,Wifi & Bluetooth,Integrated,,,,1816.99,$,2000.0
dell,Latitude 5420 Laptop,14.0,Black,1000 GB,Core i5,16,Windows 11 Home,Wifi & Bluetooth,Integrated,,,,834.99,$,1000.0
dell,Latitude 3520 Laptop,15.0,Black,2000 GB,Core i5,32,Windows 10 Home,Wifi & Bluetooth,Integrated,,,,1038.28,$,2000.0
dell,Latitude 3520 Laptop,15.0,Black,8000 GB,Core i5,32,Windows 11 Home,Wifi & Bluetooth,Integrated,,,,1920.04,$,8000.0
dell,Latitude 9420 Laptop,14.0,Black,1000 GB,Core i7,32,Windows 10 Home,Wifi & Bluetooth,Integrated,,,,1515.99,$,1000.0
dell,Latitude 5520 Laptop,15.0,Black,8000 GB,Core i7,32,Windows 10 Home,Wifi & Bluetooth,Integrated,,,,3004.99,$,8000.0
dell,Inspiron 3511 Laptop,15.0,Black,512 GB,Core i5,32,Windows 10 Home,Wifi & Bluetooth,Integrated,,,,689.33,$,512.0
dell,Vostro 3510 Laptop,15.0,Black,1000 GB,Core i7,32,Windows 11 Home,Wifi & Bluetooth,Integrated,,,,993.99,$,1000.0
dell,Inspiron 3511 Laptop,15.0,Black,6000 GB,Core i5,32,Windows 10 Home,Wifi & Bluetooth,Integrated,,,,1703.28,$,6000.0
dell,Inspiron 3511 Laptop,15.0,Black,2000 GB,Core i5,16,Windows 10 Home,Wifi & Bluetooth,Integrated,,,,767.11,$,2000.0
dell,Vostro 3510 Laptop,15.0,Black,1000 GB,Core i5,32,Windows 10 Home,Wifi & Bluetooth,Integrated,,,,827.99,$,1000.0
dell,Latitude 3420 Laptop,14.0,Black,2000 GB,Core i7,8,Windows 11 Home,Wifi & Bluetooth,Integrated,,,,880.99,$,2000.0
rokc,,15.0,Blue,1152 GB,Pentium,20,Windows 11,,Integrated,Intel,1.1 GHz,5.0,389.99,$,1152.0
hp,,14.0,Rose Gold,64 GB,Celeron N4000,16,Windows 11,,Integrated,Intel,1.1 GHz,4.7,389.99,$,64.0
hp,,15.0,Black,1000 GB,Pentium N5000,16,Windows 11,,Integrated,Intel,1.1 GHz,4.4,459.99,$,1000.0
dell,Latitude 5520 Laptop,15.0,Black,8000 GB,Core i7,16,Windows 11 Home,Wifi & Bluetooth,Integrated,,,,2948.99,$,8000.0
rokc,,14.0,Blue,1000 GB,Intel Core i7,8,Windows 11,,Integrated,Intel,1.2 GHz,,589.99,$,1000.0
dell,Latitude 5520 Laptop,15.0,Black,4000 GB,Core i7,16,Windows 11 Home,Wifi & Bluetooth,Integrated,,,,2445.99,$,4000.0
dell,Inspiron 3511 Laptop,15.0,Black,500 GB,Core i5,16,Windows 10 Home,Wifi & Bluetooth,Integrated,,,,619.39,$,500.0
dell,Latitude 5420 Laptop,14.0,Black,2000 GB,Core i7,32,Windows 10 Home,Wifi & Bluetooth,Integrated,,,,1137.99,$,2000.0
dell,Latitude 5520 Laptop,15.0,Black,4000 GB,Core i7,32,Windows 11 Home,Wifi & Bluetooth,Integrated,,,,2494.99,$,4000.0
dell,Latitude 3520 Laptop,15.0,Black,512 GB,Core i7,16,Windows 11 Home,Wifi & Bluetooth,Nvidia GeForce MX250,,,,1015.99,$,512.0
dell,Latitude 5520 Laptop,15.0,Black,512 GB,Core i7,32,Windows 10 Home,Wifi & Bluetooth,Integrated,,,,1819.99,$,512.0
lenovo,IdeaPad 3 81X7,14.0,Platinum Grey,2 TB,Core i3 Family,4,Windows 10 Pro,"HD Audio, Anti Glare Coating, Memory Card Slot",Integrated,,,,679.99,$,2048.0
dell,Latitude 5520 Laptop,15.0,Black,2000 GB,Core i5,32,Windows 10 Home,Wifi & Bluetooth,Integrated,,,,1872.99,$,2000.0
dell,Inspiron 3511 Laptop,15.0,Black,256 GB,Core i5,8,Windows 10 Home,Wifi & Bluetooth,Integrated,,,,573.24,$,256.0
dell,Latitude 5420 Laptop,14.0,Black,256 GB,Core i7,32,Windows 11 Home,Wifi & Bluetooth,Integrated,,,,1011.25,$,256.0
dell,Alienware m15 R5 Ryzen Edition Laptop,15.0,Dark Side of the Moon,512 GB,AMD Ryzen 7,32,Windows 10 Home,Wifi & Bluetooth,Nvidia GeForce RTX 3070,,,,2128.99,$,512.0
rokc,,15.0,Blue,1152 GB,Pentium,20,Windows 11,,Integrated,Intel,1.1 GHz,5.0,389.99,$,1152.0
hp,,14.0,Rose Gold,64 GB,Celeron N4000,16,Windows 11,,Integrated,Intel,1.1 GHz,4.7,389.99,$,64.0
hp,,15.0,Black,1000 GB,Pentium N5000,16,Windows 11,,Integrated,Intel,1.1 GHz,4.4,459.99,$,1000.0
dell,Latitude 3420 Laptop,14.0,Black,512 GB,Core i5,16,Windows 10 Pro,Wifi & Bluetooth,Integrated,,,,807.99,$,512.0
dell,Latitude 3420 Laptop,14.0,Black,256 GB,Core i7,32,Windows 11 Home,Wifi & Bluetooth,Integrated,,,,1011.25,$,256.0
dell,Latitude 3520 Laptop,15.0,Black,4000 GB,Core i5,64,Windows 10 Home,Wifi & Bluetooth,Integrated,,,,1324.31,$,4000.0
dell,Latitude 5520 Laptop,15.0,Black,256 GB,Core i5,8,Windows 11 Home,Wifi & Bluetooth,Integrated,,,,844.58,$,256.0
rokc,,14.0,Blue,1000 GB,Intel Core i7,8,Windows 11,,Integrated,Intel,1.2 GHz,,589.99,$,1000.0
dell,Inspiron 3511 Laptop,15.0,Black,256 GB,Core i5,64,Windows 10 Home,Wifi & Bluetooth,Integrated,,,,736.85,$,256.0
dell,Latitude 3520 Laptop,15.0,Black,512 GB,Core i7,4,Windows 11 Pro,Wifi & Bluetooth,Integrated,,,,1574.99,$,512.0
dell,Inspiron 3511 Laptop,15.0,Black,4000 GB,Core i5,64,Windows 11 Home,Wifi & Bluetooth,Integrated,,,,1031.24,$,4000.0
dell,Latitude 5520 Laptop,15.0,Black,1000 GB,Core i5,16,Windows 10 Home,Wifi & Bluetooth,Integrated,,,,1860.99,$,1000.0
dell,Latitude 5520 Laptop,15.0,Black,2000 GB,Core i7,64,Windows 11 Home,Wifi & Bluetooth,Integrated,,,,1993.99,$,2000.0
dell,Latitude 3420 Laptop,14.0,Black,1000 GB,Core i5,16,Windows 11 Home,Wifi & Bluetooth,Nvidia GeForce MX250,,,,969.99,$,1000.0
dell,Latitude 5520 Laptop,15.0,Black,1000 GB,Core i5,8,Windows 11 Home,Wifi & Bluetooth,Integrated,,,,931.3,$,1000.0
dell,Vostro 3510 Laptop,15.0,Black,1000 GB,Core i5,32,Windows 11 Home,Wifi & Bluetooth,Integrated,,,,820.99,$,1000.0
dell,Latitude 3520 Laptop,15.0,Black,2000 GB,Core i5,8,Windows 11 Home,Wifi & Bluetooth,Integrated,,,,977.47,$,2000.0
dell,Inspiron 3511 Laptop,15.0,Black,2000 GB,Core i5,32,Windows 10 Home,Wifi & Bluetooth,Integrated,,,,742.99,$,2000.0
dell,Latitude 5320 Laptop,13.0,Black,1000 GB,Core i5,8,Windows 10 Home,Wifi & Bluetooth,Integrated,,,,803.99,$,1000.0
dell,Latitude 3520 Laptop,15.0,Black,8000 GB,Core i5,64,Windows 11 Home,Wifi & Bluetooth,Integrated,,,,2020.26,$,8000.0
rokc,,15.0,Blue,1152 GB,Pentium,20,Windows 11,,Integrated,Intel,1.1 GHz,5.0,389.99,$,1152.0
hp,,14.0,Rose Gold,64 GB,Celeron N4000,16,Windows 11,,Integrated,Intel,1.1 GHz,4.7,389.99,$,64.0
hp,,15.0,Black,1000 GB,Pentium N5000,16,Windows 11,,Integrated,Intel,1.1 GHz,4.4,459.99,$,1000.0
dell,Latitude 3420 Laptop,14.0,Black,1000 GB,Core i7,32,Windows 10 Home,Wifi & Bluetooth,Integrated,,,,1091.99,$,1000.0
dell,Latitude 5420 Laptop,14.0,Black,1000 GB,Core i5,16,Windows 10 Home,Wifi & Bluetooth,Integrated,,,,1229.99,$,1000.0
dell,Latitude 5520 Laptop,15.0,Black,512 GB,Core i7,32,Windows 10 Home,Wifi & Bluetooth,Integrated,,,,2446.99,$,512.0
dell,Latitude 9420 2-in-1,14.0,Black,256 GB,Core i7,16,Windows 10 Home,Wifi & Bluetooth,Integrated,,,,3458.99,$,256.0
dell,Latitude 5520 Laptop,15.0,Black,1000 GB,Core i7,16,Windows 11 Home,Wifi & Bluetooth,Integrated,,,,2439.99,$,1000.0
dell,Inspiron 3511 Laptop,15.0,Black,2000 GB,Core i5,64,Windows 10 Home,Wifi & Bluetooth,Integrated,,,,877.88,$,2000.0
dell,Latitude 5520 Laptop,15.0,Black,512 GB,Core i7,16,Windows 11 Home,Wifi & Bluetooth,Integrated,,,,1672.99,$,512.0
dell,Latitude 5520 Laptop,15.0,Black,1000 GB,Core i5,16,Windows 10 Home,Wifi & Bluetooth,Integrated,,,,953.82,$,1000.0
dell,Latitude 7320 Laptop,13.0,Black,2000 GB,Core i7,16,Windows 11 Home,Wifi & Bluetooth,Integrated,,,,880.99,$,2000.0
dell,Inspiron 3511 Laptop,15.0,Black,512 GB,Core i5,64,Windows 10 Home,Wifi & Bluetooth,Integrated,,,,776.54,$,512.0
dell,G16 7620 Laptop,16.0,Black,2000 GB,Core i7,48,Windows 11 Pro,Wifi & Bluetooth,Nvidia GeForce RTX 3060,,,,1419.99,$,2000.0
dell,Latitude 5520 Laptop,15.0,Black,2000 GB,Core i5,64,Windows 11 Home,Wifi & Bluetooth,Integrated,,,,1132.87,$,2000.0
hp,,15.0,Silver,1000 GB,Intel Core i5,64,Windows 11 Pro,Backlit Keyboard,Integrated,Intel,,4.5,999.99,$,1000.0
rokc,Ideapad 3,15.0,Gray,1000 GB,Intel Core i5,20,Windows 11,,Integrated,Intel,,,639.99,$,1000.0
dell,Inspiron,16.0,Silver,1000 GB,Intel Core i5,32,Windows 11,,Integrated,Intel,,,899.99,$,1000.0
rokc,,14.0,Blue,1000 GB,Intel Core i7,8,Windows 11,,Integrated,Intel,1.2 GHz,,589.99,$,1000.0
dell,Latitude 3520 Laptop,15.0,,512 GB,Core i5,,Windows 11 Home,,,,,,898.64,$,512.0
dell,Latitude 3420 Laptop,14.0,Black,256 GB,Core i5,16,Windows 10 Home,Wifi & Bluetooth,Integrated,,,,764.99,$,256.0
dell,Latitude 5320 Laptop,13.0,Black,256 GB,Core i5,16,Windows 11 Home,Wifi & Bluetooth,Integrated,,,,839.99,$,256.0
dell,Latitude 5520 Laptop,15.0,Black,128 GB,Core i5,16,Windows 10 Home,Wifi & Bluetooth,Integrated,,,,878.37,$,128.0
dell,Inspiron 3511 Laptop,15.0,Black,2000 GB,Core i5,64,Windows 10 Home,Wifi & Bluetooth,Integrated,,,,876.99,$,2000.0
dell,Latitude 5520 Laptop,15.0,Black,1000 GB,Core i7,16,Windows 11 Home,Wifi & Bluetooth,Integrated,,,,2439.99,$,1000.0
dell,Latitude 3520 Laptop,15.0,Black,8000 GB,Core i7,64,Windows 11 Home,Wifi & Bluetooth,Integrated,,,,3021.99,$,8000.0
dell,Latitude 5520 Laptop,15.0,Black,256 GB,Core i7,8,Windows 11 Home,Wifi & Bluetooth,Integrated,,,,1655.99,$,256.0
dell,Inspiron 3511 Laptop,15.0,Black,1000 GB,Core i5,64,Windows 10 Home,Wifi & Bluetooth,Integrated,,,,810.28,$,1000.0
dell,Inspiron 3511 Laptop,15.0,Black,512 GB,Core i5,8,Windows 10 Home,Wifi & Bluetooth,Integrated,,,,600.68,$,512.0
dell,Latitude 5520 Laptop,15.0,Black,512 GB,Core i5,16,Windows 11 Home,Wifi & Bluetooth,Integrated,,,,915.52,$,512.0
rokc,,15.0,Blue,1152 GB,Pentium,20,Windows 11,,Integrated,Intel,1.1 GHz,5.0,389.99,$,1152.0
hp,,14.0,Rose Gold,64 GB,Celeron N4000,16,Windows 11,,Integrated,Intel,1.1 GHz,4.7,389.99,$,64.0
hp,,15.0,Black,1000 GB,Pentium N5000,16,Windows 11,,Integrated,Intel,1.1 GHz,4.4,459.99,$,1000.0
dell,Inspiron 3511 Laptop,15.0,Black,512 GB,Core i5,64,Windows 10 Home,Wifi & Bluetooth,Integrated,,,,716.83,$,512.0
dell,Latitude 3520 Laptop,15.0,Black,4000 GB,Core i7,64,Windows 11 Home,Wifi & Bluetooth,Integrated,,,,2126.99,$,4000.0
dell,Latitude 3520 Laptop,15.0,Black,256 GB,Core i7,32,Windows 11 Home,Wifi & Bluetooth,Integrated,,,,1605.99,$,256.0
dell,Latitude 3520 Laptop,15.0,Black,4000 GB,Core i5,16,Windows 11 Home,Wifi & Bluetooth,Integrated,,,,1180.17,$,4000.0
dell,Latitude 7520 Laptop,15.0,Black,512 GB,Core i7,16,Windows 10 Home,Wifi & Bluetooth,Integrated,,,,1102.99,$,512.0
dell,Inspiron 3511 Laptop,15.0,Black,512 GB,Core i5,8,Windows 10 Home,Wifi & Bluetooth,Integrated,,,,658.99,$,512.0
dell,Latitude 3520 Laptop,15.0,Black,4000 GB,Core i5,64,Windows 10 Home,Wifi & Bluetooth,Integrated,,,,1324.31,$,4000.0
dell,Inspiron 3511 Laptop,15.0,Black,512 GB,Core i5,32,Windows 10 Home,Wifi & Bluetooth,Integrated,,,,700.58,$,512.0
dell,Latitude 5521 Laptop,15.0,Black,512 GB,Core i5,32,Windows 11 Home,Wifi & Bluetooth,Integrated,,,,1703.99,$,512.0
dell,Latitude 7320 Laptop,13.0,Black,1000 GB,Core i7,16,Windows 11 Home,Wifi & Bluetooth,Integrated,,,,834.99,$,1000.0
dell,Inspiron 7415 2-in-1,14.0,Grey,256 GB,AMD Ryzen 7,12,Windows 11 Home,Wifi & Bluetooth,AMD Integrated Graphics,,,,602.47,$,256.0
hp,,15.0,Silver,1000 GB,Intel Core i5,64,Windows 11 Pro,Backlit Keyboard,Integrated,Intel,,4.5,999.99,$,1000.0
rokc,Ideapad 3,15.0,Gray,1000 GB,Intel Core i5,20,Windows 11,,Integrated,Intel,,,639.99,$,1000.0
dell,Inspiron,16.0,Silver,1000 GB,Intel Core i5,32,Windows 11,,Integrated,Intel,,,899.99,$,1000.0
rokc,,14.0,Blue,1000 GB,Intel Core i7,8,Windows 11,,Integrated,Intel,1.2 GHz,,589.99,$,1000.0
dell,Inspiron 3511 Laptop,15.0,Black,512 GB,Core i5,16,Windows 10 Home,Wifi & Bluetooth,Integrated,,,,613.99,$,512.0
dell,Latitude 5320 2-in-1,13.0,Black,256 GB,Core i5,8,Windows 10 Home,Wifi & Bluetooth,Integrated,,,,595.99,$,256.0
dell,Latitude 3520 Laptop,15.0,Black,2000 GB,Core i5,32,Windows 11 Home,Wifi & Bluetooth,Integrated,,,,1032.65,$,2000.0
dell,Latitude 5520 Laptop,15.0,Black,256 GB,Core i5,16,Windows 10 Home,Wifi & Bluetooth,Integrated,,,,878.37,$,256.0
dell,Latitude 5420 Laptop,14.0,Black,1000 GB,Core i5,16,Windows 10 Home,Wifi & Bluetooth,Integrated,,,,840.99,$,1000.0
dell,Latitude 3420 Laptop,14.0,Black,512 GB,Core i5,16,Windows 11 Home,Wifi & Bluetooth,Integrated,,,,801.99,$,512.0
dell,Latitude 7420 Laptop,14.0,Black,2000 GB,Core i7,16,Windows 10 Home,Wifi & Bluetooth,Integrated,,,,886.99,$,2000.0
dell,Latitude 5420 Laptop,14.0,Black,256 GB,Core i5,8,Windows 10 Home,Wifi & Bluetooth,Integrated,,,,1122.99,$,256.0
dell,Latitude 5420 Laptop,14.0,Black,512 GB,Core i5,16,Windows 11 Home,Wifi & Bluetooth,Integrated,,,,1179.99,$,512.0
dell,Latitude 3520 Laptop,15.0,Black,8000 GB,Core i5,32,Windows 10 Home,Wifi & Bluetooth,Integrated,,,,1925.66,$,8000.0
dell,Inspiron 3511 Laptop,15.0,Black,256 GB,Core i5,32,Windows 10 Home,Wifi & Bluetooth,Integrated,,,,614.4,$,256.0
rokc,,15.0,Blue,1152 GB,Pentium,20,Windows 11,,Integrated,Intel,1.1 GHz,5.0,389.99,$,1152.0
hp,,14.0,Rose Gold,64 GB,Celeron N4000,16,Windows 11,,Integrated,Intel,1.1 GHz,4.7,389.99,$,64.0
hp,,15.0,Black,1000 GB,Pentium N5000,16,Windows 11,,Integrated,Intel,1.1 GHz,4.4,459.99,$,1000.0
dell,Latitude 5420 Laptop,14.0,Black,256 GB,Core i5,8,Windows 10 Home,Wifi & Bluetooth,Integrated,,,,765.75,$,256.0
dell,Latitude 5320 Laptop,13.0,Black,256 GB,Core i5,8,Windows 10 Home,Wifi & Bluetooth,Integrated,,,,739.99,$,256.0
dell,Latitude 5320 Laptop,13.0,Black,512 GB,Core i5,16,Windows 11 Home,Wifi & Bluetooth,Integrated,,,,900.89,$,512.0
dell,Latitude 3520 Laptop,15.0,Black,256 GB,Core i5,32,Windows 10 Home,Wifi & Bluetooth,Integrated,,,,916.66,$,256.0
dell,Vostro 3510 Laptop,15.0,Black,512 GB,Core i7,16,Windows 11 Home,Wifi & Bluetooth,Integrated,,,,923.99,$,512.0
dell,Latitude 5520 Laptop,15.0,Black,512 GB,Core i5,16,Windows 10 Home,Wifi & Bluetooth,Integrated,,,,921.16,$,512.0
dell,Latitude 5520 Laptop,15.0,Black,256 GB,Core i5,16,Windows 11 Home,Wifi & Bluetooth,Integrated,,,,844.58,$,256.0
hp,HP Pavilion 15T-EG300,15.0,Natural Silver,512 GB,Core i7 Family,16,Windows 11 Home,"Fingerprint Reader, HD Audio, Backlit Keyboard, Numeric Keypad",Integrated,,,,1049.0,$,512.0
dell,Inspiron 3511 Laptop,15.0,Black,512 GB,Core i5,32,Windows 10 Home,Wifi & Bluetooth,Integrated,,,,688.99,$,512.0
dell,Latitude 7420 Laptop,14.0,,256 GB,Core i7,,Windows 10 Home,,,,,,764.99,$,256.0
dell,Latitude 3520 Laptop,15.0,Black,4000 GB,Core i7,32,Windows 10 Home,Wifi & Bluetooth,Integrated,,,,2005.99,$,4000.0
hp,,15.0,Silver,1000 GB,Intel Core i5,64,Windows 11 Pro,Backlit Keyboard,Integrated,Intel,,4.5,999.99,$,1000.0
rokc,Ideapad 3,15.0,Gray,1000 GB,Intel Core i5,20,Windows 11,,Integrated,Intel,,,639.99,$,1000.0
dell,Inspiron,16.0,Silver,1000 GB,Intel Core i5,32,Windows 11,,Integrated,Intel,,,899.99,$,1000.0
rokc,,14.0,Blue,1000 GB,Intel Core i7,8,Windows 11,,Integrated,Intel,1.2 GHz,,589.99,$,1000.0
dell,Inspiron 3511 Laptop,15.0,Black,512 GB,Core i5,64,Windows 10 Home,Wifi & Bluetooth,Integrated,,,,775.99,$,512.0
dell,Latitude 7420 Laptop,14.0,Black,2000 GB,Core i7,16,Windows 11 Home,Wifi & Bluetooth,Integrated,,,,880.99,$,2000.0
dell,XPS 9510 Laptop,15.0,Platinum Silver,512 GB,Core i7,32,Windows 10 Home,Wifi & Bluetooth,Nvidia GeForce RTX 3050 Ti,,,,2860.99,$,512.0
dell,Latitude 5320 2-in-1,13.0,Black,256 GB,Core i3,8,Windows 11 Home,Wifi & Bluetooth,Integrated,,,,576.99,$,256.0
dell,Latitude 5520 Laptop,15.0,Black,512 GB,Core i5,4,Windows 11 Home,Wifi & Bluetooth,Integrated,,,,891.88,$,512.0
dell,Inspiron 3511 Laptop,15.0,Black,2000 GB,Core i5,16,Windows 10 Home,Wifi & Bluetooth,Integrated,,,,755.61,$,2000.0
dell,Vostro 3510 Laptop,15.0,Black,2000 GB,Core i5,32,Windows 11 Home,Wifi & Bluetooth,Integrated,,,,877.99,$,2000.0
dell,XPS 9510 Laptop,15.0,Platinum Silver,8000 GB,Core i7,16,Windows 10 Home,Wifi & Bluetooth,Nvidia GeForce RTX 3050 Ti,,,,4000.07,$,8000.0
dell,Inspiron 3511 Laptop,15.0,Black,256 GB,Core i5,64,Windows 10 Home,Wifi & Bluetooth,Integrated,,,,735.99,$,256.0
dell,Precision 5760 Laptop,17.0,Silver,512 GB,Core i5,16,Windows 11 Pro,Wifi & Bluetooth,Nvidia RTX A2000,,,,2501.99,$,512.0
dell,Inspiron 3511 Laptop,15.0,Black,2000 GB,Core i5,64,Windows 10 Home,Wifi & Bluetooth,Integrated,,,,876.99,$,2000.0
rokc,,15.0,Blue,1152 GB,Pentium,20,Windows 11,,Integrated,Intel,1.1 GHz,5.0,389.99,$,1152.0
hp,,14.0,Rose Gold,64 GB,Celeron N4000,16,Windows 11,,Integrated,Intel,1.1 GHz,4.7,389.99,$,64.0
hp,,15.0,Black,1000 GB,Pentium N5000,16,Windows 11,,Integrated,Intel,1.1 GHz,4.4,459.99,$,1000.0
dell,Inspiron 16 5620,16.0,Platinum Silver,1 TB,Core i7 Family,16,Windows 11 Home,"Fingerprint Reader, HD Audio, Backlit Keyboard, Anti Glare Coating, Memory Card Slot",Dedicated,,,,1459.0,$,1024.0
dell,Latitude 5320 Laptop,13.0,Black,512 GB,Core i5,16,Windows 11 Home,Wifi & Bluetooth,Integrated,,,,730.99,$,512.0
dell,Inspiron 3511 Laptop,15.0,Black,128 GB,Core i5,64,Windows 10 Home,Wifi & Bluetooth,Integrated,,,,735.99,$,128.0
dell,Latitude 3520 Laptop,15.0,,512 GB,Core i7,,Windows 10 Home,,,,,,1620.99,$,512.0
dell,Latitude 3520 Laptop,15.0,,2000 GB,Core i5,,Windows 10 Home,,,,,,1038.28,$,2000.0
dell,Inspiron 3511 Laptop,15.0,Black,8000 GB,Core i5,64,Windows 10 Home,Wifi & Bluetooth,Integrated,,,,1933.99,$,8000.0
dell,Latitude 5520 Laptop,15.0,Black,256 GB,Core i7,32,Windows 11 Home,Wifi & Bluetooth,Integrated,,,,2407.99,$,256.0
dell,Latitude 5520 Laptop,15.0,Black,1000 GB,Core i5,64,Windows 10 Home,Wifi & Bluetooth,Integrated,,,,1941.99,$,1000.0
dell,Latitude 5520 Laptop,15.0,Black,1000 GB,Core i5,64,Windows 11 Home,Wifi & Bluetooth,Integrated,,,,2030.99,$,1000.0
dell,Latitude 5520 Laptop,15.0,Black,2000 GB,Core i5,32,Windows 10 Home,Wifi & Bluetooth,Integrated,,,,1038.28,$,2000.0
dell,Precision 7560 Laptop,15.0,Silver,2000 GB,Core i7,64,Windows 11 Pro,Wifi & Bluetooth,Nvidia T1200,,,,2389.13,$,2000.0
hp,,15.0,Silver,1000 GB,Intel Core i5,64,Windows 11 Pro,Backlit Keyboard,Integrated,Intel,,4.5,999.99,$,1000.0
rokc,Ideapad 3,15.0,Gray,1000 GB,Intel Core i5,20,Windows 11,,Integrated,Intel,,,639.99,$,1000.0
dell,Inspiron,16.0,Silver,1000 GB,Intel Core i5,32,Windows 11,,Integrated,Intel,,,899.99,$,1000.0
rokc,,14.0,Blue,1000 GB,Intel Core i7,8,Windows 11,,Integrated,Intel,1.2 GHz,,589.99,$,1000.0
dell,Inspiron 3511 Laptop,15.0,Black,2000 GB,Core i5,64,Windows 10 Home,Wifi & Bluetooth,Integrated,,,,865.7,$,2000.0
dell,Latitude 3520 Laptop,15.0,Black,2000 GB,Core i5,16,Windows 11 Home,Wifi & Bluetooth,Integrated,,,,994.35,$,2000.0
dell,Latitude 7420 Laptop,14.0,Black,2000 GB,Core i7,32,Windows 11 Home,Wifi & Bluetooth,Integrated,,,,1552.99,$,2000.0
dell,Inspiron 3511 Laptop,15.0,Black,128 GB,Core i5,32,Windows 10 Home,Wifi & Bluetooth,Integrated,,,,660.99,$,128.0
dell,Inspiron 3511 Laptop,15.0,Black,1000 GB,Core i5,64,Windows 10 Home,Wifi & Bluetooth,Integrated,,,,758.99,$,1000.0
dell,Inspiron 3511 Laptop,15.0,Black,2000 GB,Core i5,16,Windows 10 Home,Wifi & Bluetooth,Integrated,,,,754.99,$,2000.0
dell,Inspiron 3511 Laptop,15.0,Black,500 GB,Core i5,16,Windows 10 Home,Wifi & Bluetooth,Integrated,,,,618.99,$,500.0
dell,Vostro 3510 Laptop,15.0,Black,1000 GB,Core i5,16,Windows 11 Home,Wifi & Bluetooth,Integrated,,,,790.99,$,1000.0
dell,Latitude 3420 Laptop,14.0,Black,256 GB,Core i7,16,Windows 10 Home,Wifi & Bluetooth,Integrated,,,,764.99,$,256.0
dell,Latitude 3420 Laptop,14.0,Black,1000 GB,Core i7,8,Windows 10 Home,Wifi & Bluetooth,Integrated,,,,840.99,$,1000.0
dell,Vostro 3510 Laptop,15.0,Black,512 GB,Core i5,32,Windows 11 Home,Wifi & Bluetooth,Integrated,,,,773.99,$,512.0
dell,Inspiron 3511 Laptop,15.0,Black,512 GB,Core i5,8,Windows 10 Home,Wifi & Bluetooth,Integrated,,,,648.11,$,512.0
rokc,,15.0,Blue,1152 GB,Pentium,20,Windows 11,,Integrated,Intel,1.1 GHz,5.0,389.99,$,1152.0
hp,,14.0,Rose Gold,64 GB,Celeron N4000,16,Windows 11,,Integrated,Intel,1.1 GHz,4.7,389.99,$,64.0
hp,,15.0,Black,1000 GB,Pentium N5000,16,Windows 11,,Integrated,Intel,1.1 GHz,4.4,459.99,$,1000.0
dell,Latitude 3520 Laptop,15.0,Black,512 GB,Core i7,4,Windows 11 Home,Wifi & Bluetooth,Integrated,,,,1574.99,$,512.0
dell,Latitude 7420 2-in-1,14.0,Black,512 GB,Core i7,32,Windows 10 Home,Wifi & Bluetooth,Integrated,,,,3820.99,$,512.0
dell,Latitude 5420 Laptop,14.0,Black,256 GB,Core i5,32,Windows 10 Home,Wifi & Bluetooth,Integrated,,,,841.99,$,256.0
dell,Latitude 5420 Laptop,14.0,Black,256 GB,Core i5,16,Windows 11 Home,Wifi & Bluetooth,Integrated,,,,1751.99,$,256.0
dell,XPS 9510 Laptop,15.0,Platinum Silver,4000 GB,Core i7,16,Windows 10 Home,Wifi & Bluetooth,Nvidia GeForce RTX 3050 Ti,,,,3042.79,$,4000.0
dell,Inspiron 3502 Laptop,15.0,Black,512 GB,Celeron,12,Windows 10 Home,Wifi & Bluetooth,Integrated,,,,889.99,$,512.0
lenovo,Slim 7 82SX,14.0,Cloud Grey,4 TB,Core i7 Family,16,Windows 10 Home,"HD Audio, Backlit Keyboard",Integrated,,,,1559.0,$,4096.0
dell,Vostro 3510 Laptop,15.0,Black,512 GB,Core i7,16,Windows 11 Home,Wifi & Bluetooth,Integrated,,,,988.99,$,512.0
dell,Latitude 5420 Laptop,14.0,Black,128 GB,Core i5,16,Windows 10 Home,Wifi & Bluetooth,Integrated,,,,764.99,$,128.0
dell,Latitude 5420 Laptop,14.0,Black,512 GB,Core i5,16,Windows 10 Home,Wifi & Bluetooth,Integrated,,,,807.99,$,512.0
dell,Latitude 5320 2-in-1,13.0,Black,512 GB,Core i7,8,Windows 10 Home,Wifi & Bluetooth,Integrated,,,,863.99,$,512.0
hp,,15.0,Silver,1000 GB,Intel Core i5,64,Windows 11 Pro,Backlit Keyboard,Integrated,Intel,,4.5,999.99,$,1000.0
rokc,Ideapad 3,15.0,Gray,1000 GB,Intel Core i5,20,Windows 11,,Integrated,Intel,,,639.99,$,1000.0
dell,Inspiron,16.0,Silver,1000 GB,Intel Core i5,32,Windows 11,,Integrated,Intel,,,899.99,$,1000.0
rokc,,14.0,Blue,1000 GB,Intel Core i7,8,Windows 11,,Integrated,Intel,1.2 GHz,,589.99,$,1000.0
dell,Latitude 5420 Laptop,14.0,Black,512 GB,Core i7,32,Windows 11 Home,Wifi & Bluetooth,Integrated,,,,1053.99,$,512.0
dell,Inspiron 3511 Laptop,15.0,Black,2000 GB,Core i5,64,Windows 10 Home,Wifi & Bluetooth,Integrated,,,,813.99,$,2000.0
dell,Latitude 3520 Laptop,15.0,Black,2000 GB,Core i5,64,Windows 10 Home,Wifi & Bluetooth,Integrated,,,,1138.5,$,2000.0
dell,Latitude 3520 Laptop,15.0,Black,512 GB,Core i5,16,Windows 11 Home,Wifi & Bluetooth,Integrated,,,,915.52,$,512.0
dell,Inspiron 3511 Laptop,15.0,Black,2000 GB,Core i5,32,Windows 10 Home,Wifi & Bluetooth,Integrated,,,,784.64,$,2000.0
dell,Latitude 3520 Laptop,15.0,Black,2000 GB,Core i7,16,Windows 10 Home,Wifi & Bluetooth,Integrated,,,,1720.99,$,2000.0
rokc,,14.0,Blue,1000 GB,Intel Core i7,8,Windows 11,,Integrated,Intel,1.2 GHz,,589.99,$,1000.0
dell,Latitude 5520 Laptop,15.0,Black,512 GB,Core i5,16,Windows 11 Home,Wifi & Bluetooth,Integrated,,,,1672.99,$,512.0
lenovo,IdeaPad 3 81X8,15.0,Almond,2 TB,Core i3 Family,8,Windows 11 Home,"HD Audio, Anti Glare Coating, Memory Card Slot, Numeric Keypad",Integrated,,,,729.99,$,2048.0
dell,Latitude 3420 Laptop,14.0,Black,1000 GB,Core i7,64,Windows 11 Home,Wifi & Bluetooth,Integrated,,,,1153.14,$,1000.0
dell,XPS 9320 Laptop,13.0,"Gray, Silver",256 GB,Core i5,8,Windows 11 Pro,Wifi & Bluetooth,Integrated,,,,1225.99,$,256.0
dell,Latitude 3520 Laptop,15.0,Black,2000 GB,Core i5,8,Windows 11 Home,Wifi & Bluetooth,Integrated,,,,977.47,$,2000.0
dell,Inspiron 3511 Laptop,15.0,Black,128 GB,Core i5,8,Windows 10 Home,Wifi & Bluetooth,Integrated,,,,619.99,$,128.0
dell,Latitude 5420 Laptop,14.0,Black,1000 GB,Core i5,32,Windows 11 Home,Wifi & Bluetooth,Integrated,,,,922.99,$,1000.0
dell,Alienware m15 R7 Laptop,15.0,Dark Side of the Moon,512 GB,AMD Ryzen 7,32,Windows 11 Home,Wifi & Bluetooth,Nvidia GeForce RTX 3060,,,,1556.1,$,512.0
lenovo,Slim 7 82SX,14.0,Cloud Grey,1 TB,Core i7 Family,16,Windows 10 Home,"HD Audio, Backlit Keyboard",Integrated,,,,1259.0,$,1024.0
dell,XPS 9520 Laptop,15.0,Platinum Silver,128 GB,Core i7,4,Windows 11 Pro,Wifi & Bluetooth,Nvidia GeForce RTX 3050,,,,1563.99,$,128.0
dell,Latitude 5520 Laptop,15.0,Black,1000 GB,Core i7,32,Windows 11 Home,Wifi & Bluetooth,Integrated,,,,2488.99,$,1000.0
rokc,,14.0,Blue,1000 GB,Intel Core i7,8,Windows 11,,Integrated,Intel,1.2 GHz,,589.99,$,1000.0
acer,Aspire 5,15.0,Pure Silver,2 TB,Core i3 Family,4,Windows 11 Home,"HD Audio, Backlit Keyboard, Anti Glare Coating, Numeric Keypad",Integrated,,,,759.99,$,2048.0
lenovo,Legion Pro 5,16.0,Onyx grey,4 TB,Intel Core i9,16,Windows 11 Home,"High Definition Audio, Backlit Keyboard, Anti Glare Coating, Numeric Keypad",Dedicated,,,,2879.0,$,4096.0
dell,Inspiron 16,16.0,Platinum Silver,1 TB,Core i7 Family,32,Windows 11 Home,"Fingerprint Reader, HD Audio, Backlit Keyboard, Anti Glare Coating, Memory Card Slot",Dedicated,,,,1439.0,$,1024.0
rokc,,14.0,Blue,1000 GB,Intel Core i7,8,Windows 11,,Integrated,Intel,1.2 GHz,,589.99,$,1000.0
dell,Inspiron 3511 Laptop,15.0,Black,256 GB,Core i5,32,Windows 10 Home,Wifi & Bluetooth,Integrated,,,,613.99,$,256.0
dell,Precision 3470 Laptop,14.0,Silver,512 GB,Core i7,16,Windows 11 Pro,Wifi & Bluetooth,Nvidia Quadro T550,,,,1305.99,$,512.0
dell,Latitude 5540 Laptop,15.0,Black,512 GB,Core i7,8,Windows 11 Pro,Wifi & Bluetooth,Integrated,,,,1373.99,$,512.0
dell,Latitude 5520 Laptop,15.0,Black,2000 GB,Core i7,32,Windows 11 Home,Wifi & Bluetooth,Integrated,,,,1865.99,$,2000.0
dell,Latitude 5520 Laptop,15.0,Black,512 GB,Core i5,16,Windows 11 Home,Wifi & Bluetooth,Integrated,,,,1763.99,$,512.0
dell,Latitude 5520 Laptop,15.0,Black,256 GB,Core i5,32,Windows 11 Home,Wifi & Bluetooth,Integrated,,,,1725.99,$,256.0
dell,Latitude 5520 Laptop,15.0,Black,512 GB,Core i5,64,Windows 11 Home,Wifi & Bluetooth,Integrated,,,,1885.99,$,512.0
dell,Latitude 5420 Laptop,14.0,Black,256 GB,Core i5,16,Windows 11 Home,Wifi & Bluetooth,Integrated,,,,1751.99,$,256.0
dell,Latitude 7340 2-in-1,13.0,Black,256 GB,Core i5,16,Windows 11 Pro,Wifi & Bluetooth,Integrated,,,,1367.45,$,256.0
dell,Precision 5770 Laptop,17.0,Silver,1000 GB,Core i5,16,Windows 11 Home,Wifi & Bluetooth,Nvidia RTX A2000,,,,2253.72,$,1000.0
dell,Precision 7770 Laptop,17.0,Silver,512 GB,Core i7,16,Windows 11 Home,Wifi & Bluetooth,Nvidia RTX A1000,,,,1951.52,$,512.0
rokc,,15.0,Blue,1152 GB,Pentium,20,Windows 11,,Integrated,Intel,1.1 GHz,5.0,389.99,$,1152.0
hp,,14.0,Rose Gold,64 GB,Celeron N4000,16,Windows 11,,Integrated,Intel,1.1 GHz,4.7,389.99,$,64.0
hp,,15.0,Black,1000 GB,Pentium N5000,16,Windows 11,,Integrated,Intel,1.1 GHz,4.4,459.99,$,1000.0
dell,XPS 9530 Laptop,15.0,Platinum Silver,2000 GB,Core i9,16,Windows 11 Pro,Wifi & Bluetooth,Nvidia GeForce RTX 4060,,,,2945.99,$,2000.0
dell,Latitude 5340 Laptop,13.0,Black,256 GB,Core i5,16,Windows 11 Pro,Wifi & Bluetooth,Integrated,,,,991.99,$,256.0
dell,Alienware X16 Laptop,16.0,Silver,1000 GB,Core i7,16,Windows 11 Pro,Wifi & Bluetooth,Nvidia GeForce RTX 4070,,,,2807.93,$,1000.0
lenovo,Thinkpad P16v Gen 1,16.0,Black,1 TB,Intel Core i7,31,Windows 11 Pro,"Anti Glare Coating,Backlit Keyboard, Fingerprint Reader",Dedicated,,,,2132.97,$,1024.0
dell,Latitude 3420 Laptop,14.0,Black,512 GB,Core i3,16,Windows 11 Pro,Wifi & Bluetooth,Integrated,,,,699.99,$,512.0
dell,Latitude 9440 2-in-1,14.0,Black,256 GB,Core i7,32,Windows 11 Pro,Wifi & Bluetooth,Integrated,,,,2291.99,$,256.0
dell,Alienware m18 Laptop,18.0,Dark Metallic Moon,2000 GB,Core i9,32,Windows 11 Home,Wifi & Bluetooth,Nvidia GeForce RTX 4070,,,,2640.17,$,2000.0
dell,Latitude 5520 Laptop,15.0,Black,2000 GB,Core i7,16,Windows 11 Home,Wifi & Bluetooth,Integrated,,,,1971.99,$,2000.0
dell,Latitude 3520 Laptop,15.0,Black,8000 GB,Core i5,16,Windows 10 Home,Wifi & Bluetooth,Integrated,,,,1887.38,$,8000.0
dell,Inspiron 3511 Laptop,15.0,Black,512 GB,Core i5,64,Windows 10 Home,Wifi & Bluetooth,Integrated,,,,764.4,$,512.0
dell,Vostro 3510 Laptop,15.0,Black,256 GB,Core i5,4,Windows 11 Home,Wifi & Bluetooth,Integrated,,,,691.99,$,256.0
hp,,15.0,Silver,1000 GB,Intel Core i5,64,Windows 11 Pro,Backlit Keyboard,Integrated,Intel,,4.5,999.99,$,1000.0
rokc,Ideapad 3,15.0,Gray,1000 GB,Intel Core i5,20,Windows 11,,Integrated,Intel,,,639.99,$,1000.0
dell,Inspiron,16.0,Silver,1000 GB,Intel Core i5,32,Windows 11,,Integrated,Intel,,,899.99,$,1000.0
rokc,,14.0,Blue,1000 GB,Intel Core i7,8,Windows 11,,Integrated,Intel,1.2 GHz,,589.99,$,1000.0
dell,Inspiron 3502 Laptop,15.0,Black,512 GB,Celeron,12,Windows 10 Home,Wifi & Bluetooth,Integrated,,,,890.37,$,512.0
dell,Inspiron 3502 Laptop,15.0,Black,256 GB,Celeron,12,Windows 10 Home,Wifi & Bluetooth,Integrated,,,,852.99,$,256.0
dell,XPS 9510 Laptop,15.0,Platinum Silver,1000 GB,Core i9,64,Windows 11 Home,Wifi & Bluetooth,Nvidia GeForce RTX 3050 Ti,,,,3335.99,$,1000.0
dell,Latitude 5420 Laptop,14.0,Black,128 GB,Core i5,8,Windows 10 Home,Wifi & Bluetooth,Integrated,,,,765.75,$,128.0
dell,Vostro 3510 Laptop,15.0,Black,512 GB,Core i5,32,Windows 11 Pro,Wifi & Bluetooth,Integrated,,,,773.99,$,512.0
dell,XPS 9530 Laptop,15.0,Platinum Silver,512 GB,Core i7,16,Windows 11 Pro,Wifi & Bluetooth,Intel Arc A370M,,,,1710.99,$,512.0
dell,Alienware m18 Laptop,18.0,Black,2000 GB,Core i7,32,Windows 11 Pro,Wifi & Bluetooth,Nvidia GeForce RTX 4050,,,,2321.99,$,2000.0
dell,XPS 9320 Laptop,13.0,Gray,512 GB,Core i7,32,Windows 11 Pro,Wifi & Bluetooth,Integrated,,,,1720.95,$,512.0
dell,Inspiron 5630 Laptop,16.0,"Gray, Platinum Silver",512 GB,Core i5,8,Windows 11 Pro,Wifi & Bluetooth,Integrated,,,,888.99,$,512.0
rokc,,15.0,Blue,1152 GB,Pentium,20,Windows 11,,Integrated,Intel,1.1 GHz,5.0,389.99,$,1152.0
hp,,14.0,Rose Gold,64 GB,Celeron N4000,16,Windows 11,,Integrated,Intel,1.1 GHz,4.7,389.99,$,64.0
hp,,15.0,Black,1000 GB,Pentium N5000,16,Windows 11,,Integrated,Intel,1.1 GHz,4.4,459.99,$,1000.0
hp,15-DY100,15.0,Natural Silver,512 GB,Core i3-1005G1,8,Windows 11 Home,"HD Audio, Anti Glare Coating, Memory Card Slot, Numeric Keypad",Integrated,,,,479.99,$,512.0
dell,Latitude 3520 Laptop,15.0,Black,1000 GB,Core i5,32,Windows 10 Home,Wifi & Bluetooth,Integrated,,,,992.1,$,1000.0
dell,Latitude 3520 Laptop,15.0,Black,1000 GB,Core i5,64,Windows 11 Home,Wifi & Bluetooth,Integrated,,,,1086.71,$,1000.0
dell,Inspiron 3511 Laptop,15.0,Black,2000 GB,Core i5,8,Windows 10 Home,Wifi & Bluetooth,Integrated,,,,618.15,$,2000.0
dell,Latitude 3520 Laptop,15.0,Black,1000 GB,Core i7,32,Windows 11 Home,Wifi & Bluetooth,Integrated,,,,1702.99,$,1000.0
hp,15-DW300,15.0,Natural Silver,1 TB,Core i5 Family,32,Windows 11 Pro,"HD Audio, Backlit Keyboard, Anti Glare Coating, Memory Card Slot, Numeric Keypad",Integrated,,,,959.0,$,1024.0
dell,Latitude 3520 Laptop,15.0,Black,128 GB,Core i7,8,Windows 11 Home,Wifi & Bluetooth,Integrated,,,,1529.99,$,128.0
dell,Latitude 3520 Laptop,15.0,,1000 GB,Core i5,,Windows 10 Home,,,,,,936.93,$,1000.0
hp,,15.0,Silver,1000 GB,Intel Core i5,64,Windows 11 Pro,Backlit Keyboard,Integrated,Intel,,4.5,999.99,$,1000.0
rokc,Ideapad 3,15.0,Gray,1000 GB,Intel Core i5,20,Windows 11,,Integrated,Intel,,,639.99,$,1000.0
dell,Inspiron,16.0,Silver,1000 GB,Intel Core i5,32,Windows 11,,Integrated,Intel,,,899.99,$,1000.0
rokc,,14.0,Blue,1000 GB,Intel Core i7,8,Windows 11,,Integrated,Intel,1.2 GHz,,589.99,$,1000.0
lenovo,ThinkBook 13s G4 IAP,13.0,Arctic Grey,2 TB,Core i7 Family,16,Windows 11 Home,"Fingerprint Reader, HD Audio, Backlit Keyboard",Integrated,,,,1079.0,$,2048.0
dell,Alienware m18 Laptop,18.0,Dark Metallic Moon,2000 GB,Core i9,32,Windows 11 Pro,Wifi & Bluetooth,Nvidia GeForce RTX 4070,,,,2640.17,$,2000.0
dell,Inspiron 3511 Laptop,15.0,Black,2000 GB,Core i5,32,Windows 10 Home,Wifi & Bluetooth,Integrated,,,,735.59,$,2000.0
dell,Alienware m18 Laptop,18.0,Black,512 GB,Core i9,16,Windows 11 Home,Wifi & Bluetooth,Nvidia GeForce RTX 4090,,,,3163.36,$,512.0
dell,Latitude 5520 Laptop,15.0,Black,512 GB,Core i7,32,Windows 10 Home,Wifi & Bluetooth,Integrated,,,,1764.99,$,512.0
dell,Latitude 5520 Laptop,15.0,Black,4000 GB,Core i7,64,Windows 11 Home,Wifi & Bluetooth,Integrated,,,,2912.99,$,4000.0
dell,Latitude 5420 Laptop,14.0,Black,512 GB,Core i5,16,Windows 11 Home,Wifi & Bluetooth,Integrated,,,,1179.99,$,512.0
dell,Inspiron 3511 Laptop,15.0,Black,500 GB,Core i5,64,Windows 10 Home,Wifi & Bluetooth,Integrated,,,,721.83,$,500.0
dell,Inspiron 3511 Laptop,15.0,Black,512 GB,Core i5,32,Windows 10 Home,Wifi & Bluetooth,Integrated,,,,641.86,$,512.0
dell,Latitude 3520 Laptop,15.0,Black,4000 GB,Core i7,16,Windows 10 Home,Wifi & Bluetooth,Integrated,,,,1958.99,$,4000.0
dell,XPS 9530 Laptop,15.0,Platinum Silver,1000 GB,Core i7,16,Windows 11 Home,Wifi & Bluetooth,Nvidia GeForce RTX 4060,,,,2437.64,$,1000.0
rokc,,15.0,Blue,1152 GB,Pentium,20,Windows 11,,Integrated,Intel,1.1 GHz,5.0,389.99,$,1152.0
hp,,14.0,Rose Gold,64 GB,Celeron N4000,16,Windows 11,,Integrated,Intel,1.1 GHz,4.7,389.99,$,64.0
hp,,15.0,Black,1000 GB,Pentium N5000,16,Windows 11,,Integrated,Intel,1.1 GHz,4.4,459.99,$,1000.0
dell,Inspiron 14,14.0,Platinum Silver,2 TB,Core i5 Family,64,Windows 11 Home,"Fingerprint Reader, HD Audio, Backlit Keyboard, Anti Glare Coating, Memory Card Slot",Integrated,,,,1209.99,$,2048.0
dell,Inspiron 3511 Laptop,15.0,Black,2000 GB,Core i5,32,Windows 10 Home,Wifi & Bluetooth,Integrated,,,,796.78,$,2000.0
dell,XPS 9530 Laptop,15.0,Platinum Silver,2000 GB,Core i7,16,Windows 11 Pro,Wifi & Bluetooth,Nvidia GeForce RTX 4060,,,,2433.27,$,2000.0
dell,Latitude 5520 Laptop,15.0,Black,8000 GB,Core i7,64,Windows 10 Home,Wifi & Bluetooth,Integrated,,,,3132.99,$,8000.0
dell,XPS 9530 Laptop,15.0,Platinum Silver,1000 GB,Core i9,64,Windows 11 Home,Wifi & Bluetooth,Nvidia GeForce RTX 4070,,,,3175.75,$,1000.0
dell,Precision 7770 Laptop,17.0,Silver,512 GB,Core i7,32,Windows 11 Home,Wifi & Bluetooth,Nvidia RTX A3000,,,,2815.3,$,512.0
dell,XPS 9530 Laptop,15.0,Platinum Silver,2000 GB,Core i7,32,Windows 11 Home,Wifi & Bluetooth,Nvidia GeForce RTX 4070,,,,3111.99,$,2000.0
dell,Latitude 5320 Laptop,13.0,Black,512 GB,Core i5,16,Windows 11 Home,Wifi & Bluetooth,Integrated,,,,900.89,$,512.0
dell,Latitude 5320 2-in-1,13.0,Black,512 GB,Core i7,32,Windows 10 Home,Wifi & Bluetooth,Integrated,,,,1621.99,$,512.0
dell,Vostro 3510 Laptop,15.0,Black,512 GB,Core i5,32,Windows 10 Home,Wifi & Bluetooth,Integrated,,,,780.99,$,512.0
hp,,15.0,Silver,1000 GB,Intel Core i5,64,Windows 11 Pro,Backlit Keyboard,Integrated,Intel,,4.5,999.99,$,1000.0
rokc,Ideapad 3,15.0,Gray,1000 GB,Intel Core i5,20,Windows 11,,Integrated,Intel,,,639.99,$,1000.0
dell,Inspiron,16.0,Silver,1000 GB,Intel Core i5,32,Windows 11,,Integrated,Intel,,,899.99,$,1000.0
rokc,,14.0,Blue,1000 GB,Intel Core i7,8,Windows 11,,Integrated,Intel,1.2 GHz,,589.99,$,1000.0
dell,Latitude 3520 Laptop,15.0,Black,512 GB,Core i7,16,Windows 10 Home,Wifi & Bluetooth,Integrated,,,,1620.99,$,512.0
dell,Inspiron 3501 Laptop,15.0,Black,256 GB,Core i5,8,Windows 11 Home,Wifi & Bluetooth,Integrated,,,,594.99,$,256.0
dell,Vostro 3510 Laptop,15.0,Black,1000 GB,Core i5,16,Windows 11 Home,Wifi & Bluetooth,Integrated,,,,790.99,$,1000.0
dell,Latitude 5420 Laptop,14.0,Black,256 GB,Core i7,32,Windows 10 Home,Wifi & Bluetooth,Integrated,,,,1015.99,$,256.0
dell,Alienware x14 R2 Laptop,14.0,Silver,1000 GB,Core i7,16,Windows 11 Home,Wifi & Bluetooth,Nvidia GeForce RTX 4060,,,,2104.92,$,1000.0
dell,Inspiron 7420 2-in-1,14.0,"Grey, Gray, Platinum Silver",128 GB,Core i7,4,Windows 11 Home,Wifi & Bluetooth,Integrated,,,,777.02,$,128.0
dell,Alienware m18 Ryzen Edition Laptop,18.0,Black,1000 GB,AMD Ryzen 7,16,Windows 11 Home,Wifi & Bluetooth,Nvidia GeForce RTX 4090,,,,2954.63,$,1000.0
rokc,,14.0,Blue,1000 GB,Intel Core i7,8,Windows 11,,Integrated,Intel,1.2 GHz,,589.99,$,1000.0
dell,Inspiron 3511 Laptop,15.0,Black,1000 GB,Core i5,32,Windows 10 Home,Wifi & Bluetooth,Integrated,,,,683.99,$,1000.0
dell,Inspiron 3511 Laptop,15.0,Black,1000 GB,Core i5,16,Windows 10 Home,Wifi & Bluetooth,Integrated,,,,703.99,$,1000.0
dell,Latitude 7520 Laptop,15.0,Black,256 GB,Core i5,16,Windows 10 Home,Wifi & Bluetooth,Integrated,,,,1077.99,$,256.0
dell,Latitude 7420 Laptop,14.0,,512 GB,Core i7,,Windows 10 Home,,,,,,1327.99,$,512.0
dell,Latitude 3520 Laptop,15.0,Black,4000 GB,Core i5,32,Windows 11 Home,Wifi & Bluetooth,Integrated,,,,1218.46,$,4000.0
dell,Latitude 5420 Laptop,14.0,Black,512 GB,Core i7,32,Windows 10 Home,Wifi & Bluetooth,Integrated,,,,1058.99,$,512.0
dell,Alienware m15 Ryzen Edition R7 Laptop,15.0,Dark Side of the Moon,1000 GB,AMD Ryzen 7,16,Windows 11 Home,Wifi & Bluetooth,Nvidia GeForce RTX 3070 Ti,,,,1679.99,$,1000.0
dell,XPS 9530 Laptop,15.0,Platinum Silver,1000 GB,Core i7,16,Windows 11 Home,Wifi & Bluetooth,Nvidia GeForce RTX 4060,,,,2436.99,$,1000.0
dell,Latitude 5330 2-in-1,13.0,Black,512 GB,Core i7,16,Windows 10 Pro,Wifi & Bluetooth,Integrated,,,,1194.99,$,512.0
dell,Latitude 7430 2-in-1,14.0,Black,512 GB,Core i7,16,Windows 11 Pro,Wifi & Bluetooth,Integrated,,,,1621.99,$,512.0
rokc,,15.0,Blue,1152 GB,Pentium,20,Windows 11,,Integrated,Intel,1.1 GHz,5.0,389.99,$,1152.0
hp,,14.0,Rose Gold,64 GB,Celeron N4000,16,Windows 11,,Integrated,Intel,1.1 GHz,4.7,389.99,$,64.0
hp,,15.0,Black,1000 GB,Pentium N5000,16,Windows 11,,Integrated,Intel,1.1 GHz,4.4,459.99,$,1000.0
dell,Latitude 3520 Laptop,15.0,Black,2000 GB,Core i5,16,Windows 10 Home,Wifi & Bluetooth,Integrated,,,,999.99,$,2000.0
dell,Latitude 7520 Laptop,15.0,Black,512 GB,Core i5,8,Windows 10 Home,Wifi & Bluetooth,Integrated,,,,1102.99,$,512.0
dell,Latitude 5320 Laptop,13.0,Black,512 GB,Core i7,16,Windows 10 Home,Wifi & Bluetooth,Integrated,,,,934.67,$,512.0
dell,Inspiron 3511 Laptop,15.0,Black,2000 GB,Core i5,16,Windows 10 Home,Wifi & Bluetooth,Integrated,,,,754.99,$,2000.0
rokc,,14.0,Blue,1000 GB,Intel Core i7,8,Windows 11,,Integrated,Intel,1.2 GHz,,589.99,$,1000.0
dell,Latitude 5440 Laptop,14.0,Black,512 GB,Core i5,32,Windows 11 Pro,Wifi & Bluetooth,Integrated,,,,1314.99,$,512.0
hp,15-DY200,15.0,Natural Silver,1 TB,Core i5 Family,32,Windows 11 Pro,"Fingerprint Reader, HD Audio, Anti Glare Coating, Memory Card Slot, Numeric Keypad",Integrated,,,,809.0,$,1024.0
dell,Vostro 3530 Laptop,15.0,Black,1000 GB,Core i5,16,Windows 11 Pro,Wifi & Bluetooth,Integrated,,,,776.99,$,1000.0
dell,Alienware x14 R2 Laptop,14.0,Silver,1000 GB,Core i7,16,Windows 11 Home,Wifi & Bluetooth,Nvidia GeForce RTX 4060,,,,2103.99,$,1000.0
dell,Precision 7680 Laptop,16.0,Silver,2000 GB,Core i7,64,Windows 11 Pro,Wifi & Bluetooth,Nvidia RTX A1000,,,,2959.99,$,2000.0
dell,Latitude 7430 Laptop,14.0,Black,256 GB,Core i7,16,Windows 10 Pro,Wifi & Bluetooth,Integrated,,,,1316.99,$,256.0
dell,Alienware m16 Ryzen Edition Laptop,16.0,Silver,512 GB,AMD Ryzen 7,16,Windows 11 Home,Wifi & Bluetooth,Nvidia GeForce RTX 4090,,,,3007.99,$,512.0
lenovo,IdeaPad Slim 9 82D2,14.0,Shadow Black,2 TB,Core i7 Family,16,Windows 11 Home,"Fingerprint Reader, HD Audio, Backlit Keyboard",Integrated,,,,1229.0,$,2048.0
lenovo,ThinkPad X13 Gen 2 AMD,13.0,,512 GB,AMD Ryzen 7,16,Windows 11 Pro,Backlit Keyboard,"Integrated, Dedicated",AMD Radeon R7,,,799.99,$,512.0
dell,Precision 7780 Laptop,17.0,Silver,512 GB,Core i7,64,Windows 11 Pro,Wifi & Bluetooth,Integrated,,,,2815.3,$,512.0
dell,Vostro 7620 Laptop,16.0,Black,512 GB,Core i7,16,Windows 11 Home,Wifi & Bluetooth,Nvidia GeForce RTX 3050,,,,1161.11,$,512.0
rokc,,15.0,Blue,1152 GB,Pentium,20,Windows 11,,Integrated,Intel,1.1 GHz,5.0,389.99,$,1152.0
rokc,,14.0,Blue,1000 GB,Intel Core i7,8,Windows 11,,Integrated,Intel,1.2 GHz,,589.99,$,1000.0
dell,Latitude 3540 Laptop,15.0,Black,256 GB,Core i5,16,Windows 11 Pro,Wifi & Bluetooth,Integrated,,,,822.99,$,256.0
dell,Alienware m16 Laptop,16.0,Black,4000 GB,Core i9,64,Windows 11 Home,Wifi & Bluetooth,Nvidia GeForce RTX 4090,,,,3946.44,$,4000.0
dell,Latitude 7440 2-in-1,14.0,Black,256 GB,Core i5,16,Windows 11 Pro,Wifi & Bluetooth,Integrated,,,,2550.99,$,256.0
hp,15-DY200,15.0,Natural Silver,1 TB,Core i5 Family,16,Windows 10 Pro,"Fingerprint Reader, HD Audio, Anti Glare Coating, Memory Card Slot, Numeric Keypad",Integrated,,,,729.0,$,1024.0
dell,Precision 3570 Laptop,15.0,Silver,512 GB,Core i7,16,Windows 11 Pro,Wifi & Bluetooth,Nvidia Quadro T550,,,,981.99,$,512.0
dell,XPS 9530 Laptop,15.0,Platinum Silver,4000 GB,Core i9,64,Windows 11 Home,Wifi & Bluetooth,Nvidia GeForce RTX 4070,,,,3447.23,$,4000.0
dell,Precision 3580 Laptop,15.0,Silver,512 GB,Core i7,64,Windows 11 Pro,Wifi & Bluetooth,Integrated,,,,1799.09,$,512.0
dell,Alienware m18 Laptop,18.0,Dark Metallic Moon,1000 GB,Core i9,64,Windows 11 Home,Wifi & Bluetooth,Nvidia GeForce RTX 4070,,,,2713.81,$,1000.0
dell,Inspiron 3511 Laptop,15.0,Black,256 GB,Core i5,64,Windows 10 Home,Wifi & Bluetooth,Integrated,,,,689.33,$,256.0
dell,XPS 9530 Laptop,15.0,Platinum Silver,512 GB,Core i7,16,Windows 11 Pro,Wifi & Bluetooth,Nvidia GeForce RTX 4070,,,,2572.05,$,512.0
dell,Latitude 5520 Laptop,15.0,Black,4000 GB,Core i7,64,Windows 11 Home,Wifi & Bluetooth,Integrated,,,,2622.99,$,4000.0
dell,Precision 3480 Laptop,14.0,Silver,1000 GB,Core i7,64,Windows 11 Pro,Wifi & Bluetooth,Integrated,,,,1265.99,$,1000.0
rokc,,15.0,Blue,1152 GB,Pentium,20,Windows 11,,Integrated,Intel,1.1 GHz,5.0,389.99,$,1152.0
hp,,14.0,Rose Gold,64 GB,Celeron N4000,16,Windows 11,,Integrated,Intel,1.1 GHz,4.7,389.99,$,64.0
hp,,15.0,Black,1000 GB,Pentium N5000,16,Windows 11,,Integrated,Intel,1.1 GHz,4.4,459.99,$,1000.0
dell,Latitude 9420 2-in-1,14.0,Black,256 GB,Core i5,16,Windows 10 Home,Wifi & Bluetooth,Integrated,,,,3415.99,$,256.0
dell,Inspiron 3511 Laptop,15.0,Black,1000 GB,Core i5,32,Windows 10 Home,Wifi & Bluetooth,Integrated,,,,731.83,$,1000.0
dell,Latitude 3520 Laptop,15.0,Black,1000 GB,Core i5,8,Windows 10 Home,Wifi & Bluetooth,Integrated,,,,936.93,$,1000.0
dell,Latitude 5420 Laptop,14.0,Black,256 GB,Core i5,16,Windows 10 Home,Wifi & Bluetooth,Integrated,,,,1130.99,$,256.0
dell,Vostro 3510 Laptop,15.0,Black,1000 GB,Core i7,32,Windows 11 Home,Wifi & Bluetooth,Integrated,,,,1046.99,$,1000.0
dell,Latitude 5530 Laptop,15.0,Black,512 GB,Core i7,,Windows 11 Pro,,Integrated,Intel Integrated Graphics,1.8 GHz,,1173.01,$,512.0
dell,Alienware X16 Laptop,16.0,Silver,2000 GB,Core i9,32,Windows 11 Home,Wifi & Bluetooth,Nvidia GeForce RTX 4090,,,,3854.66,$,2000.0
dell,Latitude 5520 Laptop,15.0,Black,4000 GB,Core i7,32,Windows 11 Home,Wifi & Bluetooth,Integrated,,,,2102.99,$,4000.0
dell,Alienware X16 Laptop,16.0,Silver,1000 GB,Core i9,32,Windows 11 Home,Wifi & Bluetooth,Nvidia GeForce RTX 4090,,,,3757.54,$,1000.0
dell,G16 7620 Laptop,16.0,Black,512 GB,Core i7,16,Windows 11 Home,Wifi & Bluetooth,Nvidia GeForce RTX 3050 Ti,,,,1210.99,$,512.0
dell,Inspiron 3502 Laptop,15.0,Black,256 GB,Celeron,12,Windows 10 Home,Wifi & Bluetooth,Integrated,,,,853.82,$,256.0
hp,,15.0,Silver,1000 GB,Intel Core i5,64,Windows 11 Pro,Backlit Keyboard,Integrated,Intel,,4.5,999.99,$,1000.0
rokc,Ideapad 3,15.0,Gray,1000 GB,Intel Core i5,20,Windows 11,,Integrated,Intel,,,639.99,$,1000.0
dell,Inspiron,16.0,Silver,1000 GB,Intel Core i5,32,Windows 11,,Integrated,Intel,,,899.99,$,1000.0
rokc,,14.0,Blue,1000 GB,Intel Core i7,8,Windows 11,,Integrated,Intel,1.2 GHz,,589.99,$,1000.0
dell,Latitude 5520 Laptop,15.0,Black,256 GB,Core i5,8,Windows 10 Home,Wifi & Bluetooth,Integrated,,,,861.48,$,256.0
dell,Latitude 3520 Laptop,15.0,,2000 GB,Core i5,,Windows 11 Pro,,,,,,989.85,$,2000.0
dell,Latitude 5520 Laptop,15.0,Black,4000 GB,Core i7,16,Windows 11 Home,Wifi & Bluetooth,Integrated,,,,2053.99,$,4000.0
dell,Latitude 5420 Laptop,14.0,Black,1000 GB,Core i5,32,Windows 10 Home,Wifi & Bluetooth,Integrated,,,,1275.99,$,1000.0
dell,Latitude 3520 Laptop,15.0,Black,2000 GB,Core i5,64,Windows 11 Home,Wifi & Bluetooth,Integrated,,,,1132.87,$,2000.0
dell,Latitude 5320 2-in-1,13.0,Black,256 GB,Core i7,16,Windows 10 Home,Wifi & Bluetooth,Integrated,,,,821.99,$,256.0
dell,Latitude 5520 Laptop,15.0,Black,256 GB,Core i7,16,Windows 11 Home,Wifi & Bluetooth,Integrated,,,,2354.99,$,256.0
dell,Precision 7560 Laptop,15.0,Silver,2000 GB,Core i7,64,Windows 11 Pro,Wifi & Bluetooth,Nvidia T1200,,,,2388.99,$,2000.0
dell,G15 Gaming 5525,15.0,Phantom Grey,1 TB,AMD Ryzen 7,32,Windows 11 Home,"HD Audio, Backlit Keyboard, Anti Glare Coating, Numeric Keypad",Dedicated,,,,1259.0,$,1024.0
dell,G16 7620 Laptop,16.0,Black,1000 GB,Core i7,16,Windows 10 Home,Wifi & Bluetooth,Nvidia GeForce RTX 3060,,,,1310.99,$,1000.0
rokc,,15.0,Blue,1152 GB,Pentium,20,Windows 11,,Integrated,Intel,1.1 GHz,5.0,389.99,$,1152.0
hp,,14.0,Rose Gold,64 GB,Celeron N4000,16,Windows 11,,Integrated,Intel,1.1 GHz,4.7,389.99,$,64.0
hp,,15.0,Black,1000 GB,Pentium N5000,16,Windows 11,,Integrated,Intel,1.1 GHz,4.4,459.99,$,1000.0
dell,Vostro 3520 Laptop,15.0,Black,512 GB,Core i7,16,Windows 10 Home,Wifi & Bluetooth,Integrated,,,,943.69,$,512.0
dell,Vostro 3510 Laptop,15.0,Black,1000 GB,Core i7,16,Windows 10 Home,Wifi & Bluetooth,Integrated,,,,967.99,$,1000.0
msi,Thin GF63 12VE,15.0,Black,2 TB,Core i7 Family,48,Windows 11 Pro,"HD Audio, Backlit Keyboard, Anti Glare Coating",Dedicated,,,,1589.0,$,2048.0
dell,Latitude 3520 Laptop,15.0,Black,1000 GB,Core i5,8,Windows 11 Home,Wifi & Bluetooth,Integrated,,,,931.3,$,1000.0
acer,Acer Nitro 5 AN515,15.0,Obsidian Black,1 TB,Core i7 Family,32,Windows 11 Home,"HD Audio, Backlit Keyboard, Anti Glare Coating, Numeric Keypad",Dedicated,,,,1559.0,$,1024.0
msi,Raider GE76,17.0,Titanium Blue,1 TB,Core i7 Family,64,Windows 10 Home,"HD Audio, Backlit Keyboard, Anti Glare Coating, Memory Card Slot, Numeric Keypad",Dedicated,,,,1849.0,$,1024.0
dell,Alienware X16 Laptop,16.0,Silver,2000 GB,Core i9,32,Windows 11 Pro,Wifi & Bluetooth,Nvidia GeForce RTX 4090,,,,3854.66,$,2000.0
dell,Latitude 5520 Laptop,15.0,Black,1000 GB,Core i7,32,Windows 10 Home,Wifi & Bluetooth,Integrated,,,,1909.99,$,1000.0
dell,Inspiron 5410 Laptop,14.0,"Grey, Platinum Silver",128 GB,Core i7,4,Windows 10 Pro,Wifi & Bluetooth,Integrated,,,,968.99,$,128.0
dell,Precision 7770 Laptop,17.0,Silver,1000 GB,Core i7,16,Windows 11 Pro,Wifi & Bluetooth,Nvidia RTX A3000,,,,2700.99,$,1000.0
hp,,15.0,Silver,1000 GB,Intel Core i5,64,Windows 11 Pro,Backlit Keyboard,Integrated,Intel,,4.5,999.99,$,1000.0
rokc,,14.0,Blue,1000 GB,Intel Core i7,8,Windows 11,,Integrated,Intel,1.2 GHz,,589.99,$,1000.0
dell,XPS 9510 Laptop,15.0,Platinum Silver,512 GB,Core i7,64,Windows 11 Home,Wifi & Bluetooth,Nvidia GeForce RTX 3050 Ti,,,,3287.15,$,512.0
lenovo,Lenovo ThinkBook 13s G4 IAP,13.0,Arctic Grey,512 GB,Core i7 Family,16,Windows 10 Pro,"Fingerprint Reader, HD Audio, Backlit Keyboard",Integrated,,,,949.0,$,512.0
lenovo,Yoga 7 82QG,16.0,Arctic Grey,512 GB,Core i7 Family,16,Windows 11 Home,"Fingerprint Reader, HD Audio, Backlit Keyboard, Memory Card Slot, Numeric Keypad",Integrated,,,,1199.99,$,512.0
dell,XPS 9320 Laptop,13.0,Gray,1000 GB,Core i7,16,Windows 11 Pro,Wifi & Bluetooth,Integrated,,,,1494.62,$,1000.0
dell,Precision 5770 Laptop,17.0,Silver,1000 GB,Core i7,64,Windows 11 Pro,Wifi & Bluetooth,Nvidia RTX A3000,,,,3415.99,$,1000.0
dell,Alienware m18 Laptop,18.0,Dark Metallic Moon,1000 GB,Core i9,32,Windows 11 Pro,Wifi & Bluetooth,Nvidia GeForce RTX 4060,,,,2478.32,$,1000.0
dell,Latitude 5520 Laptop,15.0,Black,4000 GB,Core i7,64,Windows 10 Home,Wifi & Bluetooth,Integrated,,,,2629.99,$,4000.0
dell,Latitude 5520 Laptop,15.0,Black,512 GB,Core i7,16,Windows 10 Home,Wifi & Bluetooth,Integrated,,,,1715.99,$,512.0
dell,Latitude 3520 Laptop,15.0,Black,1000 GB,Core i7,64,Windows 11 Home,Wifi & Bluetooth,Integrated,,,,1830.99,$,1000.0
dell,Inspiron 3511 Laptop,15.0,Black,2000 GB,Core i5,32,Windows 10 Home,Wifi & Bluetooth,Integrated,,,,743.09,$,2000.0
rokc,,15.0,Blue,1152 GB,Pentium,20,Windows 11,,Integrated,Intel,1.1 GHz,5.0,389.99,$,1152.0
hp,,14.0,Rose Gold,64 GB,Celeron N4000,16,Windows 11,,Integrated,Intel,1.1 GHz,4.7,389.99,$,64.0
hp,,15.0,Silver,1000 GB,Intel Core i5,64,Windows 11 Pro,Backlit Keyboard,Integrated,Intel,,4.5,999.99,$,1000.0
dell,Latitude 5420 Laptop,14.0,Black,512 GB,Core i5,16,Windows 10 Home,Wifi & Bluetooth,Integrated,,,,807.99,$,512.0
dell,Latitude 3520 Laptop,15.0,Black,1000 GB,Core i7,16,Windows 10 Home,Wifi & Bluetooth,Integrated,,,,1661.99,$,1000.0
dell,Inspiron 3511 Laptop,15.0,Black,1000 GB,Core i5,16,Windows 10 Home,Wifi & Bluetooth,Integrated,,,,703.99,$,1000.0
dell,Vostro 3510 Laptop,15.0,Black,256 GB,Core i5,4,Windows 11 Pro,Wifi & Bluetooth,Integrated,,,,691.99,$,256.0
dell,XPS 9510 Laptop,15.0,Platinum Silver,8000 GB,Core i9,32,Windows 11 Home,Wifi & Bluetooth,Nvidia GeForce GTX 1650 Ti,,,,4398.99,$,8000.0
dell,Latitude 3540 Laptop,15.0,Black,256 GB,Core i5,16,Windows 11 Pro,Wifi & Bluetooth,Integrated,,,,864.99,$,256.0
dell,XPS 9320 Laptop,13.0,Gray,512 GB,Core i7,32,Windows 11 Home,Wifi & Bluetooth,Integrated,,,,1495.99,$,512.0
lenovo,Legion Pro 5,16.0,Onyx grey,1 TB,Intel Core i9,48,Windows 11 Home,"High Definition Audio, Backlit Keyboard, Anti Glare Coating, Numeric Keypad",Dedicated,,,,2459.0,$,1024.0
dell,Latitude 3520 Laptop,15.0,Black,2000 GB,Core i5,32,Windows 11 Home,Wifi & Bluetooth,Integrated,,,,1032.65,$,2000.0
dell,Latitude 7420 2-in-1,14.0,Black,1000 GB,Core i7,32,Windows 10 Home,Wifi & Bluetooth,Integrated,,,,3869.99,$,1000.0
dell,Latitude 7320 Laptop,13.0,Black,256 GB,Core i5,16,Windows 11 Pro,Wifi & Bluetooth,Integrated,,,,899.99,$,256.0
dell,Latitude 5420 Laptop,14.0,Black,1000 GB,Core i5,8,Windows 10 Home,Wifi & Bluetooth,Integrated,,,,840.99,$,1000.0
hp,,15.0,Black,1000 GB,Pentium N5000,16,Windows 11,,Integrated,Intel,1.1 GHz,4.4,459.99,$,1000.0
dell,Inspiron,16.0,Silver,1000 GB,Intel Core i5,32,Windows 11,,Integrated,Intel,,,899.99,$,1000.0
rokc,Ideapad 3,15.0,Gray,1000 GB,Intel Core i5,20,Windows 11,,Integrated,Intel,,,639.99,$,1000.0
rokc,,14.0,Blue,1000 GB,Intel Core i7,8,Windows 11,,Integrated,Intel,1.2 GHz,,589.99,$,1000.0
rokc,,14.0,Blue,1000 GB,Intel Core i7,8,Windows 11,,Integrated,Intel,1.2 GHz,,589.99,$,1000.0
dell,Precision 7770 Laptop,17.0,Silver,1000 GB,Core i9,16,Windows 11 Pro,Wifi & Bluetooth,Nvidia RTX A1000,,,,2410.99,$,1000.0
lenovo,Yoga 7,15.0,Dark Moss,4 TB,Core i7 Family,12,Windows 10 Pro,"Fingerprint Reader, HD Audio, Backlit Keyboard, Numeric Keypad",Integrated,,,,1409.0,$,4096.0
dell,Inspiron 15 3525,15.0,Platinum Silver,2 TB,AMD Ryzen 7,64,Windows 10 Pro,"Fingerprint Reader, HD Audio, Anti Glare Coating, Memory Card Slot, Numeric Keypad",Dedicated,,,,1469.0,$,2048.0
dell,Precision 7780 Laptop,17.0,Silver,1000 GB,Core i7,32,Windows 11 Home,Wifi & Bluetooth,Integrated,,,,2815.3,$,1000.0
dell,Latitude 5440 Laptop,14.0,Black,512 GB,Core i7,16,Windows 11 Home,Wifi & Bluetooth,Dedicated,,,,1552.3,$,512.0
dell,Latitude 3520 Laptop,15.0,Black,512 GB,Core i5,32,Windows 11 Pro,Wifi & Bluetooth,Integrated,,,,953.82,$,512.0
dell,Latitude 3520 Laptop,15.0,Black,4000 GB,Core i5,16,Windows 10 Home,Wifi & Bluetooth,Integrated,,,,1185.79,$,4000.0
dell,Inspiron 3511 Laptop,15.0,Black,512 GB,Core i5,64,Windows 10 Home,Wifi & Bluetooth,Integrated,,,,776.54,$,512.0
dell,XPS 9510 Laptop,15.0,Platinum Silver,512 GB,Core i5,16,Windows 10 Home,Wifi & Bluetooth,Integrated,,,,1666.65,$,512.0
dell,Inspiron 3511 Laptop,15.0,Black,2000 GB,Core i5,16,Windows 10 Home,Wifi & Bluetooth,Integrated,,,,767.11,$,2000.0
rokc,,15.0,Blue,1152 GB,Pentium,20,Windows 11,,Integrated,Intel,1.1 GHz,5.0,389.99,$,1152.0
hp,,14.0,Rose Gold,64 GB,Celeron N4000,16,Windows 11,,Integrated,Intel,1.1 GHz,4.7,389.99,$,64.0
hp,,15.0,Black,1000 GB,Pentium N5000,16,Windows 11,,Integrated,Intel,1.1 GHz,4.4,459.99,$,1000.0
dell,Inspiron 3511 Laptop,15.0,Black,1000 GB,Core i5,8,Windows 10 Home,Wifi & Bluetooth,Integrated,,,,690.58,$,1000.0
dell,Latitude 3520 Laptop,15.0,Black,4000 GB,Core i7,16,Windows 11 Home,Wifi & Bluetooth,Integrated,,,,1950.99,$,4000.0
dell,Inspiron 3511 Laptop,15.0,Black,1000 GB,Core i5,16,Windows 10 Home,Wifi & Bluetooth,Integrated,,,,619.99,$,1000.0
acer,Nitro 17,17.0,Obsidian Black,4 TB,Ryzen 7,64,Windows 10 Pro,"HD Audio, Backlit Keyboard, Anti Glare Coating, Memory Card Slot, Numeric Keypad",Dedicated,,,,2049.0,$,4096.0
dell,Latitude 7420 Laptop,14.0,Black,2000 GB,Core i5,16,Windows 10 Home,Wifi & Bluetooth,Integrated,,,,886.99,$,2000.0
dell,Inspiron 3511 Laptop,15.0,Black,512 GB,Core i5,32,Windows 10 Home,Wifi & Bluetooth,Integrated,,,,699.99,$,512.0
dell,Latitude 3520 Laptop,15.0,Black,4000 GB,Core i5,64,Windows 11 Home,Wifi & Bluetooth,Integrated,,,,1318.68,$,4000.0
dell,Latitude 7420 Laptop,14.0,,1000 GB,Core i5,16,Windows 11 Home,,Integrated,,,,1267.99,$,1000.0
dell,XPS 9530 Laptop,15.0,Platinum Silver,4000 GB,Core i7,32,Windows 11 Home,Wifi & Bluetooth,Nvidia GeForce RTX 4070,,,,3329.94,$,4000.0
dell,Inspiron 3501 Laptop,15.0,Black,128 GB,Core i5,4,Windows 11 Home,Wifi & Bluetooth,Integrated,,,,608.33,$,128.0
dell,Latitude 9420 Laptop,14.0,Black,256 GB,Core i5,16,Windows 10 Home,Wifi & Bluetooth,Integrated,,,,708.99,$,256.0
dell,Latitude 5420 Laptop,14.0,Black,1000 GB,Core i7,16,Windows 11 Home,Wifi & Bluetooth,Integrated,,,,1424.99,$,1000.0
hp,,15.0,Silver,1000 GB,Intel Core i5,64,Windows 11 Pro,Backlit Keyboard,Integrated,Intel,,4.5,999.99,$,1000.0
rokc,Ideapad 3,15.0,Gray,1000 GB,Intel Core i5,20,Windows 11,,Integrated,Intel,,,639.99,$,1000.0
dell,Inspiron,16.0,Silver,1000 GB,Intel Core i5,32,Windows 11,,Integrated,Intel,,,899.99,$,1000.0
rokc,,14.0,Blue,1000 GB,Intel Core i7,8,Windows 11,,Integrated,Intel,1.2 GHz,,589.99,$,1000.0
dell,Inspiron 3511 Laptop,15.0,Black,500 GB,Core i5,8,Windows 10 Home,Wifi & Bluetooth,Integrated,,,,599.44,$,500.0
dell,Inspiron 3511 Laptop,15.0,Black,4000 GB,Core i5,32,Windows 10 Home,Wifi & Bluetooth,Integrated,,,,955.99,$,4000.0
dell,Latitude 7420 Laptop,14.0,Black,1000 GB,Core i5,16,Windows 10 Home,Wifi & Bluetooth,Integrated,,,,1155.99,$,1000.0
dell,Inspiron 3511 Laptop,15.0,Black,6000 GB,Core i5,16,Windows 10 Home,Wifi & Bluetooth,Integrated,,,,1670.99,$,6000.0
dell,Latitude 5520 Laptop,15.0,Black,256 GB,Core i7,16,Windows 10 Home,Wifi & Bluetooth,Integrated,,,,2366.99,$,256.0
dell,Latitude 3520 Laptop,15.0,Black,512 GB,Core i5,32,Windows 11 Home,Wifi & Bluetooth,Integrated,,,,953.82,$,512.0
rokc,,14.0,Blue,1000 GB,Intel Core i7,8,Windows 11,,Integrated,Intel,1.2 GHz,,589.99,$,1000.0
dell,Latitude 5420 Laptop,14.0,Black,128 GB,Core i5,4,Windows 11 Home,Wifi & Bluetooth,Integrated,,,,1078.99,$,128.0
dell,Latitude 9520 Laptop,15.0,Black,512 GB,Core i7,16,Windows 10 Home,Wifi & Bluetooth,Integrated,,,,1046.99,$,512.0
dell,Latitude 7320 Laptop,13.0,Black,256 GB,Core i5,16,Windows 10 Home,Wifi & Bluetooth,Integrated,,,,683.99,$,256.0
dell,Latitude 5420 Laptop,14.0,Black,512 GB,Core i5,32,Windows 11 Home,Wifi & Bluetooth,Integrated,,,,1125.99,$,512.0
dell,Latitude 7420 Laptop,14.0,,2000 GB,Core i5,,Windows 11 Home,,,,,,1328.99,$,2000.0
dell,Inspiron 3511 Laptop,15.0,Black,2000 GB,Core i5,16,Windows 10 Home,Wifi & Bluetooth,Integrated,,,,714.99,$,2000.0
dell,Precision 7770 Laptop,17.0,Silver,1000 GB,Core i5,32,Windows 11 Pro,Wifi & Bluetooth,Nvidia RTX A5500,,,,3176.99,$,1000.0
rokc,,14.0,Blue,1000 GB,Intel Core i7,8,Windows 11,,Integrated,Intel,1.2 GHz,,589.99,$,1000.0
dell,Precision 7560 Laptop,15.0,Silver,512 GB,Core i7,16,Windows 11 Home,Wifi & Bluetooth,Nvidia T1200,,,,2126.99,$,512.0
dell,Latitude 3520 Laptop,15.0,Black,512 GB,Core i5,32,Windows 11 Home,Wifi & Bluetooth,Integrated,,,,953.82,$,512.0
dell,Latitude 3520 Laptop,15.0,Black,512 GB,Core i7,8,Windows 11 Home,Wifi & Bluetooth,Integrated,,,,1584.99,$,512.0
dell,Vostro 3510 Laptop,15.0,Black,512 GB,Core i7,8,Windows 11 Home,Wifi & Bluetooth,Integrated,,,,921.99,$,512.0
dell,Vostro 3510 Laptop,15.0,Black,256 GB,Core i5,16,Windows 10 Home,Wifi & Bluetooth,Integrated,,,,719.99,$,256.0
dell,XPS 9510 Laptop,15.0,Platinum Silver,512 GB,Core i7,64,Windows 10 Home,Wifi & Bluetooth,Nvidia GeForce RTX 3050 Ti,,,,2877.06,$,512.0
dell,Inspiron 3511 Laptop,15.0,Black,2000 GB,Core i5,64,Windows 10 Home,Wifi & Bluetooth,Integrated,,,,821.99,$,2000.0
dell,Inspiron 3511 Laptop,15.0,Black,512 GB,Core i5,16,Windows 10 Home,Wifi & Bluetooth,Integrated,,,,660.99,$,512.0
dell,Alienware m18 Laptop,18.0,Black,1000 GB,Core i9,32,Windows 11 Home,Wifi & Bluetooth,"Nvidia GeForce RTX 4070, Dedicated",,,,2675.28,$,1000.0
dell,Alienware m16 Laptop,16.0,Black,512 GB,Core i7,32,Windows 11 Pro,Wifi & Bluetooth,Nvidia GeForce RTX 4050,,,,1989.85,$,512.0
dell,Alienware m18 Laptop,18.0,Black,512 GB,Core i7,16,Windows 11 Pro,Wifi & Bluetooth,Nvidia GeForce RTX 4070,,,,2244.54,$,512.0
rokc,,15.0,Blue,1152 GB,Pentium,20,Windows 11,,Integrated,Intel,1.1 GHz,5.0,389.99,$,1152.0
hp,,14.0,Rose Gold,64 GB,Celeron N4000,16,Windows 11,,Integrated,Intel,1.1 GHz,4.7,389.99,$,64.0
hp,,15.0,Black,1000 GB,Pentium N5000,16,Windows 11,,Integrated,Intel,1.1 GHz,4.4,459.99,$,1000.0
dell,Latitude 5520 Laptop,15.0,Black,4000 GB,Core i7,32,Windows 10 Home,Wifi & Bluetooth,Integrated,,,,2109.99,$,4000.0
dell,Latitude 3520 Laptop,15.0,Black,2000 GB,Core i7,32,Windows 11 Home,Wifi & Bluetooth,Integrated,,,,1761.99,$,2000.0
dell,Latitude 5420 Laptop,14.0,Black,2000 GB,Core i5,16,Windows 11 Home,Wifi & Bluetooth,Integrated,,,,1283.99,$,2000.0
dell,Vostro 3510 Laptop,15.0,Black,2000 GB,Core i5,32,Windows 11 Home,Wifi & Bluetooth,Integrated,,,,877.99,$,2000.0
dell,Latitude 5420 Laptop,14.0,Black,512 GB,Core i5,32,Windows 10 Home,Wifi & Bluetooth,Integrated,,,,1231.99,$,512.0
dell,Inspiron 3511 Laptop,15.0,Black,512 GB,Core i5,8,Windows 10 Home,Wifi & Bluetooth,Integrated,,,,647.99,$,512.0
dell,Inspiron 16 5620,16.0,Platinum Silver,2 TB,Core i7 Family,16,Windows 10 Home,"Fingerprint Reader, HD Audio, Backlit Keyboard, Anti Glare Coating, Memory Card Slot",Dedicated,,,,1479.0,$,2048.0
dell,Latitude 7440 Laptop,14.0,Black,1000 GB,Core i7,16,Windows 11 Home,Wifi & Bluetooth,Integrated,,,,1305.17,$,1000.0
dell,Inspiron 5620 Laptop,16.0,"Grey, Gray, Platinum Silver",256 GB,Core i5,12,Windows 10 Home,Wifi & Bluetooth,Integrated,,,,739.99,$,256.0
dell,Latitude 5520 Laptop,15.0,Black,512 GB,Core i5,32,Windows 11 Home,Wifi & Bluetooth,Integrated,,,,953.82,$,512.0
hp,,15.0,Silver,1000 GB,Intel Core i5,64,Windows 11 Pro,Backlit Keyboard,Integrated,Intel,,4.5,999.99,$,1000.0
dell,Inspiron,16.0,Silver,1000 GB,Intel Core i5,32,Windows 11,,Integrated,Intel,,,899.99,$,1000.0
rokc,Ideapad 3,15.0,Gray,1000 GB,Intel Core i5,20,Windows 11,,Integrated,Intel,,,639.99,$,1000.0
rokc,,14.0,Blue,1000 GB,Intel Core i7,8,Windows 11,,Integrated,Intel,1.2 GHz,,589.99,$,1000.0
dell,Latitude 5320 Laptop,13.0,Black,256 GB,Core i7,16,Windows 10 Home,Wifi & Bluetooth,Integrated,,,,821.99,$,256.0
dell,Alienware x14 R2 Laptop,14.0,Silver,1000 GB,Core i7,32,Windows 11 Home,Wifi & Bluetooth,Nvidia GeForce RTX 4060,,,,2033.26,$,1000.0
asus,TUF Gaming A17,17.0,Graphite Black,1 TB,Ryzen 5 4600H,24,Windows 10 Pro,"HD Audio, Backlit Keyboard, Anti Glare Coating, Numeric Keypad",Dedicated,,,,1139.0,$,1024.0
lg,Gram 16 Pro,16.0,Black,8 TB,Core i7 Family,32,Windows 10 Home,"HD Audio, Backlit Keyboard, Anti Glare Coating, Memory Card Slot, Numeric Keypad",Dedicated,,,,2489.99,$,8192.0
dell,Latitude 7440 Laptop,14.0,Black,1000 GB,Core i7,16,Windows 11 Home,Wifi & Bluetooth,Integrated,,,,1305.17,$,1000.0
dell,Precision 7680 Laptop,16.0,Silver,1000 GB,Core i7,32,Windows 11 Pro,Wifi & Bluetooth,Nvidia RTX 2000 Ada,,,,2400.99,$,1000.0
dell,Alienware m15 R5 Ryzen Edition Laptop,15.0,Dark Side of the Moon,2000 GB,AMD Ryzen 7,32,Windows 10 Home,Wifi & Bluetooth,Nvidia GeForce RTX 3070,,,,2255.92,$,2000.0
dell,G15 5530 Laptop,15.0,Gray,1000 GB,Core i7,16,Windows 11 Pro,Wifi & Bluetooth,Nvidia GeForce RTX 4060,,,,1409.99,$,1000.0
dell,Alienware X17 R2 Laptop,17.0,Lunar Light,1000 GB,Core i9,64,Windows 11 Home,Wifi & Bluetooth,Nvidia GeForce RTX 3080 Ti,,,,3196.99,$,1000.0
rokc,,15.0,Blue,1152 GB,Pentium,20,Windows 11,,Integrated,Intel,1.1 GHz,5.0,389.99,$,1152.0
hp,,14.0,Rose Gold,64 GB,Celeron N4000,16,Windows 11,,Integrated,Intel,1.1 GHz,4.7,389.99,$,64.0
hp,,15.0,Black,1000 GB,Pentium N5000,16,Windows 11,,Integrated,Intel,1.1 GHz,4.4,459.99,$,1000.0
dell,Latitude 3420 Laptop,14.0,Black,128 GB,Core i7,4,Windows 11 Home,Wifi & Bluetooth,Integrated,,,,2211.99,$,128.0
dell,Latitude 3520 Laptop,15.0,Black,512 GB,Core i5,64,Windows 10 Home,Wifi & Bluetooth,Integrated,,,,1059.67,$,512.0
dell,Vostro 3510 Laptop,15.0,Black,512 GB,Core i7,16,Windows 10 Home,Wifi & Bluetooth,Integrated,,,,942.99,$,512.0
dell,Latitude 5520 Laptop,15.0,Black,256 GB,Core i7,64,Windows 11 Home,Wifi & Bluetooth,Integrated,,,,2535.99,$,256.0
dell,Inspiron 3511 Laptop,15.0,Black,4000 GB,Core i5,32,Windows 10 Home,Wifi & Bluetooth,Integrated,,,,956.49,$,4000.0
dell,Inspiron 7420 2-in-1,14.0,"Grey, Gray, Platinum Silver",128 GB,Core i7,4,Windows 11 Home,Wifi & Bluetooth,Integrated,,,,777.02,$,128.0
dell,Latitude 7420 Laptop,14.0,Black,256 GB,Core i5,16,Windows 11 Home,Wifi & Bluetooth,Integrated,,,,1014.99,$,256.0
dell,Latitude 5420 Laptop,14.0,Black,256 GB,Core i7,32,Windows 10 Home,Wifi & Bluetooth,Integrated,,,,1015.99,$,256.0
dell,Latitude 5520 Laptop,15.0,Black,512 GB,Core i5,32,Windows 11 Home,Wifi & Bluetooth,Integrated,,,,953.82,$,512.0
dell,Inspiron 3501 Laptop,15.0,Black,2000 GB,Core i3,16,Windows 10 Home,Wifi & Bluetooth,Integrated,,,,635.67,$,2000.0
dell,Latitude 7520 Laptop,15.0,Black,256 GB,Core i5,8,Windows 10 Home,Wifi & Bluetooth,Integrated,,,,1077.99,$,256.0
hp,,15.0,Silver,1000 GB,Intel Core i5,64,Windows 11 Pro,Backlit Keyboard,Integrated,Intel,,4.5,999.99,$,1000.0
dell,Inspiron,16.0,Silver,1000 GB,Intel Core i5,32,Windows 11,,Integrated,Intel,,,899.99,$,1000.0
rokc,Ideapad 3,15.0,Gray,1000 GB,Intel Core i5,20,Windows 11,,Integrated,Intel,,,639.99,$,1000.0
rokc,,14.0,Blue,1000 GB,Intel Core i7,8,Windows 11,,Integrated,Intel,1.2 GHz,,589.99,$,1000.0
dell,Inspiron 3511 Laptop,15.0,Black,256 GB,Core i5,16,Windows 10 Home,Wifi & Bluetooth,Integrated,,,,586.96,$,256.0
dell,XPS 9510 Laptop,15.0,Platinum Silver,512 GB,Core i7,16,Windows 10 Home,Wifi & Bluetooth,Nvidia GeForce RTX 3050 Ti,,,,2810.99,$,512.0
dell,Latitude 7420 Laptop,14.0,Black,256 GB,Core i5,16,Windows 10 Home,Wifi & Bluetooth,Integrated,,,,1056.99,$,256.0
dell,Inspiron 3511 Laptop,15.0,Black,4000 GB,Core i5,64,Windows 10 Home,Wifi & Bluetooth,Integrated,,,,1037.99,$,4000.0
hp,15-DY100,15.0,Natural Silver,2 TB,Core i3-1005G1,48,Windows 11 Home,"HD Audio, Anti Glare Coating, Memory Card Slot, Numeric Keypad",Integrated,,,,839.0,$,2048.0
hp,15-DY200,15.0,Natural Silver,2 TB,Core i7 Family,48,Windows 10 Pro,"HD Audio, Memory Card Slot, Numeric Keypad",Integrated,,,,1239.0,$,2048.0
dell,Latitude 5520 Laptop,15.0,Black,2000 GB,Core i5,32,Windows 11 Home,Wifi & Bluetooth,Integrated,,,,1865.99,$,2000.0
dell,Precision 3580 Laptop,15.0,Silver,256 GB,Core i5,16,Windows 11 Pro,Wifi & Bluetooth,Nvidia GeForce RTX A500,,,,1660.99,$,256.0
dell,Precision 3581 Laptop,15.0,Silver,1000 GB,Core i7,64,Windows 11 Pro,Wifi & Bluetooth,Nvidia RTX A1000,,,,2216.99,$,1000.0
rokc,,15.0,Blue,1152 GB,Pentium,20,Windows 11,,Integrated,Intel,1.1 GHz,5.0,389.99,$,1152.0
hp,,14.0,Rose Gold,64 GB,Celeron N4000,16,Windows 11,,Integrated,Intel,1.1 GHz,4.7,389.99,$,64.0
hp,,15.0,Black,1000 GB,Pentium N5000,16,Windows 11,,Integrated,Intel,1.1 GHz,4.4,459.99,$,1000.0
dell,Precision 5570 Laptop,15.0,Silver,256 GB,Core i5,8,Windows 10 Pro,Wifi & Bluetooth,Nvidia RTX A1000,,,,2007.99,$,256.0
dell,Inspiron 5630 Laptop,16.0,"Gray, Platinum Silver",1000 GB,Core i7,16,Windows 11 Home,Wifi & Bluetooth,Integrated,,,,1043.99,$,1000.0
dell,Inspiron 3501 Laptop,15.0,Black,128 GB,Core i3,8,Windows 10 Home,Wifi & Bluetooth,Integrated,,,,558.99,$,128.0
dell,Inspiron 7420 2-in-1,14.0,"Grey, Gray, Platinum Silver",256 GB,Core i7,16,Windows 11 Home,Wifi & Bluetooth,Integrated,,,,788.28,$,256.0
dell,Inspiron 15,15.0,Carbon Black,1 TB,Ryzen 7,16,Windows 11 Home,"HD Audio, Anti Glare Coating, Memory Card Slot, Numeric Keypad",Integrated,,,,809.99,$,1024.0
dell,Latitude 3520 Laptop,15.0,Black,1000 GB,Core i5,16,Windows 10 Home,Wifi & Bluetooth,Integrated,,,,953.82,$,1000.0
dell,Inspiron 3511 Laptop,15.0,Black,500 GB,Core i5,32,Windows 10 Home,Wifi & Bluetooth,Integrated,,,,645.99,$,500.0
dell,Latitude 7420 Laptop,14.0,Black,512 GB,Core i7,16,Windows 11 Home,Wifi & Bluetooth,Integrated,,,,801.99,$,512.0
dell,Inspiron 7415 2-in-1,14.0,Grey,256 GB,AMD Ryzen 7,12,Windows 11 Home,Wifi & Bluetooth,AMD Integrated Graphics,,,,602.47,$,256.0
dell,Inspiron 3511 Laptop,15.0,Black,2000 GB,Core i5,8,Windows 10 Home,Wifi & Bluetooth,Integrated,,,,693.99,$,2000.0
hp,,15.0,Silver,1000 GB,Intel Core i5,64,Windows 11 Pro,Backlit Keyboard,Integrated,Intel,,4.5,999.99,$,1000.0
dell,Inspiron,16.0,Silver,1000 GB,Intel Core i5,32,Windows 11,,Integrated,Intel,,,899.99,$,1000.0
rokc,Ideapad 3,15.0,Gray,1000 GB,Intel Core i5,20,Windows 11,,Integrated,Intel,,,639.99,$,1000.0
rokc,,14.0,Blue,1000 GB,Intel Core i7,8,Windows 11,,Integrated,Intel,1.2 GHz,,589.99,$,1000.0
dell,Inspiron 3511 Laptop,15.0,Black,512 GB,Core i5,8,Windows 10 Home,Wifi & Bluetooth,Integrated,,,,599.99,$,512.0
dell,Latitude 3520 Laptop,15.0,,512 GB,Core i7,,Windows 10 Home,,,,,,1667.99,$,512.0
dell,Latitude 5420 Laptop,14.0,Black,512 GB,Core i7,8,Windows 10 Home,Wifi & Bluetooth,Integrated,,,,807.99,$,512.0
dell,Latitude 5420 Laptop,14.0,Black,256 GB,Core i5,8,Windows 10 Home,Wifi & Bluetooth,Integrated,,,,765.75,$,256.0
msi,GF63 Thin 10SCXR,15.0,Black,2 TB,Core i5 Family,64,Windows 10 Home,"HD Audio, Backlit Keyboard, Anti Glare Coating",Dedicated,,,,1029.99,$,2048.0
dell,Precision 7560 Laptop,15.0,Silver,256 GB,Core i7,32,Windows 11 Pro,Wifi & Bluetooth,Integrated,,,,2102.99,$,256.0
dell,Latitude 5520 Laptop,15.0,Black,128 GB,Core i7,16,Windows 11 Pro,Wifi & Bluetooth,Integrated,,,,1690.99,$,128.0
dell,Vostro 3510 Laptop,15.0,Black,256 GB,Core i5,16,Windows 11 Pro,Wifi & Bluetooth,Integrated,,,,713.99,$,256.0
dell,Inspiron 5620 Laptop,16.0,"Grey, Gray, Platinum Silver",256 GB,Core i5,12,Windows 10 Home,Wifi & Bluetooth,Integrated,,,,739.99,$,256.0
dell,Vostro 3510 Laptop,15.0,Black,2000 GB,Core i5,32,Windows 11 Pro,Wifi & Bluetooth,Integrated,,,,877.99,$,2000.0
rokc,,15.0,Blue,1152 GB,Pentium,20,Windows 11,,Integrated,Intel,1.1 GHz,5.0,389.99,$,1152.0
hp,,14.0,Rose Gold,64 GB,Celeron N4000,16,Windows 11,,Integrated,Intel,1.1 GHz,4.7,389.99,$,64.0
hp,,15.0,Black,1000 GB,Pentium N5000,16,Windows 11,,Integrated,Intel,1.1 GHz,4.4,459.99,$,1000.0
dell,Latitude 5520 Laptop,15.0,Black,1000 GB,Core i5,8,Windows 11 Pro,Wifi & Bluetooth,Integrated,,,,931.3,$,1000.0
dell,Vostro 3510 Laptop,15.0,Black,512 GB,Core i5,12,Windows 11 Pro,Wifi & Bluetooth,Integrated,,,,732.99,$,512.0
dell,Vostro 3510 Laptop,15.0,Black,128 GB,Core i3,8,Windows 11 Pro,Wifi & Bluetooth,Integrated,,,,691.99,$,128.0
dell,Latitude 3520 Laptop,15.0,,1000 GB,Core i7,,Windows 11 Pro,,,,,,1626.99,$,1000.0
dell,Latitude 5320 Laptop,13.0,Black,256 GB,Core i5,8,Windows 10 Pro,Wifi & Bluetooth,Integrated,,,,739.99,$,256.0
dell,Vostro 7620 Laptop,16.0,Black,4000 GB,Core i7,40,Windows 11 Pro,Wifi & Bluetooth,Nvidia GeForce RTX 3050,,,,1512.99,$,4000.0
dell,Latitude 5520 Laptop,15.0,Black,256 GB,Core i7,8,Windows 11 Pro,Wifi & Bluetooth,Integrated,,,,2337.99,$,256.0
lenovo,ThinkBook 15 G4,15.0,Mineral Grey,2 TB,Core i7 Family,16,Windows 10 Pro,"Fingerprint Reader, Backlit Keyboard, Anti Glare Coating, Memory Card Slot, Numeric Keypad",Integrated,,,,1279.0,$,2048.0
dell,Alienware m16 Laptop,16.0,Black,512 GB,Core i7,32,Windows 11 Pro,Wifi & Bluetooth,Nvidia GeForce RTX 4050,,,,1989.85,$,512.0
dell,Latitude 3540 Laptop,15.0,Black,256 GB,Core i5,16,Windows 11 Pro,Wifi & Bluetooth,Integrated,,,,864.99,$,256.0
hp,,15.0,Silver,1000 GB,Intel Core i5,64,Windows 11 Pro,Backlit Keyboard,Integrated,Intel,,4.5,999.99,$,1000.0
dell,Inspiron,16.0,Silver,1000 GB,Intel Core i5,32,Windows 11,,Integrated,Intel,,,899.99,$,1000.0
rokc,Ideapad 3,15.0,Gray,1000 GB,Intel Core i5,20,Windows 11,,Integrated,Intel,,,639.99,$,1000.0
rokc,,14.0,Blue,1000 GB,Intel Core i7,8,Windows 11,,Integrated,Intel,1.2 GHz,,589.99,$,1000.0
msi,Raider GE76 12UE,17.0,Titanium Blue-Black-Dark Blue-Black,1 TB,Intel Core i9,16,Windows 10 Pro,"HD Audio, Backlit Keyboard, Anti Glare Coating, Memory Card Slot, Numeric Keypad",Dedicated,,,,1999.0,$,1024.0
dell,7520,15.0,Black,256 GB,Core i7,16,Windows 10 Pro,TrackPoint,"Integrated, Dedicated",,,,439.99,$,256.0
dell,Latitude 7420 Laptop,14.0,,1000 GB,Core i7,,Windows 10 Home,,,,,,1528.99,$,1000.0
dell,Inspiron 3511 Laptop,15.0,Black,500 GB,Core i5,8,Windows 10 Home,Wifi & Bluetooth,Integrated,,,,604.99,$,500.0
lenovo,ThinkPad E16 Gen 1,16.0,Graphite Black,1 TB,Core i7 Family,16,Windows 11 Home,"Fingerprint Reader, TrackPoint, Backlit Keyboard, Anti Glare Coating, Numeric Keypad",Integrated,,,,1309.0,$,1024.0
acer,Aspire 3 A315,15.0,Pure Silver,512 GB,Core i5 Family,8,Windows 10 Pro,"HD Audio, Backlit Keyboard, Anti Glare Coating, Numeric Keypad",Integrated,,,,709.0,$,512.0
dell,Latitude 3420 Laptop,14.0,Black,1000 GB,Core i7,64,Windows 10 Home,Wifi & Bluetooth,Integrated,,,,1158.77,$,1000.0
dell,Latitude 5520 Laptop,15.0,Black,256 GB,Core i5,4,Windows 11 Home,Wifi & Bluetooth,Integrated,,,,844.58,$,256.0
dell,G15 5530 Laptop,15.0,Gray,1000 GB,Core i7,16,Windows 11 Home,Wifi & Bluetooth,Nvidia GeForce RTX 4050,,,,1366.99,$,1000.0
dell,Latitude 5320 Laptop,13.0,,256 GB,Core i5,,Windows 11 Pro,,,,,,899.99,$,256.0
rokc,,15.0,Blue,1152 GB,Pentium,20,Windows 11,,Integrated,Intel,1.1 GHz,5.0,389.99,$,1152.0
hp,,14.0,Rose Gold,64 GB,Celeron N4000,16,Windows 11,,Integrated,Intel,1.1 GHz,4.7,389.99,$,64.0
hp,,15.0,Black,1000 GB,Pentium N5000,16,Windows 11,,Integrated,Intel,1.1 GHz,4.4,459.99,$,1000.0
dell,Precision 7670 Laptop,16.0,Silver,2000 GB,Core i9,64,Windows 11 Pro,Wifi & Bluetooth,Nvidia RTX A1000,,,,2738.99,$,2000.0
dell,Latitude 5520 Laptop,15.0,Black,256 GB,Core i5,16,Windows 10 Home,Wifi & Bluetooth,Integrated,,,,1683.99,$,256.0
dell,Latitude 5520 Laptop,15.0,Black,2000 GB,Core i7,64,Windows 11 Home,Wifi & Bluetooth,Integrated,,,,2675.99,$,2000.0
dell,Latitude 5420 Laptop,14.0,Black,256 GB,Core i7,16,Windows 10 Home,Wifi & Bluetooth,Integrated,,,,764.99,$,256.0
dell,Inspiron 3511 Laptop,15.0,Black,4000 GB,Core i5,64,Windows 10 Home,Wifi & Bluetooth,Integrated,,,,1037.99,$,4000.0
dell,Latitude 3520 Laptop,15.0,Black,8000 GB,Core i5,16,Windows 10 Home,Wifi & Bluetooth,Integrated,,,,1887.38,$,8000.0
dell,Latitude 5520 Laptop,15.0,Black,1000 GB,Core i5,32,Windows 10 Home,Wifi & Bluetooth,Integrated,,,,992.1,$,1000.0
dell,Inspiron 3511 Laptop,15.0,Black,2000 GB,Core i5,32,Windows 10 Home,Wifi & Bluetooth,Integrated,,,,742.99,$,2000.0
dell,Latitude 5520 Laptop,15.0,Black,1000 GB,Core i7,16,Windows 10 Home,Wifi & Bluetooth,Integrated,,,,1764.99,$,1000.0
hp,15-DY200,15.0,Natural Silver,512 GB,Core i7 Family,16,Windows 11 Pro,"HD Audio, Memory Card Slot, Numeric Keypad",Integrated,,,,899.0,$,512.0
dell,XPS 9530 Laptop,15.0,Platinum Silver,512 GB,Core i9,16,Windows 11 Pro,Wifi & Bluetooth,Nvidia GeForce RTX 4070,,,,2604.99,$,512.0
hp,,15.0,Silver,1000 GB,Intel Core i5,64,Windows 11 Pro,Backlit Keyboard,Integrated,Intel,,4.5,999.99,$,1000.0
dell,Inspiron,16.0,Silver,1000 GB,Intel Core i5,32,Windows 11,,Integrated,Intel,,,899.99,$,1000.0
rokc,Ideapad 3,15.0,Gray,1000 GB,Intel Core i5,20,Windows 11,,Integrated,Intel,,,639.99,$,1000.0
rokc,,14.0,Blue,1000 GB,Intel Core i7,8,Windows 11,,Integrated,Intel,1.2 GHz,,589.99,$,1000.0
dell,Alienware X17 R2 Laptop,17.0,Lunar Light,2000 GB,Core i7,64,Windows 11 Home,Wifi & Bluetooth,Nvidia GeForce RTX 3060,,,,2921.99,$,2000.0
dell,XPS 9530 Laptop,15.0,Platinum Silver,1000 GB,Core i9,64,Windows 11 Home,Wifi & Bluetooth,Nvidia GeForce RTX 4070,,,,3178.99,$,1000.0
dell,Vostro 7620 Laptop,16.0,Black,2000 GB,Core i7,40,Windows 10 Pro,Wifi & Bluetooth,Nvidia GeForce RTX 3050 Ti,,,,1365.99,$,2000.0
dell,Inspiron 5630 Laptop,16.0,Gray,1000 GB,Core i7,16,Windows 11 Pro,Wifi & Bluetooth,Integrated,,,,1084.99,$,1000.0
dell,Precision 5770 Laptop,17.0,Silver,512 GB,Core i7,64,Windows 11 Pro,Wifi & Bluetooth,Nvidia RTX A3000,,,,3331.99,$,512.0
dell,Alienware m18 Laptop,18.0,Black,1000 GB,Core i9,64,Windows 11 Home,Wifi & Bluetooth,Nvidia GeForce RTX 4080,,,,3002.99,$,1000.0
dell,Latitude 3420 Laptop,14.0,Black,256 GB,Core i5,8,Windows 11 Pro,Wifi & Bluetooth,Nvidia GeForce MX450,,,,813.99,$,256.0
dell,Latitude 7320 Laptop,13.0,,512 GB,Core i5,16,Windows 10 Home,,Integrated,,,,807.99,$,512.0
dell,Latitude 5520 Laptop,15.0,Black,1000 GB,Core i5,16,Windows 11 Home,Wifi & Bluetooth,Integrated,,,,1757.99,$,1000.0
dell,Precision 3470 Laptop,14.0,Silver,256 GB,Core i7,16,Windows 11 Pro,Wifi & Bluetooth,Integrated,,,,1046.99,$,256.0
dell,Latitude 7440 2-in-1,14.0,Black,512 GB,Core i7,16,Windows 11 Pro,Wifi & Bluetooth,Integrated,,,,2401.99,$,512.0
rokc,,15.0,Blue,1152 GB,Pentium,20,Windows 11,,Integrated,Intel,1.1 GHz,5.0,389.99,$,1152.0
hp,,14.0,Rose Gold,64 GB,Celeron N4000,16,Windows 11,,Integrated,Intel,1.1 GHz,4.7,389.99,$,64.0
hp,,15.0,Black,1000 GB,Pentium N5000,16,Windows 11,,Integrated,Intel,1.1 GHz,4.4,459.99,$,1000.0
dell,Alienware m18 Laptop,18.0,Black,1000 GB,Core i9,32,Windows 11 Pro,Wifi & Bluetooth,Nvidia GeForce RTX 4070,,,,2790.04,$,1000.0
msi,Stealth 15M B12UE,15.0,Core Black,2 TB,Core i7 Family,48,Windows 10 Home,"HD Audio, Backlit Keyboard, Anti Glare Coating",Dedicated,,,,1689.0,$,2048.0
dell,Vostro 3510 Laptop,15.0,Black,512 GB,Core i5,32,Windows 11 Pro,Wifi & Bluetooth,Integrated,,,,773.99,$,512.0
dell,Precision 3581 Laptop,15.0,Silver,512 GB,Core i9,16,Windows 11 Pro,Wifi & Bluetooth,Nvidia RTX 2000 Ada,,,,2268.99,$,512.0
dell,Inspiron 5630 Laptop,16.0,"Gray, Platinum Silver",1000 GB,Core i7,16,Windows 11 Home,Wifi & Bluetooth,Nvidia GeForce RTX 2050,,,,1207.99,$,1000.0
dell,Latitude 7440 Laptop,14.0,Black,256 GB,Core i5,16,Windows 11 Pro,,Integrated,Intel Integrated Graphics,,,1212.99,$,256.0
dell,Latitude 7340 Laptop,13.0,Black,512 GB,Core i7,16,Windows 11 Home,Wifi & Bluetooth,Integrated,,,,1311.99,$,512.0
dell,Latitude 3420 Laptop,14.0,,2000 GB,Core i5,,Windows 11 Home,,,,,,880.99,$,2000.0
dell,Inspiron 5410 2-in-1,14.0,"Grey, Platinum Silver",128 GB,Core i5,4,Windows 10 Home,Wifi & Bluetooth,Integrated,,,,764.99,$,128.0
hp,,15.0,Silver,1000 GB,Intel Core i5,64,Windows 11 Pro,Backlit Keyboard,Integrated,Intel,,4.5,999.99,$,1000.0
dell,Inspiron,16.0,Silver,1000 GB,Intel Core i5,32,Windows 11,,Integrated,Intel,,,899.99,$,1000.0
rokc,Ideapad 3,15.0,Gray,1000 GB,Intel Core i5,20,Windows 11,,Integrated,Intel,,,639.99,$,1000.0
rokc,,14.0,Blue,1000 GB,Intel Core i7,8,Windows 11,,Integrated,Intel,1.2 GHz,,589.99,$,1000.0
dell,Latitude 3520 Laptop,15.0,,512 GB,Core i5,,Windows 10 Home,,,,,,921.16,$,512.0
dell,Vostro 3510 Laptop,15.0,Black,512 GB,Core i5,16,Windows 10 Home,Wifi & Bluetooth,Integrated,,,,802.99,$,512.0
dell,Latitude 7420 Laptop,14.0,,512 GB,Core i7,16,Windows 11 Home,,Integrated,,,,801.99,$,512.0
dell,Latitude 5420 Laptop,14.0,Black,1000 GB,Core i5,32,Windows 11 Home,Wifi & Bluetooth,Integrated,,,,1267.99,$,1000.0
dell,Precision 3580 Laptop,15.0,Silver,256 GB,Core i7,16,Windows 11 Pro,Wifi & Bluetooth,Nvidia GeForce RTX A500,,,,1783.99,$,256.0
dell,Latitude 7330 Laptop,13.0,Black,512 GB,Core i7,16,Windows 11 Pro,Wifi & Bluetooth,Integrated,,,,844.58,$,512.0
dell,Alienware m18 Laptop,18.0,Black,4000 GB,Core i9,64,Windows 11 Pro,Wifi & Bluetooth,Nvidia GeForce RTX 4090,,,,4143.99,$,4000.0
asus,TUF Dash 15,15.0,Eclipse Gray,1 TB,Core i7 Family,16,Windows 10 Home,"HD Audio, Backlit Keyboard, Anti Glare Coating",Dedicated,,,,1179.0,$,1024.0
dell,Alienware X16 Laptop,16.0,Silver,1000 GB,Core i7,16,Windows 11 Pro,Wifi & Bluetooth,Nvidia GeForce RTX 4070,,,,2806.99,$,1000.0
dell,Inspiron 3511 Laptop,15.0,Black,1000 GB,Core i5,64,Windows 10 Home,Wifi & Bluetooth,Integrated,,,,809.99,$,1000.0
dell,Inspiron 3511 Laptop,15.0,Black,128 GB,Core i5,16,Windows 10 Home,Wifi & Bluetooth,Integrated,,,,633.99,$,128.0
dell,Inspiron 5630 Laptop,16.0,"Gray, Platinum Silver",512 GB,Core i7,16,Windows 11 Home,Wifi & Bluetooth,Integrated,,,,1043.99,$,512.0
rokc,,15.0,Blue,1152 GB,Pentium,20,Windows 11,,Integrated,Intel,1.1 GHz,5.0,389.99,$,1152.0
hp,,14.0,Rose Gold,64 GB,Celeron N4000,16,Windows 11,,Integrated,Intel,1.1 GHz,4.7,389.99,$,64.0
hp,,15.0,Black,1000 GB,Pentium N5000,16,Windows 11,,Integrated,Intel,1.1 GHz,4.4,459.99,$,1000.0
lenovo,ThinkPad T16 Gen 1,16.0,Thunder Black,1 TB,Core i7 Family,16,Windows 10 Pro,"Fingerprint Reader, TrackPoint, Backlit Keyboard, Anti Glare Coating, Numeric Keypad",Integrated,,,,1839.0,$,1024.0
dell,Latitude 5420 Laptop,14.0,Black,256 GB,Core i5,16,Windows 10 Home,Wifi & Bluetooth,Integrated,,,,764.99,$,256.0
dell,Latitude 7420 2-in-1,14.0,Black,256 GB,Core i5,8,Windows 10 Home,Wifi & Bluetooth,Integrated,,,,1733.99,$,256.0
dell,XPS 9530 Laptop,15.0,Platinum Silver,512 GB,Core i7,16,Windows 11 Pro,Wifi & Bluetooth,Nvidia GeForce RTX 4070,,,,2385.99,$,512.0
dell,Latitude 5440 Laptop,14.0,Black,512 GB,Core i7,32,Windows 11 Pro,Wifi & Bluetooth,Nvidia GeForce MX550,,,,1708.99,$,512.0
asus,TUF Gaming A17,17.0,Graphite Black,1 TB,Ryzen 5 4600H,16,Windows 10 Home,"HD Audio, Backlit Keyboard, Anti Glare Coating, Numeric Keypad",Dedicated,,,,1049.0,$,1024.0
lenovo,IdeaPad 3 81X8,15.0,Almond,1 TB,Core i3 Family,12,Windows 10 Home,"Fingerprint Reader, HD Audio, Anti Glare Coating, Memory Card Slot, Numeric Keypad",Integrated,,,,589.0,$,1024.0
dell,XPS 9320 Laptop,13.0,Platinum,512 GB,Core i7,32,Windows 11 Pro,Wifi & Bluetooth,Integrated,,,,1720.95,$,512.0
dell,Inspiron 15 3525,15.0,Platinum Silver,2 TB,AMD Ryzen 7,24,Windows 11 Pro,"Fingerprint Reader, HD Audio, Anti Glare Coating, Memory Card Slot, Numeric Keypad",Dedicated,,,,1269.0,$,2048.0
dell,Precision 7780 Laptop,17.0,Silver,32 GB,Core i9,128,Windows 11 Pro,Wifi & Bluetooth,Integrated,,,,4618.0,$,32.0
hp,,15.0,Silver,1000 GB,Intel Core i5,64,Windows 11 Pro,Backlit Keyboard,Integrated,Intel,,4.5,999.99,$,1000.0
rokc,,14.0,Blue,1000 GB,Intel Core i7,8,Windows 11,,Integrated,Intel,1.2 GHz,,589.99,$,1000.0
dell,Alienware x14 R2 Laptop,14.0,Silver,4000 GB,Core i7,32,Windows 11 Pro,Wifi & Bluetooth,Nvidia GeForce RTX 4060,,,,2620.99,$,4000.0
dell,Precision 3581 Laptop,15.0,Silver,256 GB,Core i5,16,Windows 11 Pro,Wifi & Bluetooth,Nvidia GeForce RTX A500,,,,1576.99,$,256.0
dell,Latitude 5530 Laptop,15.0,Black,256 GB,Core i7,16,Windows 11 Pro,Wifi & Bluetooth,Nvidia GeForce MX250,,,,1929.99,$,256.0
dell,Latitude 5440 Laptop,14.0,Black,512 GB,Core i7,8,Windows 11 Pro,Wifi & Bluetooth,Integrated,,,,1204.99,$,512.0
dell,Precision 5770 Laptop,17.0,Silver,1000 GB,Core i7,32,Windows 11 Pro,Wifi & Bluetooth,Nvidia RTX A3000,,,,3212.99,$,1000.0
dell,Precision 7780 Laptop,17.0,Silver,512 GB,Core i7,64,Windows 11 Pro,Wifi & Bluetooth,Integrated,,,,2815.3,$,512.0
dell,Precision 7780 Laptop,17.0,Silver,1000 GB,Core i9,64,Windows 11 Home,Wifi & Bluetooth,Integrated,,,,3378.36,$,1000.0
dell,Precision 7770 Laptop,17.0,Silver,256 GB,Core i7,32,Windows 11 Home,Wifi & Bluetooth,Nvidia RTX A3000,,,,2792.78,$,256.0
dell,Precision 3480 Laptop,14.0,Silver,256 GB,Core i7,16,Windows 10 Pro,Wifi & Bluetooth,Integrated,,,,1008.94,$,256.0
dell,Alienware X17 R2 Laptop,17.0,Lunar Light,1000 GB,Core i9,32,Windows 11 Home,Wifi & Bluetooth,Nvidia GeForce RTX 3070 Ti,,,,2580.73,$,1000.0
rokc,,15.0,Blue,1152 GB,Pentium,20,Windows 11,,Integrated,Intel,1.1 GHz,5.0,389.99,$,1152.0
hp,,14.0,Rose Gold,64 GB,Celeron N4000,16,Windows 11,,Integrated,Intel,1.1 GHz,4.7,389.99,$,64.0
hp,,15.0,Black,1000 GB,Pentium N5000,16,Windows 11,,Integrated,Intel,1.1 GHz,4.4,459.99,$,1000.0
dell,Latitude 5520 Laptop,15.0,Black,2000 GB,Core i5,16,Windows 11 Home,Wifi & Bluetooth,Integrated,,,,1816.99,$,2000.0
dell,Latitude 5520 Laptop,15.0,Black,2000 GB,Core i7,32,Windows 11 Home,Wifi & Bluetooth,Integrated,,,,2547.99,$,2000.0
dell,Inspiron 3511 Laptop,15.0,Black,512 GB,Core i5,32,Windows 10 Home,Wifi & Bluetooth,Integrated,,,,640.99,$,512.0
dell,Precision 3480 Laptop,14.0,Silver,512 GB,Core i7,16,Windows 11 Pro,Wifi & Bluetooth,Integrated,,,,1023.99,$,512.0
dell,Latitude 5320 Laptop,13.0,Black,256 GB,Core i5,8,Windows 11 Home,Wifi & Bluetooth,Integrated,,,,730.99,$,256.0
dell,Latitude 7420 Laptop,14.0,Black,1000 GB,Core i7,32,Windows 11 Home,Wifi & Bluetooth,Integrated,,,,1493.99,$,1000.0
dell,Latitude 5520 Laptop,15.0,Black,2000 GB,Core i7,64,Windows 11 Home,Wifi & Bluetooth,Integrated,,,,2675.99,$,2000.0
dell,Latitude 3520 Laptop,15.0,Black,512 GB,Core i7,32,Windows 10 Home,Wifi & Bluetooth,Integrated,,,,1667.99,$,512.0
dell,XPS 9510 Laptop,15.0,Platinum Silver,4000 GB,Core i7,16,Windows 10 Home,Wifi & Bluetooth,Nvidia GeForce RTX 3050 Ti,,,,3496.99,$,4000.0
dell,Latitude 5520 Laptop,15.0,Black,1000 GB,Core i7,64,Windows 11 Home,Wifi & Bluetooth,Integrated,,,,2616.99,$,1000.0
dell,Inspiron 3511 Laptop,15.0,Black,256 GB,Core i5,32,Windows 10 Home,Wifi & Bluetooth,Integrated,,,,672.99,$,256.0
hp,,15.0,Silver,1000 GB,Intel Core i5,64,Windows 11 Pro,Backlit Keyboard,Integrated,Intel,,4.5,999.99,$,1000.0
dell,Inspiron,16.0,Silver,1000 GB,Intel Core i5,32,Windows 11,,Integrated,Intel,,,899.99,$,1000.0
rokc,Ideapad 3,15.0,Gray,1000 GB,Intel Core i5,20,Windows 11,,Integrated,Intel,,,639.99,$,1000.0
rokc,,14.0,Blue,1000 GB,Intel Core i7,8,Windows 11,,Integrated,Intel,1.2 GHz,,589.99,$,1000.0
dell,Alienware m16 R1,16.0,Dark Metallic Moon,4 TB,Core i7 Family,64,Windows 10 Home,"HD Audio, Backlit Keyboard, Anti Glare Coating, Memory Card Slot",Dedicated,,,,2699.0,$,4096.0
dell,Latitude 7420 Laptop,14.0,,256 GB,Core i7,16,Windows 10 Home,,Integrated,,,,1431.99,$,256.0
acer,Nitro 5 AN515,15.0,Obisidian Black,2 TB,Core i7 Family,64,Windows 10 Home,"HD Audio, Backlit Keyboard, Anti Glare Coating, Numeric Keypad",Dedicated,,,,1819.0,$,2048.0
dell,Alienware m16 Laptop,16.0,Black,1000 GB,Core i9,32,Windows 11 Pro,Wifi & Bluetooth,Nvidia GeForce RTX 4090,,,,3514.99,$,1000.0
dell,Latitude 5430 Laptop,14.0,Black,256 GB,Core i7,16,Windows 11 Pro,Wifi & Bluetooth,Integrated,,,,2316.99,$,256.0
dell,Precision 7560 Laptop,15.0,Silver,1000 GB,Core i7,8,Windows 11 Pro,Wifi & Bluetooth,Nvidia T1200,,,,2142.99,$,1000.0
dell,XPS 9530 Laptop,15.0,Platinum Silver,2000 GB,Core i7,32,Windows 11 Pro,Wifi & Bluetooth,Nvidia GeForce RTX 4050,,,,2409.99,$,2000.0
asus,ROG Strix G15,15.0,Eclipse gray,1 TB,AMD Ryzen 7,32,Windows 11 Pro,"HD Audio, Backlit Keyboard, Anti Glare Coating, Numeric Keypad",Dedicated,,,,1279.0,$,1024.0
rokc,,15.0,Blue,1152 GB,Pentium,20,Windows 11,,Integrated,Intel,1.1 GHz,5.0,389.99,$,1152.0
hp,,14.0,Rose Gold,64 GB,Celeron N4000,16,Windows 11,,Integrated,Intel,1.1 GHz,4.7,389.99,$,64.0
hp,,15.0,Black,1000 GB,Pentium N5000,16,Windows 11,,Integrated,Intel,1.1 GHz,4.4,459.99,$,1000.0
dell,Alienware m17 Ryzen Edition R5 Laptop,17.0,Dark Side of the Moon,1000 GB,AMD Ryzen 7,32,Windows 11 Home,Wifi & Bluetooth,Nvidia GeForce RTX 3080,,,,2357.99,$,1000.0
dell,Inspiron 5630 Laptop,16.0,"Gray, Platinum Silver",1000 GB,Core i7,16,Windows 11 Pro,Wifi & Bluetooth,Nvidia GeForce RTX 2050,,,,1249.99,$,1000.0
dell,Alienware m18 Laptop,18.0,Black,1000 GB,Core i7,32,Windows 11 Home,Wifi & Bluetooth,Nvidia GeForce RTX 4070,,,,2517.99,$,1000.0
dell,XPS 9530 Laptop,15.0,Platinum Silver,2000 GB,Core i7,64,Windows 11 Home,Wifi & Bluetooth,Nvidia GeForce RTX 4050,,,,2636.99,$,2000.0
dell,Precision 3480 Laptop,14.0,Silver,512 GB,Core i5,16,Windows 11 Pro,Wifi & Bluetooth,Nvidia GeForce RTX A500,,,,1023.99,$,512.0
dell,Latitude 3520 Laptop,15.0,Black,1000 GB,Core i7,32,Windows 11 Pro,Wifi & Bluetooth,Nvidia GeForce MX350,,,,1143.99,$,1000.0
dell,Latitude 3420 Laptop,14.0,,512 GB,Core i5,16,Windows 10 Home,,Integrated,,,,807.99,$,512.0
dell,Precision 3480 Laptop,14.0,Silver,512 GB,Core i7,32,Windows 11 Pro,Wifi & Bluetooth,Nvidia GeForce RTX A500,,,,1139.99,$,512.0
dell,Latitude 3420 Laptop,14.0,Black,512 GB,Core i5,16,Windows 11 Pro,Wifi & Bluetooth,Integrated,,,,740.99,$,512.0
dell,Precision 7770 Laptop,17.0,Silver,2000 GB,Core i7,64,Windows 11 Pro,Wifi & Bluetooth,Nvidia RTX A4500,,,,3533.99,$,2000.0
hp,,15.0,Silver,1000 GB,Intel Core i5,64,Windows 11 Pro,Backlit Keyboard,Integrated,Intel,,4.5,999.99,$,1000.0
dell,Inspiron,16.0,Silver,1000 GB,Intel Core i5,32,Windows 11,,Integrated,Intel,,,899.99,$,1000.0
rokc,Ideapad 3,15.0,Gray,1000 GB,Intel Core i5,20,Windows 11,,Integrated,Intel,,,639.99,$,1000.0
rokc,,14.0,Blue,1000 GB,Intel Core i7,8,Windows 11,,Integrated,Intel,1.2 GHz,,589.99,$,1000.0
dell,Precision 3470 Laptop,14.0,Silver,512 GB,Core i7,32,Windows 11 Pro,Wifi & Bluetooth,Nvidia Quadro T550,,,,1314.99,$,512.0
dell,G15 5515 Laptop,15.0,Grey,512 GB,AMD Ryzen 7,16,Windows 11 Pro,Wifi & Bluetooth,Nvidia GeForce RTX 3060,,,,1334.99,$,512.0
dell,Alienware m18 Laptop,18.0,Black,4000 GB,Core i9,64,Windows 11 Pro,Wifi & Bluetooth,Nvidia GeForce RTX 4080,,,,3829.99,$,4000.0
dell,Alienware m18 Laptop,18.0,Black,1000 GB,Core i9,32,Windows 11 Home,Wifi & Bluetooth,Nvidia GeForce RTX 4070,,,,2595.99,$,1000.0
dell,XPS 9315 2-in-1,13.0,Platinum Silver,512 GB,Core i5,16,Windows 11 Home,Wifi & Bluetooth,Integrated,,,,1284.99,$,512.0
dell,Alienware m18 Laptop,18.0,Black,1000 GB,Core i9,32,Windows 11 Pro,Wifi & Bluetooth,Nvidia GeForce RTX 4070,,,,2720.99,$,1000.0
dell,Latitude 7340 Laptop,13.0,Black,1000 GB,Core i7,32,Windows 11 Pro,Wifi & Bluetooth,Integrated,,,,1724.99,$,1000.0
dell,Latitude 7440 2-in-1,14.0,Black,256 GB,Core i7,16,Windows 11 Home,Wifi & Bluetooth,Integrated,,,,1357.99,$,256.0
dell,Inspiron 5630 Laptop,16.0,Platinum Silver,1000 GB,Core i7,16,Windows 11 Pro,Wifi & Bluetooth,Integrated,,,,1084.99,$,1000.0
rokc,,15.0,Blue,1152 GB,Pentium,20,Windows 11,,Integrated,Intel,1.1 GHz,5.0,389.99,$,1152.0
hp,,14.0,Rose Gold,64 GB,Celeron N4000,16,Windows 11,,Integrated,Intel,1.1 GHz,4.7,389.99,$,64.0
hp,,15.0,Black,1000 GB,Pentium N5000,16,Windows 11,,Integrated,Intel,1.1 GHz,4.4,459.99,$,1000.0
dell,G7 16 7620,16.0,Obsidian Black,2 TB,Intel Core i9,48,Windows 11 Pro,"HD Audio, Backlit Keyboard, Anti Glare Coating",Dedicated,,,,2219.99,$,2048.0
dell,Inspiron 5630 Laptop,16.0,"Gray, Platinum Silver",1000 GB,Core i7,16,Windows 11 Pro,Wifi & Bluetooth,Integrated,,,,1084.99,$,1000.0
dell,Latitude 5440 Laptop,14.0,Black,256 GB,Core i7,32,Windows 11 Pro,Wifi & Bluetooth,Integrated,,,,954.94,$,256.0
hp,15-DW300,15.0,Natural Silver,2 TB,Core i5 Family,24,Windows 11 Home,"HD Audio, Backlit Keyboard, Anti Glare Coating, Memory Card Slot, Numeric Keypad",Integrated,,,,989.0,$,2048.0
dell,Inspiron 3511 Laptop,15.0,Black,500 GB,Core i5,16,Windows 10 Home,Wifi & Bluetooth,Integrated,,,,618.99,$,500.0
dell,Latitude 5420 Laptop,14.0,Black,512 GB,Core i5,64,Windows 11 Home,Wifi & Bluetooth,Integrated,,,,1313.99,$,512.0
dell,Inspiron 5410 Laptop,14.0,"Grey, Platinum Silver",128 GB,Core i7,4,Windows 10 Home,Wifi & Bluetooth,Integrated,,,,960.99,$,128.0
dell,Latitude 7440 Laptop,14.0,Black,256 GB,Core i7,16,Windows 11 Pro,Wifi & Bluetooth,Integrated,,,,1309.99,$,256.0
dell,Latitude 7440 Laptop,14.0,Black,512 GB,Core i7,16,Windows 11 Pro,Wifi & Bluetooth,Integrated,,,,1422.99,$,512.0
dell,Latitude 3540 Laptop,15.0,Black,512 GB,Core i7,32,Windows 11 Pro,Wifi & Bluetooth,Integrated,,,,1091.99,$,512.0
hp,,15.0,Silver,1000 GB,Intel Core i5,64,Windows 11 Pro,Backlit Keyboard,Integrated,Intel,,4.5,999.99,$,1000.0
dell,Inspiron,16.0,Silver,1000 GB,Intel Core i5,32,Windows 11,,Integrated,Intel,,,899.99,$,1000.0
rokc,Ideapad 3,15.0,Gray,1000 GB,Intel Core i5,20,Windows 11,,Integrated,Intel,,,639.99,$,1000.0
rokc,,14.0,Blue,1000 GB,Intel Core i7,8,Windows 11,,Integrated,Intel,1.2 GHz,,589.99,$,1000.0
dell,XPS 9315 2-in-1,13.0,Platinum Silver,512 GB,Core i5,8,Windows 11 Home,Wifi & Bluetooth,Integrated,,,,1253.99,$,512.0
dell,XPS 9530 Laptop,15.0,Platinum Silver,2000 GB,Core i7,32,Windows 11 Home,Wifi & Bluetooth,Nvidia GeForce RTX 4070,,,,3111.99,$,2000.0
dell,G15 5520,15.0,Dark Shadow Grey,2 TB,Core i7 Family,48,Windows 10 Home,"HD Audio, Backlit Keyboard, Anti Glare Coating, Numeric Keypad",Dedicated,,,,1819.0,$,2048.0
dell,Latitude 7330 2-in-1,13.0,Aluminum,256 GB,Core i5,16,Windows 11 Pro,,Integrated,Intel Integrated Graphics,,,1076.22,$,256.0
dell,Latitude 3520 Laptop,15.0,,2000 GB,Core i5,,Windows 11 Pro,,,,,,989.85,$,2000.0
dell,XPS 9530 Laptop,15.0,Platinum Silver,512 GB,Core i7,32,Windows 11 Home,Wifi & Bluetooth,Intel Arc A370M,,,,1781.99,$,512.0
dell,Latitude 5340 2-in-1,13.0,Black,256 GB,Core i7,16,Windows 10 Home,Wifi & Bluetooth,Integrated,,,,1341.99,$,256.0
dell,Precision 3581 Laptop,15.0,Silver,1000 GB,Core i7,32,Windows 11 Pro,Wifi & Bluetooth,Nvidia GeForce RTX A500,,,,1883.99,$,1000.0
dell,Alienware m17 Ryzen Edition R5 Laptop,17.0,Dark Side of the Moon,512 GB,AMD Ryzen 7,8,Windows 11 Home,Wifi & Bluetooth,Nvidia GeForce RTX 3050 Ti,,,,1282.99,$,512.0
dell,Alienware m18 Laptop,18.0,Black,2000 GB,Core i9,32,Windows 11 Home,Wifi & Bluetooth,Nvidia GeForce RTX 4070,,,,2686.99,$,2000.0
acer,Nitro 5 AN515,15.0,Obsidian Black,1 TB,Core i7 Family,32,Windows 10 Home,"HD Audio, Backlit Keyboard, Anti Glare Coating, Numeric Keypad",Dedicated,,,,1559.0,$,1024.0
rokc,,15.0,Blue,1152 GB,Pentium,20,Windows 11,,Integrated,Intel,1.1 GHz,5.0,389.99,$,1152.0
hp,,14.0,Rose Gold,64 GB,Celeron N4000,16,Windows 11,,Integrated,Intel,1.1 GHz,4.7,389.99,$,64.0
hp,,15.0,Black,1000 GB,Pentium N5000,16,Windows 11,,Integrated,Intel,1.1 GHz,4.4,459.99,$,1000.0
dell,Latitude 7440 Laptop,14.0,Black,1000 GB,Core i7,16,Windows 11 Home,Wifi & Bluetooth,Integrated,,,,1305.17,$,1000.0
dell,G15 5530 Laptop,15.0,Gray,1000 GB,Core i7,16,Windows 11 Pro,Wifi & Bluetooth,Nvidia GeForce RTX 4060,,,,1409.99,$,1000.0
dell,Alienware m18 Laptop,18.0,Black,4000 GB,Core i9,64,Windows 11 Pro,Wifi & Bluetooth,Nvidia GeForce RTX 4090,,,,4143.99,$,4000.0
dell,Latitude 5440 Laptop,14.0,Black,1000 GB,Core i7,32,Windows 11 Home,Wifi & Bluetooth,Integrated,,,,1395.99,$,1000.0
dell,Latitude 7440 Laptop,14.0,Black,512 GB,Core i5,16,Windows 11 Home,Wifi & Bluetooth,Integrated,,,,1229.99,$,512.0
dell,Latitude 3520 Laptop,15.0,Black,2000 GB,Core i5,64,Windows 10 Home,Wifi & Bluetooth,Integrated,,,,1138.5,$,2000.0
dell,Latitude 3520 Laptop,15.0,,2000 GB,Core i7,,Windows 10 Home,,,,,,1768.99,$,2000.0
dell,XPS 9530 Laptop,15.0,Platinum Silver,512 GB,Core i9,32,Windows 11 Home,Wifi & Bluetooth,Nvidia GeForce RTX 4060,,,,2548.99,$,512.0
hp,,15.0,Silver,1000 GB,Intel Core i5,64,Windows 11 Pro,Backlit Keyboard,Integrated,Intel,,4.5,999.99,$,1000.0
dell,Inspiron,16.0,Silver,1000 GB,Intel Core i5,32,Windows 11,,Integrated,Intel,,,899.99,$,1000.0
rokc,Ideapad 3,15.0,Gray,1000 GB,Intel Core i5,20,Windows 11,,Integrated,Intel,,,639.99,$,1000.0
rokc,,14.0,Blue,1000 GB,Intel Core i7,8,Windows 11,,Integrated,Intel,1.2 GHz,,589.99,$,1000.0
dell,XPS 9320 Laptop,13.0,Black,1000 GB,Core i7,32,Windows 11 Home,Wifi & Bluetooth,Integrated,,,,1355.84,$,1000.0
dell,Alienware m18 Laptop,18.0,Black,1000 GB,Core i9,32,Windows 11 Home,,Dedicated,NVIDIA GeForce RTX 4070,,,2477.99,$,1000.0
dell,Precision 7770 Laptop,17.0,Silver,1000 GB,Core i5,32,Windows 11 Pro,Wifi & Bluetooth,Nvidia RTX A5500,,,,3176.99,$,1000.0
dell,XPS 9320 Laptop,13.0,Gray,1000 GB,Core i7,16,Windows 11 Pro,Wifi & Bluetooth,Integrated,,,,1502.99,$,1000.0
dell,Latitude 7440 Laptop,14.0,Black,256 GB,Core i7,16,Windows 11 Pro,Wifi & Bluetooth,Integrated,,,,1455.99,$,256.0
dell,Alienware X16 Laptop,16.0,Silver,1000 GB,Core i7,16,Windows 11 Home,Wifi & Bluetooth,Nvidia GeForce RTX 4050,,,,2280.99,$,1000.0
dell,Latitude 7340 Laptop,13.0,Black,1000 GB,Core i7,32,Windows 11 Pro,Wifi & Bluetooth,Integrated,,,,1614.99,$,1000.0
dell,Alienware m18 Laptop,18.0,Black,2000 GB,Core i7,64,Windows 11 Home,Wifi & Bluetooth,Nvidia GeForce RTX 4070,,,,2659.99,$,2000.0
asus,ASUS TUF Dash 15,15.0,Eclipse Gray,1 TB,Core i7 Family,12,Windows 11 Home,"HD Audio, Backlit Keyboard, Anti Glare Coating",Dedicated,,,,1159.0,$,1024.0
rokc,,15.0,Blue,1152 GB,Pentium,20,Windows 11,,Integrated,Intel,1.1 GHz,5.0,389.99,$,1152.0
hp,,14.0,Rose Gold,64 GB,Celeron N4000,16,Windows 11,,Integrated,Intel,1.1 GHz,4.7,389.99,$,64.0
hp,,15.0,Black,1000 GB,Pentium N5000,16,Windows 11,,Integrated,Intel,1.1 GHz,4.4,459.99,$,1000.0
hp,Pavilion 15,15.0,Natural Silver,512 GB,Core i7 Family,24,Windows 11 Home,"HD Audio, Anti Glare Coating, Memory Card Slot, Numeric Keypad",Integrated,,,,989.0,$,512.0
acer,Aspire 3,17.0,Pure Silver,512 GB,Core i5 Family,8,Windows 11 Pro,"HD Audio, Anti Glare Coating, Numeric Keypad",Integrated,,,,679.0,$,512.0
hp,Envy 17T-CR000,17.0,Natural Silver,512 GB,Core i7 Family,16,Windows 11 Pro,"HD Audio, Backlit Keyboard, Memory Card Slot, Numeric Keypad",Integrated,,,,1299.0,$,512.0
hp,Pavilion 15,15.0,Fog Blue,4 TB,Core i7 Family,64,Windows 10 Home,"Fingerprint Reader, HD Audio, Backlit Keyboard, Numeric Keypad",Integrated,,,,1599.0,$,4096.0
acer,Aspire 5 A515,15.0,Pure Silver,2 TB,Ryzen 7,40,Windows 10 Home,"HD Audio, Backlit Keyboard, Anti Glare Coating, Numeric Keypad",Integrated,,,,1139.0,$,2048.0
hp,,15.0,Silver,1000 GB,Intel Core i5,64,Windows 11 Pro,Backlit Keyboard,Integrated,Intel,,4.5,999.99,$,1000.0
dell,Inspiron,16.0,Silver,1000 GB,Intel Core i5,32,Windows 11,,Integrated,Intel,,,899.99,$,1000.0
rokc,Ideapad 3,15.0,Gray,1000 GB,Intel Core i5,20,Windows 11,,Integrated,Intel,,,639.99,$,1000.0
rokc,,14.0,Blue,1000 GB,Intel Core i7,8,Windows 11,,Integrated,Intel,1.2 GHz,,589.99,$,1000.0
hp,Pavilion 15,15.0,Fog Blue,2 TB,Core i7 Family,32,Windows 11 Pro,"HD Audio, Backlit Keyboard, Anti Glare Coating, Numeric Keypad",Dedicated,,,,1419.0,$,2048.0
hp,Envy x360 2-in-1,15.0,Platinum Grey,2 TB,Core i7 Family,32,Windows 11 Pro,"HD Audio, Backlit Keyboard, Memory Card Slot",Integrated,,,,1599.0,$,2048.0
hp,Pavilion 15-EG200,15.0,Fog blue,1 TB,Core i7 Family,32,Windows 11 Pro,"HD Audio, Backlit Keyboard, Numeric Keypad",Integrated,,,,1239.0,$,1024.0
hp,HP Pavilion 15T-EG300,15.0,Natural Silver,1 TB,Core i7 Family,48,Windows 10 Pro,"HD Audio, Backlit Keyboard, Anti Glare Coating, Numeric Keypad",Dedicated,,,,1379.0,$,1024.0
hp,Envy x360 2-in-1,15.0,Natural Silver,1 TB,Core i5 Family,32,Windows 10 Pro,"Fingerprint Reader, HD Audio, Backlit Keyboard, Memory Card Slot",Integrated,,,,1059.0,$,1024.0
hp,HP EliteBook 840 G6,14.0,Platinum,256 GB,Intel Core i5,16,Windows 10 Pro 64-Bit,Backlit Keyboard,Integrated,,,,322.75,$,256.0
rokc,,15.0,Blue,1152 GB,Pentium,20,Windows 11,,Integrated,Intel,1.1 GHz,5.0,389.99,$,1152.0
hp,,14.0,Rose Gold,64 GB,Celeron N4000,16,Windows 11,,Integrated,Intel,1.1 GHz,4.7,389.99,$,64.0
hp,,15.0,Black,1000 GB,Pentium N5000,16,Windows 11,,Integrated,Intel,1.1 GHz,4.4,459.99,$,1000.0
dell,Latitude 5520 Laptop,15.0,Black,2000 GB,Core i7,64,Windows 10 Home,Wifi & Bluetooth,Integrated,,,,2155.99,$,2000.0
dell,Vostro 3510 Laptop,15.0,Black,1000 GB,Core i7,32,Windows 10 Home,Wifi & Bluetooth,Integrated,,,,1000.99,$,1000.0
dell,Precision 7560 Laptop,15.0,Silver,512 GB,Core i7,16,Windows 10 Home,Wifi & Bluetooth,Nvidia T1200,,,,2219.99,$,512.0
dell,Latitude 5520 Laptop,15.0,Black,256 GB,Core i7,8,Windows 11 Home,Wifi & Bluetooth,Integrated,,,,2337.99,$,256.0
dell,Inspiron 3511 Laptop,15.0,Black,2000 GB,Core i5,32,Windows 10 Home,Wifi & Bluetooth,Integrated,,,,734.99,$,2000.0
dell,Precision 7560 Laptop,15.0,Silver,1000 GB,Core i7,8,Windows 11 Pro,,Dedicated,,,,2142.99,$,1000.0
dell,Precision 7560 Laptop,15.0,Silver,256 GB,Core i7,32,Windows 11 Pro,Wifi & Bluetooth,Integrated,,,,2085.99,$,256.0
dell,XPS 9320 Laptop,13.0,Platinum,512 GB,Core i7,32,Windows 11 Home,Wifi & Bluetooth,Integrated,,,,1730.99,$,512.0
dell,G15,15.0,Dark Shadow Grey,1 TB,Core i7 Family,24,Windows 11 Pro,"HD Audio, Backlit Keyboard, Anti Glare Coating, Numeric Keypad",Dedicated,,,,1599.0,$,1024.0
hp,,15.0,Silver,1000 GB,Intel Core i5,64,Windows 11 Pro,Backlit Keyboard,Integrated,Intel,,4.5,999.99,$,1000.0
dell,Inspiron,16.0,Silver,1000 GB,Intel Core i5,32,Windows 11,,Integrated,Intel,,,899.99,$,1000.0
rokc,Ideapad 3,15.0,Gray,1000 GB,Intel Core i5,20,Windows 11,,Integrated,Intel,,,639.99,$,1000.0
rokc,,14.0,Blue,1000 GB,Intel Core i7,8,Windows 11,,Integrated,Intel,1.2 GHz,,589.99,$,1000.0
dell,Latitude 5340 Laptop,13.0,Black,256 GB,Core i5,16,Windows 11 Pro,Wifi & Bluetooth,Integrated,,,,991.99,$,256.0
dell,Latitude 5540 Laptop,15.0,Black,512 GB,Core i5,32,Windows 11 Pro,Wifi & Bluetooth,Integrated,,,,1382.99,$,512.0
hp,Envy x360 2-in-1,15.0,Platinum Silver,1 TB,Core i7 Family,32,Windows 10 Home,"Fingerprint Reader, HD Audio, Backlit Keyboard, Memory Card Slot",Integrated,,,,1349.0,$,1024.0
dell,XPS 9320 Laptop,13.0,"Gray, Silver",1000 GB,Core i7,32,Windows 11 Home,Wifi & Bluetooth,Integrated,,,,1725.99,$,1000.0
dell,Precision Workstation 5770,17.0,Silver,1 TB,Intel Core i9,64,Windows 11 Pro,Backlit Keyboard,Dedicated,,,,3049.0,$,1024.0
rokc,,15.0,Blue,1152 GB,Pentium,20,Windows 11,,Integrated,Intel,1.1 GHz,5.0,389.99,$,1152.0
hp,,14.0,Rose Gold,64 GB,Celeron N4000,16,Windows 11,,Integrated,Intel,1.1 GHz,4.7,389.99,$,64.0
hp,,15.0,Black,1000 GB,Pentium N5000,16,Windows 11,,Integrated,Intel,1.1 GHz,4.4,459.99,$,1000.0
lg,Gram 17Z95P,17.0,Black,4 TB,Core i7 Family,16,Windows 10 Pro,"Fingerprint Reader, Backlit Keyboard, Anti Glare Coating, Memory Card Slot, Numeric Keypad",Integrated,,,,1669.0,$,4096.0
acer,Nitro 5 AN515,15.0,Shale Black,1 TB,Core i7 Family,32,Windows 10 Pro,"HD Audio, Backlit Keyboard, Anti Glare Coating, Numeric Keypad",Dedicated,,,,1199.0,$,1024.0
lg,Gram 16Z90P,16.0,Black,2 TB,Core i7 Family,16,Windows 10 Pro,"Fingerprint Reader, HD Audio, Backlit Keyboard, Memory Card Slot, Numeric Keypad",Integrated,,,,1709.0,$,2048.0
hp,,15.0,Silver,1000 GB,Intel Core i5,64,Windows 11 Pro,Backlit Keyboard,Integrated,Intel,,4.5,999.99,$,1000.0
dell,Inspiron,16.0,Silver,1000 GB,Intel Core i5,32,Windows 11,,Integrated,Intel,,,899.99,$,1000.0
rokc,Ideapad 3,15.0,Gray,1000 GB,Intel Core i5,20,Windows 11,,Integrated,Intel,,,639.99,$,1000.0
rokc,,14.0,Blue,1000 GB,Intel Core i7,8,Windows 11,,Integrated,Intel,1.2 GHz,,589.99,$,1000.0
samsung,Galaxy Book2 Pro 360 5G,13.0,Gray,256 GB,Snapdragon,16,Windows 11 Home,"Fingerprint Reader, Backlit Keyboard, Support Stylus, Memory Card Slot",Integrated,,,,1449.99,$,256.0
lenovo,Legion 5,15.0,Storm Grey,2 TB,Ryzen 7,16,Windows 11 Pro,"HD Audio, Backlit Keyboard, Anti Glare Coating, Numeric Keypad",Dedicated,,,5.0,2169.99,$,2048.0
acer,Aspire 15 A517,17.0,Pure Silver,512 GB,Core i7 Family,12,Windows 10 Home,"Fingerprint Reader, HD Audio, Backlit Keyboard, Anti Glare Coating, Numeric Keypad",Integrated,,,,799.0,$,512.0
hp,Envy 17T-CH100,17.0,Natural Silver,1 TB,Core i7 Family,32,Windows 10 Pro,"Fingerprint Reader, HD Audio, Backlit Keyboard, Memory Card Slot, Numeric Keypad",Integrated,,,,1389.0,$,1024.0
rokc,,15.0,Blue,1152 GB,Pentium,20,Windows 11,,Integrated,Intel,1.1 GHz,5.0,389.99,$,1152.0
hp,,14.0,Rose Gold,64 GB,Celeron N4000,16,Windows 11,,Integrated,Intel,1.1 GHz,4.7,389.99,$,64.0
hp,,15.0,Black,1000 GB,Pentium N5000,16,Windows 11,,Integrated,Intel,1.1 GHz,4.4,459.99,$,1000.0
hp,Omen 16T-N000,16.0,Mica Silver,2 TB,Ryzen 7,48,Windows 10 Home,"HD Audio, Backlit Keyboard, Anti Glare Coating, Memory Card Slot",Dedicated,,,,1829.0,$,2048.0
rokc,,14.0,Blue,1000 GB,Intel Core i7,8,Windows 11,,Integrated,Intel,1.2 GHz,,589.99,$,1000.0
lenovo,ThinkPad T14 Gen 1,14.0,Black,1 TB,Ryzen 5,24,Windows 11 Home,"Fingerprint Reader, TrackPoint, Backlit Keyboard, Anti Glare Coating, Memory Card Slot",Integrated,,,,899.0,$,1024.0
hp,Envy 17-CR100,17.0,Platinum Silver,2 TB,Core i7 Family,12,Windows 11 Pro,"HD Audio, Backlit Keyboard, Anti Glare Coating, Memory Card Slot, Numeric Keypad",Integrated,,,,1529.0,$,2048.0
lg,Gram 16 2-in-1,16.0,Black,2 TB,Core i7 Family,16,Windows 11 Pro,"Fingerprint Reader, HD Audio, Backlit Keyboard, Memory Card Slot",Integrated,,,,1529.0,$,2048.0
dell,Inspiron i7430 2-in-1,14.0,Platinum Silver,1 TB,Core i7 Family,16,Windows 10 Pro,"Fingerprint Reader, HD Audio, Backlit Keyboard, Memory Card Slot",Integrated,,,,1299.0,$,1024.0
rokc,,15.0,Blue,1152 GB,Pentium,20,Windows 11,,Integrated,Intel,1.1 GHz,5.0,389.99,$,1152.0
hp,,14.0,Rose Gold,64 GB,Celeron N4000,16,Windows 11,,Integrated,Intel,1.1 GHz,4.7,389.99,$,64.0
hp,,15.0,Black,1000 GB,Pentium N5000,16,Windows 11,,Integrated,Intel,1.1 GHz,4.4,459.99,$,1000.0
dell,XPS 9320 Laptop,13.0,Gray,1000 GB,Core i7,16,Windows 11 Home,,Integrated,Intel Integrated Graphics,,,1493.99,$,1000.0
hp,14-DQ100,14.0,Natural Silver,1 TB,Core i3-1005G1,24,Windows 10 Home,"HD Audio, Backlit Keyboard, Memory Card Slot",Integrated,,,,669.0,$,1024.0
dell,Precision 3581 Laptop,15.0,Silver,512 GB,Core i7,16,Windows 11 Pro,,Integrated,Intel Integrated Graphics,,,1462.99,$,512.0
hp,VNE-HP-15-DY1079MS,15.0,Silver,512 GB,Core i7 Family,,Windows 10 Home,,Integrated,Intel UHD Graphics,1.3 GHz,,909.99,$,512.0
hp,,15.0,Silver,1000 GB,Intel Core i5,64,Windows 11 Pro,Backlit Keyboard,Integrated,Intel,,4.5,999.99,$,1000.0
dell,Inspiron,16.0,Silver,1000 GB,Intel Core i5,32,Windows 11,,Integrated,Intel,,,899.99,$,1000.0
rokc,Ideapad 3,15.0,Gray,1000 GB,Intel Core i5,20,Windows 11,,Integrated,Intel,,,639.99,$,1000.0
rokc,,14.0,Blue,1000 GB,Intel Core i7,8,Windows 11,,Integrated,Intel,1.2 GHz,,589.99,$,1000.0
dell,XPS 9520 Laptop,15.0,Platinum Silver,256 GB,Core i7,4,Windows 11 Pro,,Dedicated,NVIDIA GeForce RTX 3050,,,1563.99,$,256.0
dell,Inspiron 7420 2-in-1,14.0,"Grey, Gray, Platinum Silver",2000 GB,Core i5,64,Windows 11 Pro,,Integrated,Intel Integrated Graphics,,,1001.11,$,2000.0
dell,XPS 9520 Laptop,15.0,Platinum Silver,1000 GB,Core i7,,Windows 10 Pro,,Dedicated,NVIDIA GeForce RTX 3050,3.5 GHz,,1681.99,$,1000.0
dell,Inspiron 5620 Laptop,16.0,"Gray, Platinum Silver",4000 GB,Core i5,64,Windows 10 Pro,,Integrated,Intel Integrated Graphics,,,1227.99,$,4000.0
dell,Latitude 3540 Laptop,15.0,Black,256 GB,Core i7,32,Windows 11 Pro,,Integrated,Intel Integrated Graphics,,,1028.99,$,256.0
rokc,,15.0,Blue,1152 GB,Pentium,20,Windows 11,,Integrated,Intel,1.1 GHz,5.0,389.99,$,1152.0
hp,,14.0,Rose Gold,64 GB,Celeron N4000,16,Windows 11,,Integrated,Intel,1.1 GHz,4.7,389.99,$,64.0
hp,,15.0,Black,1000 GB,Pentium N5000,16,Windows 11,,Integrated,Intel,1.1 GHz,4.4,459.99,$,1000.0
msi,Raider GE76 12UE,17.0,Titanium Blue-Black-Dark Blue-Black,1 TB,Intel Core i9,32,Windows 11 Pro,"HD Audio, Backlit Keyboard, Anti Glare Coating, Memory Card Slot, Numeric Keypad",Dedicated,,,,1844.1,$,1024.0
hp,Omen 16-N000,16.0,Mica Silver,2 TB,AMD Ryzen 7,24,Windows 11 Home,"High Definition Audio, Backlit Keyboard, Anti Glare Coating, Memory Card Slot",Dedicated,,,,1409.0,$,2048.0
dell,Latitude 3540 Laptop,15.0,Black,1000 GB,Core i7,,Windows 11 Pro,,Integrated,Intel Integrated Graphics,3.7 GHz,,1071.99,$,1000.0
dell,Precision 7670 Laptop,16.0,Silver,512 GB,Core i7,,Windows 11 Pro,,Integrated,NVIDIA RTX A4500,3.4 GHz,,2939.99,$,512.0
hp,,15.0,Silver,1000 GB,Intel Core i5,64,Windows 11 Pro,Backlit Keyboard,Integrated,Intel,,4.5,999.99,$,1000.0
dell,Inspiron,16.0,Silver,1000 GB,Intel Core i5,32,Windows 11,,Integrated,Intel,,,899.99,$,1000.0
rokc,Ideapad 3,15.0,Gray,1000 GB,Intel Core i5,20,Windows 11,,Integrated,Intel,,,639.99,$,1000.0
rokc,,14.0,Blue,1000 GB,Intel Core i7,8,Windows 11,,Integrated,Intel,1.2 GHz,,589.99,$,1000.0
dell,,15.0,Gray,512 GB,Core i5,16,Windows 11 Home,,Dedicated,NVIDIA GeForce RTX 3050,3.1 GHz,,1068.99,$,512.0
hp,HP Pavilion x360,14.0,Natural Silver,512 GB,Core i5 Family,8,Windows 11 Pro,"Fingerprint Reader, HD Audio, Backlit Keyboard, Memory Card Slot",Integrated,,,,729.0,$,512.0
dell,G16 7620,16.0,Obsidian Black,4 TB,Intel Core i7,64,Windows 11 Home,"HD Audio, Backlit Keyboard, Anti Glare Coating",Dedicated,,,,2069.0,$,4096.0
dell,Dell 5000,16.0,Platinum Silver,512 GB,Ryzen 5,16,Windows 10 Pro,"Fingerprint Reader, HD Audio, Backlit Keyboard, Anti Glare Coating, Memory Card Slot",Integrated,,,,708.99,$,512.0
rokc,,15.0,Blue,1152 GB,Pentium,20,Windows 11,,Integrated,Intel,1.1 GHz,5.0,389.99,$,1152.0
hp,,14.0,Rose Gold,64 GB,Celeron N4000,16,Windows 11,,Integrated,Intel,1.1 GHz,4.7,389.99,$,64.0
hp,,15.0,Black,1000 GB,Pentium N5000,16,Windows 11,,Integrated,Intel,1.1 GHz,4.4,459.99,$,1000.0
dell,Inspiron 3511 Laptop,15.0,Black,128 GB,Core i3,12,Windows 10 Home,Wifi & Bluetooth,Integrated,,,,556.99,$,128.0
dell,Latitude 5340 2-in-1,13.0,Black,256 GB,Core i5,16,Windows 10 Home,Wifi & Bluetooth,Integrated,,,,1197.99,$,256.0
dell,Latitude 7420 Laptop,14.0,Black,1000 GB,Core i7,16,Windows 11 Home,Wifi & Bluetooth,Integrated,,,,834.99,$,1000.0
dell,Latitude 9520 Laptop,15.0,Black,512 GB,Core i5,16,Windows 10 Home,Wifi & Bluetooth,Integrated,,,,1046.99,$,512.0
dell,Latitude 9520 Laptop,15.0,Black,128 GB,Core i5,8,Windows 10 Home,Wifi & Bluetooth,Integrated,,,,1021.99,$,128.0
dell,Latitude 5431 Laptop,14.0,Black,1000 GB,Core i7,32,Windows 11 Pro,Wifi & Bluetooth,Dedicated,,,,1327.99,$,1000.0
dell,Alienware m16 Laptop,16.0,Black,4000 GB,Core i9,64,Windows 11 Pro,Wifi & Bluetooth,Nvidia GeForce RTX 4090,,,,4881.99,$,4000.0
lenovo,Yoga 7 2-in-1,15.0,Dark Moss,2 TB,Core i7 Family,12,Windows 11 Pro,"Fingerprint Reader, HD Audio, Backlit Keyboard, Numeric Keypad",Integrated,,,,1229.0,$,2048.0
dell,Latitude 5440 Laptop,14.0,Black,256 GB,Core i7,8,Windows 11 Pro,Wifi & Bluetooth,Integrated,,,,1161.99,$,256.0
dell,Precision 3581 Laptop,15.0,Silver,512 GB,Core i5,32,Windows 11 Pro,Wifi & Bluetooth,Nvidia GeForce RTX A500,,,,1513.99,$,512.0
rokc,,14.0,Blue,1000 GB,Intel Core i7,8,Windows 11,,Integrated,Intel,1.2 GHz,,589.99,$,1000.0
dell,XPS 9530 Laptop,15.0,Platinum Silver,1000 GB,Core i7,16,Windows 11 Pro,Wifi & Bluetooth,Nvidia GeForce RTX 4070,,,,2368.99,$,1000.0
dell,Precision 5760 Laptop,17.0,Silver,2000 GB,Core i7,64,Windows 11 Pro,Wifi & Bluetooth,Nvidia RTX A2000,,,,3179.99,$,2000.0
dell,Alienware m18 Laptop,18.0,Black,1000 GB,Core i7,32,Windows 11 Pro,Wifi & Bluetooth,Nvidia GeForce RTX 4070,,,,2408.99,$,1000.0
acer,Aspire 3 A315,15.0,Pure Silver,2 TB,Core i5 Family,8,Windows 11 Home,"HD Audio, Backlit Keyboard, Anti Glare Coating, Numeric Keypad",Integrated,,,,1039.0,$,2048.0
lg,LG Gram 17Z90Q,17.0,Gray,3 TB,Core i7 Family,16,Windows 10 Pro,"HD Audio, Backlit Keyboard, Anti Glare Coating, Memory Card Slot, Numeric Keypad",Integrated,,,,1729.0,$,3072.0
rokc,,15.0,Blue,1152 GB,Pentium,20,Windows 11,,Integrated,Intel,1.1 GHz,5.0,389.99,$,1152.0
rokc,,14.0,Blue,1000 GB,Intel Core i7,8,Windows 11,,Integrated,Intel,1.2 GHz,,589.99,$,1000.0
dell,XPS 9320 Laptop,13.0,"Gray, Silver",512 GB,Core i7,32,Windows 11 Pro,,Integrated,Intel Integrated Graphics,,,1537.99,$,512.0
dell,Inspiron 3501 Laptop,15.0,Soft Mint,2000 GB,Core i5,32,Windows 11 Pro,Wifi & Bluetooth,Integrated,,,,802.99,$,2000.0
dell,G16 7630 Laptop,16.0,Gray,1000 GB,Core i9,32,Windows 11 Home,,Integrated,NVIDIA GeForce RTX 4070,,,1680.99,$,1000.0
dell,XPS 9320 Laptop,13.0,"Gray, Silver",512 GB,Core i7,32,Windows 11 Home,,Integrated,Intel Integrated Graphics,,,1495.99,$,512.0
dell,Inspiron 3501 Laptop,15.0,Black,256 GB,Core i3,8,Windows 10 Home,Wifi & Bluetooth,Integrated,,,,607.99,$,256.0
dell,Alienware m16 Laptop,16.0,Black,1000 GB,Core i7,64,Windows 11 Pro,,Dedicated,NVIDIA GeForce RTX 4070,,,2032.65,$,1000.0
dell,Inspiron 3501 Laptop,15.0,Soft Mint,256 GB,Core i5,8,Windows 11 Pro,Wifi & Bluetooth,Integrated,,,,637.99,$,256.0
dell,Latitude 7420 Laptop,14.0,,256 GB,Core i7,16,Windows 10 Pro,,Integrated,Intel Integrated Graphics,1.8 GHz,,1444.99,$,256.0
dell,XPS 9320 Laptop,13.0,Gray,2000 GB,Core i7,32,Windows 11 Pro,,Integrated,Intel Integrated Graphics,,,1889.99,$,2000.0
rokc,,14.0,Blue,1000 GB,Intel Core i7,8,Windows 11,,Integrated,Intel,1.2 GHz,,589.99,$,1000.0
dell,XPS 9530 Laptop,15.0,Platinum Silver,512 GB,Core i7,16,Windows 11 Home,Wifi & Bluetooth,Nvidia GeForce RTX 4050,,,,1565.99,$,512.0
dell,DELL i3,16.0,carbon black,256 GB,Intel Core i3,8,Windows 11,"Intel UHD Graphics with shared graphics memory, Long life battery",Integrated,,,,415.99,$,256.0
lenovo,Legion 5,15.0,Storm Grey,1 TB,Ryzen 7,48,Windows 11 Home,"HD Audio, Backlit Keyboard, Anti Glare Coating, Numeric Keypad",Dedicated,,,,1899.0,$,1024.0
lenovo,IdeaPad 3 82H7,14.0,Arctic Grey,2 TB,Core i7 Family,8,Windows 10 Home,"Fingerprint Reader, HD Audio, Anti Glare Coating, Memory Card Slot",Integrated,,,,999.0,$,2048.0
hp,Omen 17T-CK200,17.0,Shadow Black,2 TB,Intel Core i9,64,Windows 11 Home,"HD Audio, Backlit Keyboard, Anti Glare Coating, Memory Card Slot",Dedicated,,,,3769.0,$,2048.0
rokc,,15.0,Blue,1152 GB,Pentium,20,Windows 11,,Integrated,Intel,1.1 GHz,5.0,389.99,$,1152.0
hp,,14.0,Rose Gold,64 GB,Celeron N4000,16,Windows 11,,Integrated,Intel,1.1 GHz,4.7,389.99,$,64.0
hp,,15.0,Black,1000 GB,Pentium N5000,16,Windows 11,,Integrated,Intel,1.1 GHz,4.4,459.99,$,1000.0
asus,Rog Strix Scar G533Z,15.0,Off Black,1 TB,Intel Core i9,32,Windows 11 Pro,"HD Audio, Backlit Keyboard, Anti Glare Coating, Numeric Keypad",Dedicated,,,,2299.0,$,1024.0
dell,XPS 9520 Laptop,15.0,Platinum Silver,1000 GB,Core i7,,Windows 10 Pro,,,NVIDIA GeForce RTX 3050,3.5 GHz,,1693.99,$,1000.0
dell,XPS 9520 Laptop,15.0,Platinum Silver,2000 GB,Core i7,,Windows 11 Home,,Dedicated,NVIDIA GeForce RTX 3050,3.5 GHz,,1714.99,$,2000.0
dell,Inspiron 3515 Laptop,15.0,Black,1000 GB,AMD Ryzen 7,32,Windows 11 Home,,Integrated,AMD Integrated Graphics,,,1079.99,$,1000.0
rokc,,14.0,Blue,1000 GB,Intel Core i7,8,Windows 11,,Integrated,Intel,1.2 GHz,,589.99,$,1000.0
dell,Latitude Rugged Extreme 7230 Laptop,12.0,Black,512 GB,Core i5,32,Windows 11 Pro,,Integrated,Intel Integrated Graphics,,,2696.99,$,512.0
hp,Envy x360 2-in-1,15.0,Natural Silver,2 TB,Core i5 Family,8,Windows 10 Home,"Fingerprint Reader, HD Audio, Backlit Keyboard, Memory Card Slot",Integrated,,,,1209.0,$,2048.0
dell,Precision 7670 Laptop,16.0,Silver,256 GB,Core i9,16,Windows 11 Pro,,Integrated,Intel Integrated Graphics,,,1927.99,$,256.0
dell,Latitude Rugged Extreme 7230 Laptop,12.0,Black,512 GB,Core i5,32,Windows 11 Pro,Wifi & Bluetooth,Integrated,,,,2691.99,$,512.0
hp,Stream 14-DQ00,14.0,Snowflake White,64 GB,Celeron N4020,4,Windows 11 Home,"HD Audio, Memory Card Slot",Integrated,,,,299.0,$,64.0
lenovo,Ideapad 3 82H8,15.0,Arctic Grey,1 TB,Core i5 Family,8,Windows 11 Pro,"HD Audio, Anti Glare Coating, Memory Card Slot, Numeric Keypad",Integrated,,,,819.0,$,1024.0
acer,Predator Helios 300,15.0,Abyssal Black,2 TB,Core i7 Family,24,Windows 11 Home,"HD Audio, Backlit Keyboard, Anti Glare Coating, Numeric Keypad",Dedicated,,,,1629.0,$,2048.0
rokc,,15.0,Blue,1152 GB,Pentium,20,Windows 11,,Integrated,Intel,1.1 GHz,5.0,389.99,$,1152.0
hp,,14.0,Rose Gold,64 GB,Celeron N4000,16,Windows 11,,Integrated,Intel,1.1 GHz,4.7,389.99,$,64.0
hp,,15.0,Black,1000 GB,Pentium N5000,16,Windows 11,,Integrated,Intel,1.1 GHz,4.4,459.99,$,1000.0
dell,XPS 9320 Laptop,13.0,Gray,1000 GB,Core i7,16,Windows 11 Pro,,Integrated,Intel Integrated Graphics,,,1517.99,$,1000.0
dell,Precision 3580 Laptop,15.0,Silver,512 GB,Core i7,,Windows 11 Pro,,Integrated,Intel Integrated Graphics,3.9 GHz,,2425.07,$,512.0
dell,XPS 9520 Laptop,15.0,Platinum Silver,1000 GB,Core i7,,Windows 10 Pro,,,NVIDIA GeForce RTX 3050,3.5 GHz,,1655.99,$,1000.0
dell,Precision 7670 Laptop,16.0,Silver,1000 GB,Core i7,32,Windows 11 Pro,,Integrated,NVIDIA RTX A3000,,,2324.99,$,1000.0
dell,Inspiron 3511 Laptop,15.0,Black,512 GB,Core i5,4,Windows 11 Pro,Wifi & Bluetooth,Integrated,,,,597.99,$,512.0
dell,Latitude 7320 Laptop,13.0,Black,256 GB,Core i7,16,Windows 11 Home,Wifi & Bluetooth,Integrated,,,,900.89,$,256.0
hp,,15.0,Silver,1000 GB,Intel Core i5,64,Windows 11 Pro,Backlit Keyboard,Integrated,Intel,,4.5,999.99,$,1000.0
dell,Inspiron,16.0,Silver,1000 GB,Intel Core i5,32,Windows 11,,Integrated,Intel,,,899.99,$,1000.0
rokc,Ideapad 3,15.0,Gray,1000 GB,Intel Core i5,20,Windows 11,,Integrated,Intel,,,639.99,$,1000.0
rokc,,14.0,Blue,1000 GB,Intel Core i7,8,Windows 11,,Integrated,Intel,1.2 GHz,,589.99,$,1000.0
dell,Inspiron 3510 Laptop,15.0,Black,1000 GB,,32,Windows 11 Pro,Wifi & Bluetooth,Integrated,,1.1 GHz,,951.99,$,1000.0
dell,Precision 7670 Laptop,16.0,Silver,1000 GB,Core i7,,Windows 11 Pro,,,NVIDIA RTX A3000,3.4 GHz,,2310.99,$,1000.0
dell,Alienware m16 Laptop,16.0,Black,512 GB,Core i9,32,Windows 11 Home,,Dedicated,NVIDIA GeForce RTX 4090,,,3319.99,$,512.0
dell,Alienware m16 Laptop,16.0,Black,1000 GB,Core i7,64,Windows 11 Home,,Dedicated,NVIDIA GeForce RTX 4060,,,2100.22,$,1000.0
dell,XPS 9520 Laptop,15.0,Platinum Silver,2000 GB,Core i7,32,Windows 10 Pro,,Dedicated,NVIDIA GeForce RTX 3050 Ti,,,2648.99,$,2000.0
dell,Latitude 7420 Laptop,14.0,,1000 GB,Core i7,16,Windows 10 Pro,,Integrated,Intel Integrated Graphics,1.8 GHz,4.0,1528.99,$,1000.0
dell,Precision 5760 Laptop,17.0,Silver,512 GB,Intel Xeon,32,Windows 11 Pro,Wifi & Bluetooth,Nvidia RTX A3000,,,,2785.99,$,512.0
rokc,,15.0,Blue,1152 GB,Pentium,20,Windows 11,,Integrated,Intel,1.1 GHz,5.0,389.99,$,1152.0
hp,,14.0,Rose Gold,64 GB,Celeron N4000,16,Windows 11,,Integrated,Intel,1.1 GHz,4.7,389.99,$,64.0
hp,,15.0,Black,1000 GB,Pentium N5000,16,Windows 11,,Integrated,Intel,1.1 GHz,4.4,459.99,$,1000.0
dell,Latitude 3420 Laptop,14.0,Black,2000 GB,Core i5,32,Windows 11 Pro,Wifi & Bluetooth,Nvidia GeForce MX250,,,,1058.99,$,2000.0
rokc,,14.0,Blue,1000 GB,Intel Core i7,8,Windows 11,,Integrated,Intel,1.2 GHz,,589.99,$,1000.0
dell,Inspiron 3511 Laptop,15.0,Black,512 GB,Core i3,8,Windows 10 Home,Wifi & Bluetooth,Integrated,,,,591.99,$,512.0
dell,Latitude 3420 Laptop,14.0,,512 GB,Core i5,8,Windows 10 Pro,,Integrated,Intel Integrated Graphics,0.9 GHz,,1771.99,$,512.0
dell,Latitude 5430 Laptop,14.0,Black,256 GB,Core i5,,Windows 11 Pro,,Integrated,Intel Integrated Graphics,3.3 GHz,,938.99,$,256.0
